INTERNAL_LOCATION_ID,Warehouse,Zone,Aisle,Bay,Shelf,LocationName,SimpleLocationName,LocationType,ExcludeVerificationWhenPicking,PickSequence
4083,Ecommerce,1,X,1,0,1-X-1-0,1-X-1-0,PICK,FALSE,1
19281,Ecommerce,1,X,1,0,1-X-1-0-1,1-X-1-0-1,PICK,FALSE,1
19282,Ecommerce,1,X,1,0,1-X-1-0-2,1-X-1-0-2,PICK,FALSE,1
19283,Ecommerce,1,X,1,0,1-X-1-0-3,1-X-1-0-3,PICK,FALSE,1
19284,Ecommerce,1,X,1,0,1-X-1-0-4,1-X-1-0-4,PICK,FALSE,1
19285,Ecommerce,1,X,1,0,1-X-1-0-5,1-X-1-0-5,PICK,FALSE,1
19286,Ecommerce,1,X,1,0,1-X-1-0-6,1-X-1-0-6,PICK,FALSE,1
9176,Ecommerce,1,D,2,HANG,1-D-2-HANG,*1-D-2-HANG,PICK,FALSE,1
4087,Ecommerce,1,X,1,1,1-X-1-1,1-X-1-1,PICK,FALSE,2
19287,Ecommerce,1,X,1,1,1-X-1-1-1,1-X-1-1-1,PICK,FALSE,2
19288,Ecommerce,1,X,1,1,1-X-1-1-2,1-X-1-1-2,PICK,FALSE,2
19289,Ecommerce,1,X,1,1,1-X-1-1-3,1-X-1-1-3,PICK,FALSE,2
19290,Ecommerce,1,X,1,1,1-X-1-1-4,1-X-1-1-4,PICK,FALSE,2
19291,Ecommerce,1,X,1,1,1-X-1-1-5,1-X-1-1-5,PICK,FALSE,2
19292,Ecommerce,1,X,1,1,1-X-1-1-6,1-X-1-1-6,PICK,FALSE,2
4091,Ecommerce,1,X,1,2,1-X-1-2,1-X-1-2,PICK,FALSE,3
19293,Ecommerce,1,X,1,2,1-X-1-2-1,1-X-1-2-1,PICK,FALSE,3
19294,Ecommerce,1,X,1,2,1-X-1-2-2,1-X-1-2-2,PICK,FALSE,3
19295,Ecommerce,1,X,1,2,1-X-1-2-3,1-X-1-2-3,PICK,FALSE,3
19296,Ecommerce,1,X,1,2,1-X-1-2-4,1-X-1-2-4,PICK,FALSE,3
19297,Ecommerce,1,X,1,2,1-X-1-2-5,1-X-1-2-5,PICK,FALSE,3
19298,Ecommerce,1,X,1,2,1-X-1-2-6,1-X-1-2-6,PICK,FALSE,3
4095,Ecommerce,1,X,1,3,1-X-1-3,1-X-1-3,PICK,FALSE,4
19299,Ecommerce,1,X,1,3,1-X-1-3-1,1-X-1-3-1,PICK,FALSE,4
19300,Ecommerce,1,X,1,3,1-X-1-3-2,1-X-1-3-2,PICK,FALSE,4
19301,Ecommerce,1,X,1,3,1-X-1-3-3,1-X-1-3-3,PICK,FALSE,4
19302,Ecommerce,1,X,1,3,1-X-1-3-4,1-X-1-3-4,PICK,FALSE,4
19303,Ecommerce,1,X,1,3,1-X-1-3-5,1-X-1-3-5,PICK,FALSE,4
19304,Ecommerce,1,X,1,3,1-X-1-3-6,1-X-1-3-6,PICK,FALSE,4
19305,Ecommerce,1,X,2,0,1-X-2-0-1,1-X-2-0-1,PICK,FALSE,5
19306,Ecommerce,1,X,2,0,1-X-2-0-2,1-X-2-0-2,PICK,FALSE,5
19307,Ecommerce,1,X,2,0,1-X-2-0-3,1-X-2-0-3,PICK,FALSE,5
19308,Ecommerce,1,X,2,0,1-X-2-0-4,1-X-2-0-4,PICK,FALSE,5
19309,Ecommerce,1,X,2,0,1-X-2-0-5,1-X-2-0-5,PICK,FALSE,5
19310,Ecommerce,1,X,2,0,1-X-2-0-6,1-X-2-0-6,PICK,FALSE,5
4084,Ecommerce,1,X,2,0,1-X-2-0,1-X-2-0,PICK,FALSE,5
19311,Ecommerce,1,X,2,1,1-X-2-1-1,1-X-2-1-1,PICK,FALSE,6
19312,Ecommerce,1,X,2,1,1-X-2-1-2,1-X-2-1-2,PICK,FALSE,6
19313,Ecommerce,1,X,2,1,1-X-2-1-3,1-X-2-1-3,PICK,FALSE,6
19314,Ecommerce,1,X,2,1,1-X-2-1-4,1-X-2-1-4,PICK,FALSE,6
19315,Ecommerce,1,X,2,1,1-X-2-1-5,1-X-2-1-5,PICK,FALSE,6
19316,Ecommerce,1,X,2,1,1-X-2-1-6,1-X-2-1-6,PICK,FALSE,6
4088,Ecommerce,1,X,2,1,1-X-2-1,1-X-2-1,PICK,FALSE,6
19317,Ecommerce,1,X,2,2,1-X-2-2-1,1-X-2-2-1,PICK,FALSE,7
19318,Ecommerce,1,X,2,2,1-X-2-2-2,1-X-2-2-2,PICK,FALSE,7
19319,Ecommerce,1,X,2,2,1-X-2-2-3,1-X-2-2-3,PICK,FALSE,7
19320,Ecommerce,1,X,2,2,1-X-2-2-4,1-X-2-2-4,PICK,FALSE,7
19321,Ecommerce,1,X,2,2,1-X-2-2-5,1-X-2-2-5,PICK,FALSE,7
19322,Ecommerce,1,X,2,2,1-X-2-2-6,1-X-2-2-6,PICK,FALSE,7
4092,Ecommerce,1,X,2,2,1-X-2-2,1-X-2-2,PICK,FALSE,7
19323,Ecommerce,1,X,2,3,1-X-2-3-1,1-X-2-3-1,PICK,FALSE,8
19324,Ecommerce,1,X,2,3,1-X-2-3-2,1-X-2-3-2,PICK,FALSE,8
19325,Ecommerce,1,X,2,3,1-X-2-3-3,1-X-2-3-3,PICK,FALSE,8
19326,Ecommerce,1,X,2,3,1-X-2-3-4,1-X-2-3-4,PICK,FALSE,8
19327,Ecommerce,1,X,2,3,1-X-2-3-5,1-X-2-3-5,PICK,FALSE,8
19328,Ecommerce,1,X,2,3,1-X-2-3-6,1-X-2-3-6,PICK,FALSE,8
4096,Ecommerce,1,X,2,3,1-X-2-3,1-X-2-3,PICK,FALSE,8
4085,Ecommerce,1,X,3,0,1-X-3-0,1-X-3-0,PICK,FALSE,9
19329,Ecommerce,1,X,3,0,1-X-3-0-1,* 1-X-3-0-1,PICK,FALSE,9
19330,Ecommerce,1,X,3,0,1-X-3-0-2,* 1-X-3-0-2,PICK,FALSE,9
19331,Ecommerce,1,X,3,0,1-X-3-0-3,* 1-X-3-0-3,PICK,FALSE,9
19332,Ecommerce,1,X,3,0,1-X-3-0-4,* 1-X-3-0-4,PICK,FALSE,9
19333,Ecommerce,1,X,3,0,1-X-3-0-5,* 1-X-3-0-5,PICK,FALSE,9
19334,Ecommerce,1,X,3,0,1-X-3-0-6,* 1-X-3-0-6,PICK,FALSE,9
4089,Ecommerce,1,X,3,1,1-X-3-1,1-X-3-1,PICK,FALSE,10
19335,Ecommerce,1,X,3,1,1-X-3-1-1,* 1-X-3-1-1,PICK,FALSE,10
19336,Ecommerce,1,X,3,1,1-X-3-1-2,* 1-X-3-1-2,PICK,FALSE,10
19337,Ecommerce,1,X,3,1,1-X-3-1-3,* 1-X-3-1-3,PICK,FALSE,10
19338,Ecommerce,1,X,3,1,1-X-3-1-4,* 1-X-3-1-4,PICK,FALSE,10
19339,Ecommerce,1,X,3,1,1-X-3-1-5,* 1-X-3-1-5,PICK,FALSE,10
19340,Ecommerce,1,X,3,1,1-X-3-1-6,* 1-X-3-1-6,PICK,FALSE,10
4093,Ecommerce,1,X,3,2,1-X-3-2,1-X-3-2,PICK,FALSE,11
19341,Ecommerce,1,X,3,2,1-X-3-2-1,* 1-X-3-2-1,PICK,FALSE,11
19342,Ecommerce,1,X,3,2,1-X-3-2-2,* 1-X-3-2-2,PICK,FALSE,11
19343,Ecommerce,1,X,3,2,1-X-3-2-3,* 1-X-3-2-3,PICK,FALSE,11
19344,Ecommerce,1,X,3,2,1-X-3-2-4,* 1-X-3-2-4,PICK,FALSE,11
19345,Ecommerce,1,X,3,2,1-X-3-2-5,* 1-X-3-2-5,PICK,FALSE,11
19346,Ecommerce,1,X,3,2,1-X-3-2-6,* 1-X-3-2-6,PICK,FALSE,11
4097,Ecommerce,1,X,3,3,1-X-3-3,1-X-3-3,PICK,FALSE,12
19347,Ecommerce,1,X,3,3,1-X-3-3-1,* 1-X-3-3-1,PICK,FALSE,12
19348,Ecommerce,1,X,3,3,1-X-3-3-2,* 1-X-3-3-2,PICK,FALSE,12
19349,Ecommerce,1,X,3,3,1-X-3-3-3,* 1-X-3-3-3,PICK,FALSE,12
19350,Ecommerce,1,X,3,3,1-X-3-3-4,* 1-X-3-3-4,PICK,FALSE,12
19351,Ecommerce,1,X,3,3,1-X-3-3-5,* 1-X-3-3-5,PICK,FALSE,12
19352,Ecommerce,1,X,3,3,1-X-3-3-6,* 1-X-3-3-6,PICK,FALSE,12
4086,Ecommerce,1,X,4,0,1-X-4-0,1-X-4-0,PICK,FALSE,13
20193,Ecommerce,1,X,4,1,1-X-4-1-1,1-X-4-1-1,PICK,FALSE,14
20194,Ecommerce,1,X,4,1,1-X-4-1-2,1-X-4-1-2,PICK,FALSE,14
20195,Ecommerce,1,X,4,1,1-X-4-1-3,1-X-4-1-3,PICK,FALSE,14
20196,Ecommerce,1,X,4,1,1-X-4-1-4,1-X-4-1-4,PICK,FALSE,14
20197,Ecommerce,1,X,4,1,1-X-4-1-5,1-X-4-1-5,PICK,FALSE,14
20198,Ecommerce,1,X,4,1,1-X-4-1-6,1-X-4-1-6,PICK,FALSE,14
4090,Ecommerce,1,X,4,1,1-X-4-1,1-X-4-1,PICK,FALSE,14
20199,Ecommerce,1,X,4,2,1-X-4-2-1,1-X-4-2-1,PICK,FALSE,15
20200,Ecommerce,1,X,4,2,1-X-4-2-2,1-X-4-2-2,PICK,FALSE,15
20201,Ecommerce,1,X,4,2,1-X-4-2-3,1-X-4-2-3,PICK,FALSE,15
20202,Ecommerce,1,X,4,2,1-X-4-2-4,1-X-4-2-4,PICK,FALSE,15
20203,Ecommerce,1,X,4,2,1-X-4-2-5,1-X-4-2-5,PICK,FALSE,15
20204,Ecommerce,1,X,4,2,1-X-4-2-6,1-X-4-2-6,PICK,FALSE,15
4094,Ecommerce,1,X,4,2,1-X-4-2,1-X-4-2,PICK,FALSE,15
20205,Ecommerce,1,X,4,3,1-X-4-3-1,1-X-4-3-1,PICK,FALSE,16
20206,Ecommerce,1,X,4,3,1-X-4-3-2,1-X-4-3-2,PICK,FALSE,16
20207,Ecommerce,1,X,4,3,1-X-4-3-3,1-X-4-3-3,PICK,FALSE,16
20208,Ecommerce,1,X,4,3,1-X-4-3-4,1-X-4-3-4,PICK,FALSE,16
20209,Ecommerce,1,X,4,3,1-X-4-3-5,1-X-4-3-5,PICK,FALSE,16
20210,Ecommerce,1,X,4,3,1-X-4-3-6,1-X-4-3-6,PICK,FALSE,16
4098,Ecommerce,1,X,4,3,1-X-4-3,1-X-4-3,PICK,FALSE,16
4066,Ecommerce,1,W,4,0,1-W-4-0,1-W-4-0,PICK,FALSE,17
20175,Ecommerce,1,W,4,1,1-W-4-1-1,1-W-4-1-1,PICK,FALSE,18
20176,Ecommerce,1,W,4,1,1-W-4-1-2,1-W-4-1-2,PICK,FALSE,18
20177,Ecommerce,1,W,4,1,1-W-4-1-3,1-W-4-1-3,PICK,FALSE,18
20178,Ecommerce,1,W,4,1,1-W-4-1-4,1-W-4-1-4,PICK,FALSE,18
20179,Ecommerce,1,W,4,1,1-W-4-1-5,1-W-4-1-5,PICK,FALSE,18
20180,Ecommerce,1,W,4,1,1-W-4-1-6,1-W-4-1-6,PICK,FALSE,18
4070,Ecommerce,1,W,4,1,1-W-4-1,1-W-4-1,PICK,FALSE,18
20181,Ecommerce,1,W,4,2,1-W-4-2-1,1-W-4-2-1,PICK,FALSE,19
20182,Ecommerce,1,W,4,2,1-W-4-2-2,1-W-4-2-2,PICK,FALSE,19
20183,Ecommerce,1,W,4,2,1-W-4-2-3,1-W-4-2-3,PICK,FALSE,19
20184,Ecommerce,1,W,4,2,1-W-4-2-4,1-W-4-2-4,PICK,FALSE,19
20185,Ecommerce,1,W,4,2,1-W-4-2-5,1-W-4-2-5,PICK,FALSE,19
20186,Ecommerce,1,W,4,2,1-W-4-2-6,1-W-4-2-6,PICK,FALSE,19
4074,Ecommerce,1,W,4,2,1-W-4-2,1-W-4-2,PICK,FALSE,19
20187,Ecommerce,1,W,4,3,1-W-4-3-1,1-W-4-3-1,PICK,FALSE,20
20188,Ecommerce,1,W,4,3,1-W-4-3-2,1-W-4-3-2,PICK,FALSE,20
20189,Ecommerce,1,W,4,3,1-W-4-3-3,1-W-4-3-3,PICK,FALSE,20
20190,Ecommerce,1,W,4,3,1-W-4-3-4,1-W-4-3-4,PICK,FALSE,20
20191,Ecommerce,1,W,4,3,1-W-4-3-5,1-W-4-3-5,PICK,FALSE,20
20192,Ecommerce,1,W,4,3,1-W-4-3-6,1-W-4-3-6,PICK,FALSE,20
4078,Ecommerce,1,W,4,3,1-W-4-3,1-W-4-3,PICK,FALSE,20
19449,Ecommerce,1,W,3,0,1-W-3-0-1,1-W-3-0-1,PICK,FALSE,21
19450,Ecommerce,1,W,3,0,1-W-3-0-2,1-W-3-0-2,PICK,FALSE,21
19451,Ecommerce,1,W,3,0,1-W-3-0-3,1-W-3-0-3,PICK,FALSE,21
19452,Ecommerce,1,W,3,0,1-W-3-0-4,1-W-3-0-4,PICK,FALSE,21
19453,Ecommerce,1,W,3,0,1-W-3-0-5,1-W-3-0-5,PICK,FALSE,21
19454,Ecommerce,1,W,3,0,1-W-3-0-6,1-W-3-0-6,PICK,FALSE,21
4065,Ecommerce,1,W,3,0,1-W-3-0,1-W-3-0,PICK,FALSE,21
4069,Ecommerce,1,W,3,1,1-W-3-1,1-W-3-1,PICK,FALSE,22
19455,Ecommerce,1,W,3,1,1-W-3-1-1,1-W-3-1-1,PICK,FALSE,22
19456,Ecommerce,1,W,3,1,1-W-3-1-2,1-W-3-1-2,PICK,FALSE,22
19457,Ecommerce,1,W,3,1,1-W-3-1-3,1-W-3-1-3,PICK,FALSE,22
19458,Ecommerce,1,W,3,1,1-W-3-1-4,1-W-3-1-4,PICK,FALSE,22
19459,Ecommerce,1,W,3,1,1-W-3-1-5,1-W-3-1-5,PICK,FALSE,22
19460,Ecommerce,1,W,3,1,1-W-3-1-6,1-W-3-1-6,PICK,FALSE,22
4073,Ecommerce,1,W,3,2,1-W-3-2,1-W-3-2,PICK,FALSE,23
19461,Ecommerce,1,W,3,2,1-W-3-2-1,1-W-3-2-1,PICK,FALSE,23
19462,Ecommerce,1,W,3,2,1-W-3-2-2,1-W-3-2-2,PICK,FALSE,23
19463,Ecommerce,1,W,3,2,1-W-3-2-3,1-W-3-2-3,PICK,FALSE,23
19464,Ecommerce,1,W,3,2,1-W-3-2-4,1-W-3-2-4,PICK,FALSE,23
19465,Ecommerce,1,W,3,2,1-W-3-2-5,1-W-3-2-5,PICK,FALSE,23
19466,Ecommerce,1,W,3,2,1-W-3-2-6,1-W-3-2-6,PICK,FALSE,23
4077,Ecommerce,1,W,3,3,1-W-3-3,1-W-3-3,PICK,FALSE,24
19467,Ecommerce,1,W,3,3,1-W-3-3-1,1-W-3-3-1,PICK,FALSE,24
19468,Ecommerce,1,W,3,3,1-W-3-3-2,1-W-3-3-2,PICK,FALSE,24
19469,Ecommerce,1,W,3,3,1-W-3-3-3,1-W-3-3-3,PICK,FALSE,24
19470,Ecommerce,1,W,3,3,1-W-3-3-4,1-W-3-3-4,PICK,FALSE,24
19471,Ecommerce,1,W,3,3,1-W-3-3-5,1-W-3-3-5,PICK,FALSE,24
19472,Ecommerce,1,W,3,3,1-W-3-3-6,1-W-3-3-6,PICK,FALSE,24
4064,Ecommerce,1,W,2,0,1-W-2-0,1-W-2-0,PICK,FALSE,25
19425,Ecommerce,1,W,2,0,1-W-2-0-1,1-W-2-0-1,PICK,FALSE,25
19426,Ecommerce,1,W,2,0,1-W-2-0-2,1-W-2-0-2,PICK,FALSE,25
19427,Ecommerce,1,W,2,0,1-W-2-0-3,1-W-2-0-3,PICK,FALSE,25
19428,Ecommerce,1,W,2,0,1-W-2-0-4,1-W-2-0-4,PICK,FALSE,25
19429,Ecommerce,1,W,2,0,1-W-2-0-5,1-W-2-0-5,PICK,FALSE,25
19430,Ecommerce,1,W,2,0,1-W-2-0-6,1-W-2-0-6,PICK,FALSE,25
19431,Ecommerce,1,W,2,1,1-W-2-1-1,1-W-2-1-1,PICK,FALSE,26
19432,Ecommerce,1,W,2,1,1-W-2-1-2,1-W-2-1-2,PICK,FALSE,26
19433,Ecommerce,1,W,2,1,1-W-2-1-3,1-W-2-1-3,PICK,FALSE,26
19434,Ecommerce,1,W,2,1,1-W-2-1-4,1-W-2-1-4,PICK,FALSE,26
19435,Ecommerce,1,W,2,1,1-W-2-1-5,1-W-2-1-5,PICK,FALSE,26
19436,Ecommerce,1,W,2,1,1-W-2-1-6,1-W-2-1-6,PICK,FALSE,26
4068,Ecommerce,1,W,2,1,1-W-2-1,1-W-2-1,PICK,FALSE,26
19437,Ecommerce,1,W,2,2,1-W-2-2-1,1-W-2-2-1,PICK,FALSE,27
19438,Ecommerce,1,W,2,2,1-W-2-2-2,1-W-2-2-2,PICK,FALSE,27
19439,Ecommerce,1,W,2,2,1-W-2-2-3,1-W-2-2-3,PICK,FALSE,27
19440,Ecommerce,1,W,2,2,1-W-2-2-4,1-W-2-2-4,PICK,FALSE,27
19441,Ecommerce,1,W,2,2,1-W-2-2-5,1-W-2-2-5,PICK,FALSE,27
19442,Ecommerce,1,W,2,2,1-W-2-2-6,1-W-2-2-6,PICK,FALSE,27
4072,Ecommerce,1,W,2,2,1-W-2-2,1-W-2-2,PICK,FALSE,27
19443,Ecommerce,1,W,2,3,1-W-2-3-1,1-W-2-3-1,PICK,FALSE,28
19444,Ecommerce,1,W,2,3,1-W-2-3-2,1-W-2-3-2,PICK,FALSE,28
19445,Ecommerce,1,W,2,3,1-W-2-3-3,1-W-2-3-3,PICK,FALSE,28
19446,Ecommerce,1,W,2,3,1-W-2-3-4,1-W-2-3-4,PICK,FALSE,28
19447,Ecommerce,1,W,2,3,1-W-2-3-5,1-W-2-3-5,PICK,FALSE,28
19448,Ecommerce,1,W,2,3,1-W-2-3-6,1-W-2-3-6,PICK,FALSE,28
4076,Ecommerce,1,W,2,3,1-W-2-3,1-W-2-3,PICK,FALSE,28
19401,Ecommerce,1,W,1,0,1-W-1-0-1,1-W-1-0-1,PICK,FALSE,29
19402,Ecommerce,1,W,1,0,1-W-1-0-2,1-W-1-0-2,PICK,FALSE,29
19403,Ecommerce,1,W,1,0,1-W-1-0-3,1-W-1-0-3,PICK,FALSE,29
19404,Ecommerce,1,W,1,0,1-W-1-0-4,1-W-1-0-4,PICK,FALSE,29
19405,Ecommerce,1,W,1,0,1-W-1-0-5,1-W-1-0-5,PICK,FALSE,29
19406,Ecommerce,1,W,1,0,1-W-1-0-6,1-W-1-0-6,PICK,FALSE,29
4063,Ecommerce,1,W,1,0,1-W-1-0,1-W-1-0,PICK,FALSE,29
4067,Ecommerce,1,W,1,1,1-W-1-1,1-W-1-1,PICK,FALSE,30
19407,Ecommerce,1,W,1,1,1-W-1-1-1,1-W-1-1-1,PICK,FALSE,30
19408,Ecommerce,1,W,1,1,1-W-1-1-2,1-W-1-1-2,PICK,FALSE,30
19409,Ecommerce,1,W,1,1,1-W-1-1-3,1-W-1-1-3,PICK,FALSE,30
19410,Ecommerce,1,W,1,1,1-W-1-1-4,1-W-1-1-4,PICK,FALSE,30
19411,Ecommerce,1,W,1,1,1-W-1-1-5,1-W-1-1-5,PICK,FALSE,30
19412,Ecommerce,1,W,1,1,1-W-1-1-6,1-W-1-1-6,PICK,FALSE,30
4071,Ecommerce,1,W,1,2,1-W-1-2,1-W-1-2,PICK,FALSE,31
19413,Ecommerce,1,W,1,2,1-W-1-2-1,1-W-1-2-1,PICK,FALSE,31
19414,Ecommerce,1,W,1,2,1-W-1-2-2,1-W-1-2-2,PICK,FALSE,31
19415,Ecommerce,1,W,1,2,1-W-1-2-3,1-W-1-2-3,PICK,FALSE,31
19416,Ecommerce,1,W,1,2,1-W-1-2-4,1-W-1-2-4,PICK,FALSE,31
19417,Ecommerce,1,W,1,2,1-W-1-2-5,1-W-1-2-5,PICK,FALSE,31
19418,Ecommerce,1,W,1,2,1-W-1-2-6,1-W-1-2-6,PICK,FALSE,31
4075,Ecommerce,1,W,1,3,1-W-1-3,1-W-1-3,PICK,FALSE,32
19419,Ecommerce,1,W,1,3,1-W-1-3-1,1-W-1-3-1,PICK,FALSE,32
19420,Ecommerce,1,W,1,3,1-W-1-3-2,1-W-1-3-2,PICK,FALSE,32
19421,Ecommerce,1,W,1,3,1-W-1-3-3,1-W-1-3-3,PICK,FALSE,32
19422,Ecommerce,1,W,1,3,1-W-1-3-4,1-W-1-3-4,PICK,FALSE,32
19423,Ecommerce,1,W,1,3,1-W-1-3-5,1-W-1-3-5,PICK,FALSE,32
19424,Ecommerce,1,W,1,3,1-W-1-3-6,1-W-1-3-6,PICK,FALSE,32
4043,Ecommerce,1,V,1,0,1-V-1-0,1-V-1-0,PICK,FALSE,33
4047,Ecommerce,1,V,1,1,1-V-1-1,1-V-1-1,PICK,FALSE,34
4051,Ecommerce,1,V,1,2,1-V-1-2,1-V-1-2,PICK,FALSE,35
4055,Ecommerce,1,V,1,3,1-V-1-3,1-V-1-3,PICK,FALSE,36
4044,Ecommerce,1,V,2,0,1-V-2-0,1-V-2-0,PICK,FALSE,37
4048,Ecommerce,1,V,2,1,1-V-2-1,1-V-2-1,PICK,FALSE,38
4052,Ecommerce,1,V,2,2,1-V-2-2,1-V-2-2,PICK,FALSE,39
4056,Ecommerce,1,V,2,3,1-V-2-3,1-V-2-3,PICK,FALSE,40
4045,Ecommerce,1,V,3,0,1-V-3-0,1-V-3-0,PICK,FALSE,41
4049,Ecommerce,1,V,3,1,1-V-3-1,1-V-3-1,PICK,FALSE,42
4053,Ecommerce,1,V,3,2,1-V-3-2,1-V-3-2,PICK,FALSE,43
4057,Ecommerce,1,V,3,3,1-V-3-3,1-V-3-3,PICK,FALSE,44
4046,Ecommerce,1,V,4,0,1-V-4-0,1-V-4-0,PICK,FALSE,45
19513,Ecommerce,1,V,4,0,1-V-4-0-1,1-V-4-0-1,PICK,FALSE,45
19514,Ecommerce,1,V,4,0,1-V-4-0-2,1-V-4-0-2,PICK,FALSE,45
19515,Ecommerce,1,V,4,0,1-V-4-0-3,1-V-4-0-3,PICK,FALSE,45
19516,Ecommerce,1,V,4,0,1-V-4-0-4,1-V-4-0-4,PICK,FALSE,45
19517,Ecommerce,1,V,4,0,1-V-4-0-5,1-V-4-0-5,PICK,FALSE,45
19518,Ecommerce,1,V,4,0,1-V-4-0-6,1-V-4-0-6,PICK,FALSE,45
4050,Ecommerce,1,V,4,1,1-V-4-1,1-V-4-1,PICK,FALSE,46
19519,Ecommerce,1,V,4,1,1-V-4-1-1,1-V-4-1-1,PICK,FALSE,46
19520,Ecommerce,1,V,4,1,1-V-4-1-2,1-V-4-1-2,PICK,FALSE,46
19521,Ecommerce,1,V,4,1,1-V-4-1-3,1-V-4-1-3,PICK,FALSE,46
19522,Ecommerce,1,V,4,1,1-V-4-1-4,1-V-4-1-4,PICK,FALSE,46
19523,Ecommerce,1,V,4,1,1-V-4-1-5,1-V-4-1-5,PICK,FALSE,46
19524,Ecommerce,1,V,4,1,1-V-4-1-6,1-V-4-1-6,PICK,FALSE,46
4054,Ecommerce,1,V,4,2,1-V-4-2,1-V-4-2,PICK,FALSE,47
19525,Ecommerce,1,V,4,2,1-V-4-2-1,1-V-4-2-1,PICK,FALSE,47
19526,Ecommerce,1,V,4,2,1-V-4-2-2,1-V-4-2-2,PICK,FALSE,47
19527,Ecommerce,1,V,4,2,1-V-4-2-3,1-V-4-2-3,PICK,FALSE,47
19528,Ecommerce,1,V,4,2,1-V-4-2-4,1-V-4-2-4,PICK,FALSE,47
19529,Ecommerce,1,V,4,2,1-V-4-2-5,1-V-4-2-5,PICK,FALSE,47
19530,Ecommerce,1,V,4,2,1-V-4-2-6,1-V-4-2-6,PICK,FALSE,47
4058,Ecommerce,1,V,4,3,1-V-4-3,1-V-4-3,PICK,FALSE,48
19531,Ecommerce,1,V,4,3,1-V-4-3-1,1-V-4-3-1,PICK,FALSE,48
19532,Ecommerce,1,V,4,3,1-V-4-3-2,1-V-4-3-2,PICK,FALSE,48
19533,Ecommerce,1,V,4,3,1-V-4-3-3,1-V-4-3-3,PICK,FALSE,48
19534,Ecommerce,1,V,4,3,1-V-4-3-4,1-V-4-3-4,PICK,FALSE,48
19535,Ecommerce,1,V,4,3,1-V-4-3-5,1-V-4-3-5,PICK,FALSE,48
19536,Ecommerce,1,V,4,3,1-V-4-3-6,1-V-4-3-6,PICK,FALSE,48
4026,Ecommerce,1,U,4,0,1-U-4-0,1-U-4-0,PICK,FALSE,49
19549,Ecommerce,1,U,4,0,1-U-4-0-1,1-U-4-0-1,PICK,FALSE,49
19550,Ecommerce,1,U,4,0,1-U-4-0-2,1-U-4-0-2,PICK,FALSE,49
19551,Ecommerce,1,U,4,0,1-U-4-0-3,1-U-4-0-3,PICK,FALSE,49
19552,Ecommerce,1,U,4,0,1-U-4-0-4,1-U-4-0-4,PICK,FALSE,49
19553,Ecommerce,1,U,4,0,1-U-4-0-5,1-U-4-0-5,PICK,FALSE,49
19554,Ecommerce,1,U,4,0,1-U-4-0-6,1-U-4-0-6,PICK,FALSE,49
4030,Ecommerce,1,U,4,1,1-U-4-1,1-U-4-1,PICK,FALSE,50
19555,Ecommerce,1,U,4,1,1-U-4-1-1,1-U-4-1-1,PICK,FALSE,50
19556,Ecommerce,1,U,4,1,1-U-4-1-2,1-U-4-1-2,PICK,FALSE,50
19557,Ecommerce,1,U,4,1,1-U-4-1-3,1-U-4-1-3,PICK,FALSE,50
19558,Ecommerce,1,U,4,1,1-U-4-1-4,1-U-4-1-4,PICK,FALSE,50
19559,Ecommerce,1,U,4,1,1-U-4-1-5,1-U-4-1-5,PICK,FALSE,50
19560,Ecommerce,1,U,4,1,1-U-4-1-6,1-U-4-1-6,PICK,FALSE,50
4034,Ecommerce,1,U,4,2,1-U-4-2,1-U-4-2,PICK,FALSE,51
19561,Ecommerce,1,U,4,2,1-U-4-2-1,1-U-4-2-1,PICK,FALSE,51
19562,Ecommerce,1,U,4,2,1-U-4-2-2,1-U-4-2-2,PICK,FALSE,51
19563,Ecommerce,1,U,4,2,1-U-4-2-3,1-U-4-2-3,PICK,FALSE,51
19564,Ecommerce,1,U,4,2,1-U-4-2-4,1-U-4-2-4,PICK,FALSE,51
19565,Ecommerce,1,U,4,2,1-U-4-2-5,1-U-4-2-5,PICK,FALSE,51
19566,Ecommerce,1,U,4,2,1-U-4-2-6,1-U-4-2-6,PICK,FALSE,51
4038,Ecommerce,1,U,4,3,1-U-4-3,1-U-4-3,PICK,FALSE,52
19567,Ecommerce,1,U,4,3,1-U-4-3-1,1-U-4-3-1,PICK,FALSE,52
19568,Ecommerce,1,U,4,3,1-U-4-3-2,1-U-4-3-2,PICK,FALSE,52
19569,Ecommerce,1,U,4,3,1-U-4-3-3,1-U-4-3-3,PICK,FALSE,52
19570,Ecommerce,1,U,4,3,1-U-4-3-4,1-U-4-3-4,PICK,FALSE,52
19571,Ecommerce,1,U,4,3,1-U-4-3-5,1-U-4-3-5,PICK,FALSE,52
19572,Ecommerce,1,U,4,3,1-U-4-3-6,1-U-4-3-6,PICK,FALSE,52
4025,Ecommerce,1,U,3,0,1-U-3-0,1-U-3-0,PICK,FALSE,53
4029,Ecommerce,1,U,3,1,1-U-3-1,1-U-3-1,PICK,FALSE,54
4033,Ecommerce,1,U,3,2,1-U-3-2,1-U-3-2,PICK,FALSE,55
4037,Ecommerce,1,U,3,3,1-U-3-3,1-U-3-3,PICK,FALSE,56
4024,Ecommerce,1,U,2,0,1-U-2-0,1-U-2-0,PICK,FALSE,57
4028,Ecommerce,1,U,2,1,1-U-2-1,1-U-2-1,PICK,FALSE,58
4032,Ecommerce,1,U,2,2,1-U-2-2,1-U-2-2,PICK,FALSE,59
4036,Ecommerce,1,U,2,3,1-U-2-3,1-U-2-3,PICK,FALSE,60
4023,Ecommerce,1,U,1,0,1-U-1-0,1-U-1-0,PICK,FALSE,61
4027,Ecommerce,1,U,1,1,1-U-1-1,1-U-1-1,PICK,FALSE,62
4031,Ecommerce,1,U,1,2,1-U-1-2,1-U-1-2,PICK,FALSE,63
4035,Ecommerce,1,U,1,3,1-U-1-3,1-U-1-3,PICK,FALSE,64
3998,Ecommerce,1,T,1,0,1-T-1-0,1-T-1-0,PICK,FALSE,65
4003,Ecommerce,1,T,1,1,1-T-1-1,1-T-1-1,PICK,FALSE,66
4008,Ecommerce,1,T,1,2,1-T-1-2,1-T-1-2,PICK,FALSE,67
4013,Ecommerce,1,T,1,3,1-T-1-3,1-T-1-3,PICK,FALSE,68
3999,Ecommerce,1,T,2,0,1-T-2-0,1-T-2-0,PICK,FALSE,69
4004,Ecommerce,1,T,2,1,1-T-2-1,1-T-2-1,PICK,FALSE,70
4009,Ecommerce,1,T,2,2,1-T-2-2,1-T-2-2,PICK,FALSE,71
4014,Ecommerce,1,T,2,3,1-T-2-3,1-T-2-3,PICK,FALSE,72
4000,Ecommerce,1,T,3,0,1-T-3-0,1-T-3-0,PICK,FALSE,73
4005,Ecommerce,1,T,3,1,1-T-3-1,1-T-3-1,PICK,FALSE,74
4010,Ecommerce,1,T,3,2,1-T-3-2,1-T-3-2,PICK,FALSE,75
4015,Ecommerce,1,T,3,3,1-T-3-3,1-T-3-3,PICK,FALSE,76
4001,Ecommerce,1,T,4,0,1-T-4-0,1-T-4-0,PICK,FALSE,77
4006,Ecommerce,1,T,4,1,1-T-4-1,1-T-4-1,PICK,FALSE,78
4011,Ecommerce,1,T,4,2,1-T-4-2,1-T-4-2,PICK,FALSE,79
4016,Ecommerce,1,T,4,3,1-T-4-3,1-T-4-3,PICK,FALSE,80
4002,Ecommerce,1,T,5,0,1-T-5-0,1-T-5-0,PICK,FALSE,81
4007,Ecommerce,1,T,5,1,1-T-5-1,1-T-5-1,PICK,FALSE,82
4012,Ecommerce,1,T,5,2,1-T-5-2,1-T-5-2,PICK,FALSE,83
4017,Ecommerce,1,T,5,3,1-T-5-3,1-T-5-3,PICK,FALSE,84
3977,Ecommerce,1,S,5,0,1-S-5-0,1-S-5-0,PICK,FALSE,85
3982,Ecommerce,1,S,5,1,1-S-5-1,1-S-5-1,PICK,FALSE,86
3987,Ecommerce,1,S,5,2,1-S-5-2,1-S-5-2,PICK,FALSE,87
3992,Ecommerce,1,S,5,3,1-S-5-3,1-S-5-3,PICK,FALSE,88
3976,Ecommerce,1,S,4,0,1-S-4-0,1-S-4-0,PICK,FALSE,89
3981,Ecommerce,1,S,4,1,1-S-4-1,1-S-4-1,PICK,FALSE,90
3986,Ecommerce,1,S,4,2,1-S-4-2,1-S-4-2,PICK,FALSE,91
3991,Ecommerce,1,S,4,3,1-S-4-3,1-S-4-3,PICK,FALSE,92
3975,Ecommerce,1,S,3,0,1-S-3-0,1-S-3-0,PICK,FALSE,93
3980,Ecommerce,1,S,3,1,1-S-3-1,1-S-3-1,PICK,FALSE,94
3985,Ecommerce,1,S,3,2,1-S-3-2,1-S-3-2,PICK,FALSE,95
3990,Ecommerce,1,S,3,3,1-S-3-3,1-S-3-3,PICK,FALSE,96
3974,Ecommerce,1,S,2,0,1-S-2-0,1-S-2-0,PICK,FALSE,97
3979,Ecommerce,1,S,2,1,1-S-2-1,1-S-2-1,PICK,FALSE,98
3984,Ecommerce,1,S,2,2,1-S-2-2,1-S-2-2,PICK,FALSE,99
3989,Ecommerce,1,S,2,3,1-S-2-3,1-S-2-3,PICK,FALSE,100
3973,Ecommerce,1,S,1,0,1-S-1-0,1-S-1-0,PICK,FALSE,101
3978,Ecommerce,1,S,1,1,1-S-1-1,1-S-1-1,PICK,FALSE,102
3983,Ecommerce,1,S,1,2,1-S-1-2,1-S-1-2,PICK,FALSE,103
3988,Ecommerce,1,S,1,3,1-S-1-3,1-S-1-3,PICK,FALSE,104
3952,Ecommerce,1,R,5,0,1-R-5-0,1-R-5-0,PICK,FALSE,105
3957,Ecommerce,1,R,5,1,1-R-5-1,1-R-5-1,PICK,FALSE,106
3962,Ecommerce,1,R,5,2,1-R-5-2,1-R-5-2,PICK,FALSE,107
3967,Ecommerce,1,R,5,3,1-R-5-3,1-R-5-3,PICK,FALSE,108
3951,Ecommerce,1,R,4,0,1-R-4-0,1-R-4-0,PICK,FALSE,109
3956,Ecommerce,1,R,4,1,1-R-4-1,1-R-4-1,PICK,FALSE,110
3961,Ecommerce,1,R,4,2,1-R-4-2,1-R-4-2,PICK,FALSE,111
3966,Ecommerce,1,R,4,3,1-R-4-3,1-R-4-3,PICK,FALSE,112
3950,Ecommerce,1,R,3,0,1-R-3-0,1-R-3-0,PICK,FALSE,113
3955,Ecommerce,1,R,3,1,1-R-3-1,1-R-3-1,PICK,FALSE,114
3960,Ecommerce,1,R,3,2,1-R-3-2,1-R-3-2,PICK,FALSE,115
3965,Ecommerce,1,R,3,3,1-R-3-3,1-R-3-3,PICK,FALSE,116
3949,Ecommerce,1,R,2,0,1-R-2-0,1-R-2-0,PICK,FALSE,117
3954,Ecommerce,1,R,2,1,1-R-2-1,1-R-2-1,PICK,FALSE,118
3959,Ecommerce,1,R,2,2,1-R-2-2,1-R-2-2,PICK,FALSE,119
3964,Ecommerce,1,R,2,3,1-R-2-3,1-R-2-3,PICK,FALSE,120
3948,Ecommerce,1,R,1,0,1-R-1-0,1-R-1-0,PICK,FALSE,121
3953,Ecommerce,1,R,1,1,1-R-1-1,1-R-1-1,PICK,FALSE,122
3958,Ecommerce,1,R,1,2,1-R-1-2,1-R-1-2,PICK,FALSE,123
3963,Ecommerce,1,R,1,3,1-R-1-3,1-R-1-3,PICK,FALSE,124
3923,Ecommerce,1,Q,1,0,1-Q-1-0,1-Q-1-0,PICK,FALSE,125
3928,Ecommerce,1,Q,1,1,1-Q-1-1,1-Q-1-1,PICK,FALSE,126
3933,Ecommerce,1,Q,1,2,1-Q-1-2,1-Q-1-2,PICK,FALSE,127
3938,Ecommerce,1,Q,1,3,1-Q-1-3,1-Q-1-3,PICK,FALSE,128
3924,Ecommerce,1,Q,2,0,1-Q-2-0,1-Q-2-0,PICK,FALSE,129
3929,Ecommerce,1,Q,2,1,1-Q-2-1,1-Q-2-1,PICK,FALSE,130
3934,Ecommerce,1,Q,2,2,1-Q-2-2,1-Q-2-2,PICK,FALSE,131
3939,Ecommerce,1,Q,2,3,1-Q-2-3,1-Q-2-3,PICK,FALSE,132
3925,Ecommerce,1,Q,3,0,1-Q-3-0,1-Q-3-0,PICK,FALSE,133
3930,Ecommerce,1,Q,3,1,1-Q-3-1,1-Q-3-1,PICK,FALSE,134
3935,Ecommerce,1,Q,3,2,1-Q-3-2,1-Q-3-2,PICK,FALSE,135
3940,Ecommerce,1,Q,3,3,1-Q-3-3,1-Q-3-3,PICK,FALSE,136
3926,Ecommerce,1,Q,4,0,1-Q-4-0,1-Q-4-0,PICK,FALSE,137
3931,Ecommerce,1,Q,4,1,1-Q-4-1,1-Q-4-1,PICK,FALSE,138
3936,Ecommerce,1,Q,4,2,1-Q-4-2,1-Q-4-2,PICK,FALSE,139
3941,Ecommerce,1,Q,4,3,1-Q-4-3,1-Q-4-3,PICK,FALSE,140
3927,Ecommerce,1,Q,5,0,1-Q-5-0,1-Q-5-0,PICK,FALSE,141
3932,Ecommerce,1,Q,5,1,1-Q-5-1,1-Q-5-1,PICK,FALSE,142
3937,Ecommerce,1,Q,5,2,1-Q-5-2,1-Q-5-2,PICK,FALSE,143
3942,Ecommerce,1,Q,5,3,1-Q-5-3,1-Q-5-3,PICK,FALSE,144
3902,Ecommerce,1,P,5,0,1-P-5-0,1-P-5-0,PICK,FALSE,145
3907,Ecommerce,1,P,5,1,1-P-5-1,1-P-5-1,PICK,FALSE,146
3912,Ecommerce,1,P,5,2,1-P-5-2,1-P-5-2,PICK,FALSE,147
3917,Ecommerce,1,P,5,3,1-P-5-3,1-P-5-3,PICK,FALSE,148
3901,Ecommerce,1,P,4,0,1-P-4-0,1-P-4-0,PICK,FALSE,149
3906,Ecommerce,1,P,4,1,1-P-4-1,1-P-4-1,PICK,FALSE,150
3911,Ecommerce,1,P,4,2,1-P-4-2,1-P-4-2,PICK,FALSE,151
3916,Ecommerce,1,P,4,3,1-P-4-3,1-P-4-3,PICK,FALSE,152
3900,Ecommerce,1,P,3,0,1-P-3-0,1-P-3-0,PICK,FALSE,153
3905,Ecommerce,1,P,3,1,1-P-3-1,1-P-3-1,PICK,FALSE,154
3910,Ecommerce,1,P,3,2,1-P-3-2,1-P-3-2,PICK,FALSE,155
3915,Ecommerce,1,P,3,3,1-P-3-3,1-P-3-3,PICK,FALSE,156
3899,Ecommerce,1,P,2,0,1-P-2-0,1-P-2-0,PICK,FALSE,157
3904,Ecommerce,1,P,2,1,1-P-2-1,1-P-2-1,PICK,FALSE,158
3909,Ecommerce,1,P,2,2,1-P-2-2,1-P-2-2,PICK,FALSE,159
3914,Ecommerce,1,P,2,3,1-P-2-3,1-P-2-3,PICK,FALSE,160
3898,Ecommerce,1,P,1,0,1-P-1-0,1-P-1-0,PICK,FALSE,161
3903,Ecommerce,1,P,1,1,1-P-1-1,1-P-1-1,PICK,FALSE,162
3908,Ecommerce,1,P,1,2,1-P-1-2,1-P-1-2,PICK,FALSE,163
3913,Ecommerce,1,P,1,3,1-P-1-3,1-P-1-3,PICK,FALSE,164
3873,Ecommerce,1,O,1,0,1-O-1-0,1-O-1-0,PICK,FALSE,165
3878,Ecommerce,1,O,1,1,1-O-1-1,1-O-1-1,PICK,FALSE,166
3883,Ecommerce,1,O,1,2,1-O-1-2,1-O-1-2,PICK,FALSE,167
3888,Ecommerce,1,O,1,3,1-O-1-3,1-O-1-3,PICK,FALSE,168
3874,Ecommerce,1,O,2,0,1-O-2-0,1-O-2-0,PICK,FALSE,169
3879,Ecommerce,1,O,2,1,1-O-2-1,1-O-2-1,PICK,FALSE,170
3884,Ecommerce,1,O,2,2,1-O-2-2,1-O-2-2,PICK,FALSE,171
3889,Ecommerce,1,O,2,3,1-O-2-3,1-O-2-3,PICK,FALSE,172
3875,Ecommerce,1,O,3,0,1-O-3-0,1-O-3-0,PICK,FALSE,173
3880,Ecommerce,1,O,3,1,1-O-3-1,1-O-3-1,PICK,FALSE,174
3885,Ecommerce,1,O,3,2,1-O-3-2,1-O-3-2,PICK,FALSE,175
3890,Ecommerce,1,O,3,3,1-O-3-3,1-O-3-3,PICK,FALSE,176
3876,Ecommerce,1,O,4,0,1-O-4-0,1-O-4-0,PICK,FALSE,177
3881,Ecommerce,1,O,4,1,1-O-4-1,1-O-4-1,PICK,FALSE,178
3886,Ecommerce,1,O,4,2,1-O-4-2,1-O-4-2,PICK,FALSE,179
3891,Ecommerce,1,O,4,3,1-O-4-3,1-O-4-3,PICK,FALSE,180
3877,Ecommerce,1,O,5,0,1-O-5-0,1-O-5-0,PICK,FALSE,181
3882,Ecommerce,1,O,5,1,1-O-5-1,1-O-5-1,PICK,FALSE,182
3887,Ecommerce,1,O,5,2,1-O-5-2,1-O-5-2,PICK,FALSE,183
3852,Ecommerce,1,N,5,0,1-N-5-0,1-N-5-0,PICK,FALSE,184
3892,Ecommerce,1,O,5,3,1-O-5-3,1-O-5-3,PICK,FALSE,185
3857,Ecommerce,1,N,5,1,1-N-5-1,1-N-5-1,PICK,FALSE,186
3862,Ecommerce,1,N,5,2,1-N-5-2,1-N-5-2,PICK,FALSE,187
3867,Ecommerce,1,N,5,3,1-N-5-3,1-N-5-3,PICK,FALSE,188
3851,Ecommerce,1,N,4,0,1-N-4-0,1-N-4-0,PICK,FALSE,189
3856,Ecommerce,1,N,4,1,1-N-4-1,1-N-4-1,PICK,FALSE,190
3861,Ecommerce,1,N,4,2,1-N-4-2,1-N-4-2,PICK,FALSE,191
3866,Ecommerce,1,N,4,3,1-N-4-3,1-N-4-3,PICK,FALSE,192
3850,Ecommerce,1,N,3,0,1-N-3-0,1-N-3-0,PICK,FALSE,193
3855,Ecommerce,1,N,3,1,1-N-3-1,1-N-3-1,PICK,FALSE,194
3860,Ecommerce,1,N,3,2,1-N-3-2,1-N-3-2,PICK,FALSE,195
3865,Ecommerce,1,N,3,3,1-N-3-3,1-N-3-3,PICK,FALSE,196
3849,Ecommerce,1,N,2,0,1-N-2-0,1-N-2-0,PICK,FALSE,197
3854,Ecommerce,1,N,2,1,1-N-2-1,1-N-2-1,PICK,FALSE,198
3859,Ecommerce,1,N,2,2,1-N-2-2,1-N-2-2,PICK,FALSE,199
3864,Ecommerce,1,N,2,3,1-N-2-3,1-N-2-3,PICK,FALSE,200
3848,Ecommerce,1,N,1,0,1-N-1-0,1-N-1-0,PICK,FALSE,201
3853,Ecommerce,1,N,1,1,1-N-1-1,1-N-1-1,PICK,FALSE,202
3858,Ecommerce,1,N,1,2,1-N-1-2,1-N-1-2,PICK,FALSE,203
3863,Ecommerce,1,N,1,3,1-N-1-3,1-N-1-3,PICK,FALSE,204
3823,Ecommerce,1,M,1,0,1-M-1-0,1-M-1-0,PICK,FALSE,205
3828,Ecommerce,1,M,1,1,1-M-1-1,1-M-1-1,PICK,FALSE,206
3833,Ecommerce,1,M,1,2,1-M-1-2,1-M-1-2,PICK,FALSE,207
3838,Ecommerce,1,M,1,3,1-M-1-3,1-M-1-3,PICK,FALSE,208
3824,Ecommerce,1,M,2,0,1-M-2-0,1-M-2-0,PICK,FALSE,209
3829,Ecommerce,1,M,2,1,1-M-2-1,1-M-2-1,PICK,FALSE,210
3834,Ecommerce,1,M,2,2,1-M-2-2,1-M-2-2,PICK,FALSE,211
3839,Ecommerce,1,M,2,3,1-M-2-3,1-M-2-3,PICK,FALSE,212
3825,Ecommerce,1,M,3,0,1-M-3-0,1-M-3-0,PICK,FALSE,213
3830,Ecommerce,1,M,3,1,1-M-3-1,1-M-3-1,PICK,FALSE,214
3835,Ecommerce,1,M,3,2,1-M-3-2,1-M-3-2,PICK,FALSE,215
3840,Ecommerce,1,M,3,3,1-M-3-3,1-M-3-3,PICK,FALSE,216
3826,Ecommerce,1,M,4,0,1-M-4-0,1-M-4-0,PICK,FALSE,217
3831,Ecommerce,1,M,4,1,1-M-4-1,1-M-4-1,PICK,FALSE,218
3836,Ecommerce,1,M,4,2,1-M-4-2,1-M-4-2,PICK,FALSE,219
3841,Ecommerce,1,M,4,3,1-M-4-3,1-M-4-3,PICK,FALSE,220
3827,Ecommerce,1,M,5,0,1-M-5-0,1-M-5-0,PICK,FALSE,221
3832,Ecommerce,1,M,5,1,1-M-5-1,1-M-5-1,PICK,FALSE,222
3837,Ecommerce,1,M,5,2,1-M-5-2,1-M-5-2,PICK,FALSE,223
3842,Ecommerce,1,M,5,3,1-M-5-3,1-M-5-3,PICK,FALSE,224
3802,Ecommerce,1,L,5,0,1-L-5-0,1-L-5-0,PICK,FALSE,225
3807,Ecommerce,1,L,5,1,1-L-5-1,1-L-5-1,PICK,FALSE,226
3812,Ecommerce,1,L,5,2,1-L-5-2,1-L-5-2,PICK,FALSE,227
3817,Ecommerce,1,L,5,3,1-L-5-3,1-L-5-3,PICK,FALSE,228
3801,Ecommerce,1,L,4,0,1-L-4-0,1-L-4-0,PICK,FALSE,229
3806,Ecommerce,1,L,4,1,1-L-4-1,1-L-4-1,PICK,FALSE,230
3811,Ecommerce,1,L,4,2,1-L-4-2,1-L-4-2,PICK,FALSE,231
3816,Ecommerce,1,L,4,3,1-L-4-3,1-L-4-3,PICK,FALSE,232
3800,Ecommerce,1,L,3,0,1-L-3-0,1-L-3-0,PICK,FALSE,233
3805,Ecommerce,1,L,3,1,1-L-3-1,1-L-3-1,PICK,FALSE,234
3810,Ecommerce,1,L,3,2,1-L-3-2,1-L-3-2,PICK,FALSE,235
3815,Ecommerce,1,L,3,3,1-L-3-3,1-L-3-3,PICK,FALSE,236
3799,Ecommerce,1,L,2,0,1-L-2-0,1-L-2-0,PICK,FALSE,237
3804,Ecommerce,1,L,2,1,1-L-2-1,1-L-2-1,PICK,FALSE,238
3809,Ecommerce,1,L,2,2,1-L-2-2,1-L-2-2,PICK,FALSE,239
3814,Ecommerce,1,L,2,3,1-L-2-3,1-L-2-3,PICK,FALSE,240
3798,Ecommerce,1,L,1,0,1-L-1-0,1-L-1-0,PICK,FALSE,241
3803,Ecommerce,1,L,1,1,1-L-1-1,1-L-1-1,PICK,FALSE,242
3808,Ecommerce,1,L,1,2,1-L-1-2,1-L-1-2,PICK,FALSE,243
3813,Ecommerce,1,L,1,3,1-L-1-3,1-L-1-3,PICK,FALSE,244
3773,Ecommerce,1,K,1,0,1-K-1-0,1-K-1-0,PICK,FALSE,245
3778,Ecommerce,1,K,1,1,1-K-1-1,1-K-1-1,PICK,FALSE,246
3783,Ecommerce,1,K,1,2,1-K-1-2,1-K-1-2,PICK,FALSE,247
3788,Ecommerce,1,K,1,3,1-K-1-3,1-K-1-3,PICK,FALSE,248
3774,Ecommerce,1,K,2,0,1-K-2-0,1-K-2-0,PICK,FALSE,249
3779,Ecommerce,1,K,2,1,1-K-2-1,1-K-2-1,PICK,FALSE,250
3784,Ecommerce,1,K,2,2,1-K-2-2,1-K-2-2,PICK,FALSE,251
3789,Ecommerce,1,K,2,3,1-K-2-3,1-K-2-3,PICK,FALSE,252
3775,Ecommerce,1,K,3,0,1-K-3-0,1-K-3-0,PICK,FALSE,253
3780,Ecommerce,1,K,3,1,1-K-3-1,1-K-3-1,PICK,FALSE,254
3785,Ecommerce,1,K,3,2,1-K-3-2,1-K-3-2,PICK,FALSE,255
3790,Ecommerce,1,K,3,3,1-K-3-3,1-K-3-3,PICK,FALSE,256
3776,Ecommerce,1,K,4,0,1-K-4-0,1-K-4-0,PICK,FALSE,257
3781,Ecommerce,1,K,4,1,1-K-4-1,1-K-4-1,PICK,FALSE,258
3786,Ecommerce,1,K,4,2,1-K-4-2,1-K-4-2,PICK,FALSE,259
3791,Ecommerce,1,K,4,3,1-K-4-3,1-K-4-3,PICK,FALSE,260
3777,Ecommerce,1,K,5,0,1-K-5-0,1-K-5-0,PICK,FALSE,261
3782,Ecommerce,1,K,5,1,1-K-5-1,1-K-5-1,PICK,FALSE,262
3787,Ecommerce,1,K,5,2,1-K-5-2,1-K-5-2,PICK,FALSE,263
3792,Ecommerce,1,K,5,3,1-K-5-3,1-K-5-3,PICK,FALSE,264
3752,Ecommerce,1,J,5,0,1-J-5-0,1-J-5-0,PICK,FALSE,265
3757,Ecommerce,1,J,5,1,1-J-5-1,1-J-5-1,PICK,FALSE,266
3762,Ecommerce,1,J,5,2,1-J-5-2,1-J-5-2,PICK,FALSE,267
3767,Ecommerce,1,J,5,3,1-J-5-3,1-J-5-3,PICK,FALSE,268
3751,Ecommerce,1,J,4,0,1-J-4-0,1-J-4-0,PICK,FALSE,269
3756,Ecommerce,1,J,4,1,1-J-4-1,1-J-4-1,PICK,FALSE,270
3761,Ecommerce,1,J,4,2,1-J-4-2,1-J-4-2,PICK,FALSE,271
3766,Ecommerce,1,J,4,3,1-J-4-3,1-J-4-3,PICK,FALSE,272
3750,Ecommerce,1,J,3,0,1-J-3-0,1-J-3-0,PICK,FALSE,273
3755,Ecommerce,1,J,3,1,1-J-3-1,1-J-3-1,PICK,FALSE,274
3760,Ecommerce,1,J,3,2,1-J-3-2,1-J-3-2,PICK,FALSE,275
3765,Ecommerce,1,J,3,3,1-J-3-3,1-J-3-3,PICK,FALSE,276
3749,Ecommerce,1,J,2,0,1-J-2-0,1-J-2-0,PICK,FALSE,277
3754,Ecommerce,1,J,2,1,1-J-2-1,1-J-2-1,PICK,FALSE,278
3759,Ecommerce,1,J,2,2,1-J-2-2,1-J-2-2,PICK,FALSE,279
3764,Ecommerce,1,J,2,3,1-J-2-3,1-J-2-3,PICK,FALSE,280
3748,Ecommerce,1,J,1,0,1-J-1-0,1-J-1-0,PICK,FALSE,281
3753,Ecommerce,1,J,1,1,1-J-1-1,1-J-1-1,PICK,FALSE,282
3758,Ecommerce,1,J,1,2,1-J-1-2,1-J-1-2,PICK,FALSE,283
3763,Ecommerce,1,J,1,3,1-J-1-3,1-J-1-3,PICK,FALSE,284
3723,Ecommerce,1,I,1,0,1-I-1-0,1-I-1-0,PICK,FALSE,285
3728,Ecommerce,1,I,1,1,1-I-1-1,1-I-1-1,PICK,FALSE,286
3733,Ecommerce,1,I,1,2,1-I-1-2,1-I-1-2,PICK,FALSE,287
3738,Ecommerce,1,I,1,3,1-I-1-3,1-I-1-3,PICK,FALSE,288
3724,Ecommerce,1,I,2,0,1-I-2-0,1-I-2-0,PICK,FALSE,289
3729,Ecommerce,1,I,2,1,1-I-2-1,1-I-2-1,PICK,FALSE,290
3734,Ecommerce,1,I,2,2,1-I-2-2,1-I-2-2,PICK,FALSE,291
3739,Ecommerce,1,I,2,3,1-I-2-3,1-I-2-3,PICK,FALSE,292
3725,Ecommerce,1,I,3,0,1-I-3-0,1-I-3-0,PICK,FALSE,293
3730,Ecommerce,1,I,3,1,1-I-3-1,1-I-3-1,PICK,FALSE,294
3735,Ecommerce,1,I,3,2,1-I-3-2,1-I-3-2,PICK,FALSE,295
3740,Ecommerce,1,I,3,3,1-I-3-3,1-I-3-3,PICK,FALSE,296
3726,Ecommerce,1,I,4,0,1-I-4-0,1-I-4-0,PICK,FALSE,297
3731,Ecommerce,1,I,4,1,1-I-4-1,1-I-4-1,PICK,FALSE,298
3736,Ecommerce,1,I,4,2,1-I-4-2,1-I-4-2,PICK,FALSE,299
3741,Ecommerce,1,I,4,3,1-I-4-3,1-I-4-3,PICK,FALSE,300
3727,Ecommerce,1,I,5,0,1-I-5-0,1-I-5-0,PICK,FALSE,301
3732,Ecommerce,1,I,5,1,1-I-5-1,1-I-5-1,PICK,FALSE,302
3737,Ecommerce,1,I,5,2,1-I-5-2,1-I-5-2,PICK,FALSE,303
3742,Ecommerce,1,I,5,3,1-I-5-3,1-I-5-3,PICK,FALSE,304
3702,Ecommerce,1,H,5,0,1-H-5-0,1-H-5-0,PICK,FALSE,305
3707,Ecommerce,1,H,5,1,1-H-5-1,1-H-5-1,PICK,FALSE,306
3712,Ecommerce,1,H,5,2,1-H-5-2,1-H-5-2,PICK,FALSE,307
3717,Ecommerce,1,H,5,3,1-H-5-3,1-H-5-3,PICK,FALSE,308
3701,Ecommerce,1,H,4,0,1-H-4-0,1-H-4-0,PICK,FALSE,309
3706,Ecommerce,1,H,4,1,1-H-4-1,1-H-4-1,PICK,FALSE,310
3711,Ecommerce,1,H,4,2,1-H-4-2,1-H-4-2,PICK,FALSE,311
3716,Ecommerce,1,H,4,3,1-H-4-3,1-H-4-3,PICK,FALSE,312
3700,Ecommerce,1,H,3,0,1-H-3-0,1-H-3-0,PICK,FALSE,313
3705,Ecommerce,1,H,3,1,1-H-3-1,1-H-3-1,PICK,FALSE,314
3710,Ecommerce,1,H,3,2,1-H-3-2,1-H-3-2,PICK,FALSE,315
3715,Ecommerce,1,H,3,3,1-H-3-3,1-H-3-3,PICK,FALSE,316
3699,Ecommerce,1,H,2,0,1-H-2-0,1-H-2-0,PICK,FALSE,317
3704,Ecommerce,1,H,2,1,1-H-2-1,1-H-2-1,PICK,FALSE,318
3709,Ecommerce,1,H,2,2,1-H-2-2,1-H-2-2,PICK,FALSE,319
3714,Ecommerce,1,H,2,3,1-H-2-3,1-H-2-3,PICK,FALSE,320
3698,Ecommerce,1,H,1,0,1-H-1-0,1-H-1-0,PICK,FALSE,321
3703,Ecommerce,1,H,1,1,1-H-1-1,1-H-1-1,PICK,FALSE,322
3708,Ecommerce,1,H,1,2,1-H-1-2,1-H-1-2,PICK,FALSE,323
3713,Ecommerce,1,H,1,3,1-H-1-3,1-H-1-3,PICK,FALSE,324
3673,Ecommerce,1,G,1,0,1-G-1-0,1-G-1-0,PICK,FALSE,325
3678,Ecommerce,1,G,1,1,1-G-1-1,1-G-1-1,PICK,FALSE,326
3683,Ecommerce,1,G,1,2,1-G-1-2,1-G-1-2,PICK,FALSE,327
3688,Ecommerce,1,G,1,3,1-G-1-3,1-G-1-3,PICK,FALSE,328
3674,Ecommerce,1,G,2,0,1-G-2-0,1-G-2-0,PICK,FALSE,329
3679,Ecommerce,1,G,2,1,1-G-2-1,1-G-2-1,PICK,FALSE,330
3684,Ecommerce,1,G,2,2,1-G-2-2,1-G-2-2,PICK,FALSE,331
3689,Ecommerce,1,G,2,3,1-G-2-3,1-G-2-3,PICK,FALSE,332
3675,Ecommerce,1,G,3,0,1-G-3-0,1-G-3-0,PICK,FALSE,333
3680,Ecommerce,1,G,3,1,1-G-3-1,1-G-3-1,PICK,FALSE,334
3685,Ecommerce,1,G,3,2,1-G-3-2,1-G-3-2,PICK,FALSE,335
3690,Ecommerce,1,G,3,3,1-G-3-3,1-G-3-3,PICK,FALSE,336
3676,Ecommerce,1,G,4,0,1-G-4-0,1-G-4-0,PICK,FALSE,337
3681,Ecommerce,1,G,4,1,1-G-4-1,1-G-4-1,PICK,FALSE,338
3686,Ecommerce,1,G,4,2,1-G-4-2,1-G-4-2,PICK,FALSE,339
3691,Ecommerce,1,G,4,3,1-G-4-3,1-G-4-3,PICK,FALSE,340
3677,Ecommerce,1,G,5,0,1-G-5-0,1-G-5-0,PICK,FALSE,341
3682,Ecommerce,1,G,5,1,1-G-5-1,1-G-5-1,PICK,FALSE,342
3687,Ecommerce,1,G,5,2,1-G-5-2,1-G-5-2,PICK,FALSE,343
3692,Ecommerce,1,G,5,3,1-G-5-3,1-G-5-3,PICK,FALSE,344
3652,Ecommerce,1,F,5,0,1-F-5-0,1-F-5-0,PICK,FALSE,345
3657,Ecommerce,1,F,5,1,1-F-5-1,1-F-5-1,PICK,FALSE,346
3662,Ecommerce,1,F,5,2,1-F-5-2,1-F-5-2,PICK,FALSE,347
3667,Ecommerce,1,F,5,3,1-F-5-3,1-F-5-3,PICK,FALSE,348
3651,Ecommerce,1,F,4,0,1-F-4-0,1-F-4-0,PICK,FALSE,349
3656,Ecommerce,1,F,4,1,1-F-4-1,1-F-4-1,PICK,FALSE,350
3661,Ecommerce,1,F,4,2,1-F-4-2,1-F-4-2,PICK,FALSE,351
3666,Ecommerce,1,F,4,3,1-F-4-3,1-F-4-3,PICK,FALSE,352
3650,Ecommerce,1,F,3,0,1-F-3-0,1-F-3-0,PICK,FALSE,353
3655,Ecommerce,1,F,3,1,1-F-3-1,1-F-3-1,PICK,FALSE,354
3660,Ecommerce,1,F,3,2,1-F-3-2,1-F-3-2,PICK,FALSE,355
3665,Ecommerce,1,F,3,3,1-F-3-3,1-F-3-3,PICK,FALSE,356
3649,Ecommerce,1,F,2,0,1-F-2-0,1-F-2-0,PICK,FALSE,357
3654,Ecommerce,1,F,2,1,1-F-2-1,1-F-2-1,PICK,FALSE,358
3659,Ecommerce,1,F,2,2,1-F-2-2,1-F-2-2,PICK,FALSE,359
3664,Ecommerce,1,F,2,3,1-F-2-3,1-F-2-3,PICK,FALSE,360
3648,Ecommerce,1,F,1,0,1-F-1-0,1-F-1-0,PICK,FALSE,361
3653,Ecommerce,1,F,1,1,1-F-1-1,1-F-1-1,PICK,FALSE,362
3658,Ecommerce,1,F,1,2,1-F-1-2,1-F-1-2,PICK,FALSE,363
3663,Ecommerce,1,F,1,3,1-F-1-3,1-F-1-3,PICK,FALSE,364
3623,Ecommerce,1,E,1,0,1-E-1-0,1-E-1-0,PICK,FALSE,365
3628,Ecommerce,1,E,1,1,1-E-1-1,1-E-1-1,PICK,FALSE,366
3633,Ecommerce,1,E,1,2,1-E-1-2,1-E-1-2,PICK,FALSE,367
3638,Ecommerce,1,E,1,3,1-E-1-3,1-E-1-3,PICK,FALSE,368
3624,Ecommerce,1,E,2,0,1-E-2-0,1-E-2-0,PICK,FALSE,369
3629,Ecommerce,1,E,2,1,1-E-2-1,1-E-2-1,PICK,FALSE,370
3634,Ecommerce,1,E,2,2,1-E-2-2,1-E-2-2,PICK,FALSE,371
3639,Ecommerce,1,E,2,3,1-E-2-3,1-E-2-3,PICK,FALSE,372
3625,Ecommerce,1,E,3,0,1-E-3-0,1-E-3-0,PICK,FALSE,373
3630,Ecommerce,1,E,3,1,1-E-3-1,1-E-3-1,PICK,FALSE,374
3635,Ecommerce,1,E,3,2,1-E-3-2,1-E-3-2,PICK,FALSE,375
3640,Ecommerce,1,E,3,3,1-E-3-3,1-E-3-3,PICK,FALSE,376
3626,Ecommerce,1,E,4,0,1-E-4-0,1-E-4-0,PICK,FALSE,377
3631,Ecommerce,1,E,4,1,1-E-4-1,1-E-4-1,PICK,FALSE,378
3636,Ecommerce,1,E,4,2,1-E-4-2,1-E-4-2,PICK,FALSE,379
3641,Ecommerce,1,E,4,3,1-E-4-3,1-E-4-3,PICK,FALSE,380
3627,Ecommerce,1,E,5,0,1-E-5-0,1-E-5-0,PICK,FALSE,381
3632,Ecommerce,1,E,5,1,1-E-5-1,1-E-5-1,PICK,FALSE,382
3637,Ecommerce,1,E,5,2,1-E-5-2,1-E-5-2,PICK,FALSE,383
3642,Ecommerce,1,E,5,3,1-E-5-3,1-E-5-3,PICK,FALSE,384
3582,Ecommerce,1,D,10,0,1-D-10-0,1-D-10-0,PICK,FALSE,385
3592,Ecommerce,1,D,10,1,1-D-10-1,1-D-10-1,PICK,FALSE,386
3581,Ecommerce,1,D,9,0,1-D-9-0,1-D-9-0,PICK,FALSE,387
3591,Ecommerce,1,D,9,1,1-D-9-1,1-D-9-1,PICK,FALSE,388
3580,Ecommerce,1,D,8,0,1-D-8-0,1-D-8-0,PICK,FALSE,389
3590,Ecommerce,1,D,8,1,1-D-8-1,1-D-8-1,PICK,FALSE,390
3579,Ecommerce,1,D,7,0,1-D-7-0,1-D-7-0,PICK,FALSE,391
3589,Ecommerce,1,D,7,1,1-D-7-1,1-D-7-1,PICK,FALSE,392
3578,Ecommerce,1,D,6,0,1-D-6-0,1-D-6-0,PICK,FALSE,393
3588,Ecommerce,1,D,6,1,1-D-6-1,1-D-6-1,PICK,FALSE,394
3577,Ecommerce,1,D,5,0,1-D-5-0,1-D-5-0,PICK,FALSE,395
3587,Ecommerce,1,D,5,1,1-D-5-1,1-D-5-1,PICK,FALSE,396
3576,Ecommerce,1,D,4,0,1-D-4-0,1-D-4-0,PICK,FALSE,397
3586,Ecommerce,1,D,4,1,1-D-4-1,1-D-4-1,PICK,FALSE,398
3575,Ecommerce,1,D,3,0,1-D-3-0,1-D-3-0,PICK,FALSE,399
3585,Ecommerce,1,D,3,1,1-D-3-1,1-D-3-1,PICK,FALSE,400
3574,Ecommerce,1,D,2,0,1-D-2-0,1-D-2-0,PICK,FALSE,401
3584,Ecommerce,1,D,2,1,1-D-2-1,1-D-2-1,PICK,FALSE,402
3573,Ecommerce,1,D,1,0,1-D-1-0,1-D-1-0,PICK,FALSE,403
3583,Ecommerce,1,D,1,1,1-D-1-1,1-D-1-1,PICK,FALSE,404
3523,Ecommerce,1,C,1,0,1-C-1-0,1-C-1-0,PICK,FALSE,405
3533,Ecommerce,1,C,1,1,1-C-1-1,1-C-1-1,PICK,FALSE,406
3524,Ecommerce,1,C,2,0,1-C-2-0,1-C-2-0,PICK,FALSE,407
3534,Ecommerce,1,C,2,1,1-C-2-1,1-C-2-1,PICK,FALSE,408
3525,Ecommerce,1,C,3,0,1-C-3-0,1-C-3-0,PICK,FALSE,409
13710,Ecommerce,1,C,3,0,*1-C-3-0-1,*1-C-3-0-1,PICK,FALSE,409
13711,Ecommerce,1,C,3,0,*1-C-3-0-2,*1-C-3-0-2,PICK,FALSE,409
13712,Ecommerce,1,C,3,0,*1-C-3-0-3,*1-C-3-0-3,PICK,FALSE,409
13713,Ecommerce,1,C,3,0,*1-C-3-0-4,*1-C-3-0-4,PICK,FALSE,409
13714,Ecommerce,1,C,3,0,*1-C-3-0-5,*1-C-3-0-5,PICK,FALSE,409
13715,Ecommerce,1,C,3,0,*1-C-3-0-6,*1-C-3-0-6,PICK,FALSE,409
13716,Ecommerce,1,C,3,0,*1-C-3-0-7,*1-C-3-0-7,PICK,FALSE,409
13717,Ecommerce,1,C,3,0,*1-C-3-0-8,*1-C-3-0-8,PICK,FALSE,409
13718,Ecommerce,1,C,3,0,*1-C-3-0-9,*1-C-3-0-9,PICK,FALSE,409
13719,Ecommerce,1,C,3,0,*1-C-3-0-10,*1-C-3-0-10,PICK,FALSE,409
13720,Ecommerce,1,C,3,0,*1-C-3-0-11,*1-C-3-0-11,PICK,FALSE,409
13721,Ecommerce,1,C,3,0,*1-C-3-0-12,*1-C-3-0-12,PICK,FALSE,409
13722,Ecommerce,1,C,3,0,*1-C-3-0-13,*1-C-3-0-13,PICK,FALSE,409
13723,Ecommerce,1,C,3,0,*1-C-3-0-14,*1-C-3-0-14,PICK,FALSE,409
13724,Ecommerce,1,C,3,0,*1-C-3-0-15,*1-C-3-0-15,PICK,FALSE,409
13725,Ecommerce,1,C,3,0,*1-C-3-0-16,*1-C-3-0-16,PICK,FALSE,409
13726,Ecommerce,1,C,3,0,*1-C-3-0-17,*1-C-3-0-17,PICK,FALSE,409
13727,Ecommerce,1,C,3,0,*1-C-3-0-18,*1-C-3-0-18,PICK,FALSE,409
3535,Ecommerce,1,C,3,1,1-C-3-1,1-C-3-1,PICK,FALSE,410
3526,Ecommerce,1,C,4,0,1-C-4-0,1-C-4-0,PICK,FALSE,411
13728,Ecommerce,1,C,4,0,*1-C-4-0-1,*1-C-4-0-1,PICK,FALSE,411
13729,Ecommerce,1,C,4,0,*1-C-4-0-2,*1-C-4-0-2,PICK,FALSE,411
13730,Ecommerce,1,C,4,0,*1-C-4-0-3,*1-C-4-0-3,PICK,FALSE,411
13731,Ecommerce,1,C,4,0,*1-C-4-0-4,*1-C-4-0-4,PICK,FALSE,411
13732,Ecommerce,1,C,4,0,*1-C-4-0-5,*1-C-4-0-5,PICK,FALSE,411
13733,Ecommerce,1,C,4,0,*1-C-4-0-6,*1-C-4-0-6,PICK,FALSE,411
13734,Ecommerce,1,C,4,0,*1-C-4-0-7,*1-C-4-0-7,PICK,FALSE,411
13735,Ecommerce,1,C,4,0,*1-C-4-0-8,*1-C-4-0-8,PICK,FALSE,411
13736,Ecommerce,1,C,4,0,*1-C-4-0-9,*1-C-4-0-9,PICK,FALSE,411
13737,Ecommerce,1,C,4,0,*1-C-4-0-10,*1-C-4-0-10,PICK,FALSE,411
13738,Ecommerce,1,C,4,0,*1-C-4-0-11,*1-C-4-0-11,PICK,FALSE,411
13739,Ecommerce,1,C,4,0,*1-C-4-0-12,*1-C-4-0-12,PICK,FALSE,411
13740,Ecommerce,1,C,4,0,*1-C-4-0-13,*1-C-4-0-13,PICK,FALSE,411
13741,Ecommerce,1,C,4,0,*1-C-4-0-14,*1-C-4-0-14,PICK,FALSE,411
13742,Ecommerce,1,C,4,0,*1-C-4-0-15,*1-C-4-0-15,PICK,FALSE,411
13743,Ecommerce,1,C,4,0,*1-C-4-0-16,*1-C-4-0-16,PICK,FALSE,411
13744,Ecommerce,1,C,4,0,*1-C-4-0-17,*1-C-4-0-17,PICK,FALSE,411
13745,Ecommerce,1,C,4,0,*1-C-4-0-18,*1-C-4-0-18,PICK,FALSE,411
3536,Ecommerce,1,C,4,1,1-C-4-1,1-C-4-1,PICK,FALSE,412
3527,Ecommerce,1,C,5,0,1-C-5-0,1-C-5-0,PICK,FALSE,413
13746,Ecommerce,1,C,5,0,*1-C-5-0-1,*1-C-5-0-1,PICK,FALSE,413
13747,Ecommerce,1,C,5,0,*1-C-5-0-2,*1-C-5-0-2,PICK,FALSE,413
13748,Ecommerce,1,C,5,0,*1-C-5-0-3,*1-C-5-0-3,PICK,FALSE,413
13749,Ecommerce,1,C,5,0,*1-C-5-0-4,*1-C-5-0-4,PICK,FALSE,413
13750,Ecommerce,1,C,5,0,*1-C-5-0-5,*1-C-5-0-5,PICK,FALSE,413
13751,Ecommerce,1,C,5,0,*1-C-5-0-6,*1-C-5-0-6,PICK,FALSE,413
13752,Ecommerce,1,C,5,0,*1-C-5-0-7,*1-C-5-0-7,PICK,FALSE,413
13753,Ecommerce,1,C,5,0,*1-C-5-0-8,*1-C-5-0-8,PICK,FALSE,413
13754,Ecommerce,1,C,5,0,*1-C-5-0-9,*1-C-5-0-9,PICK,FALSE,413
13755,Ecommerce,1,C,5,0,*1-C-5-0-10,*1-C-5-0-10,PICK,FALSE,413
13756,Ecommerce,1,C,5,0,*1-C-5-0-11,*1-C-5-0-11,PICK,FALSE,413
13757,Ecommerce,1,C,5,0,*1-C-5-0-12,*1-C-5-0-12,PICK,FALSE,413
13758,Ecommerce,1,C,5,0,*1-C-5-0-13,*1-C-5-0-13,PICK,FALSE,413
13759,Ecommerce,1,C,5,0,*1-C-5-0-14,*1-C-5-0-14,PICK,FALSE,413
13760,Ecommerce,1,C,5,0,*1-C-5-0-15,*1-C-5-0-15,PICK,FALSE,413
13761,Ecommerce,1,C,5,0,*1-C-5-0-16,*1-C-5-0-16,PICK,FALSE,413
13762,Ecommerce,1,C,5,0,*1-C-5-0-17,*1-C-5-0-17,PICK,FALSE,413
13763,Ecommerce,1,C,5,0,*1-C-5-0-18,*1-C-5-0-18,PICK,FALSE,413
3537,Ecommerce,1,C,5,1,1-C-5-1,1-C-5-1,PICK,FALSE,414
3528,Ecommerce,1,C,6,0,1-C-6-0,1-C-6-0,PICK,FALSE,415
3538,Ecommerce,1,C,6,1,1-C-6-1,1-C-6-1,PICK,FALSE,416
3529,Ecommerce,1,C,7,0,1-C-7-0,1-C-7-0,PICK,FALSE,417
3539,Ecommerce,1,C,7,1,1-C-7-1,1-C-7-1,PICK,FALSE,418
3530,Ecommerce,1,C,8,0,1-C-8-0,1-C-8-0,PICK,FALSE,419
3540,Ecommerce,1,C,8,1,1-C-8-1,1-C-8-1,PICK,FALSE,420
3531,Ecommerce,1,C,9,0,1-C-9-0,1-C-9-0,PICK,FALSE,421
3541,Ecommerce,1,C,9,1,1-C-9-1,1-C-9-1,PICK,FALSE,422
3532,Ecommerce,1,C,10,0,1-C-10-0,1-C-10-0,PICK,FALSE,423
9832,Ecommerce,1,C,10,0,1-C-10-0-1,1-C-10-0-1,PICK,FALSE,423
3542,Ecommerce,1,C,10,1,1-C-10-1,1-C-10-1,PICK,FALSE,424
3482,Ecommerce,1,B,10,0,1-B-10-0,1-B-10-0,PICK,FALSE,425
3492,Ecommerce,1,B,10,1,1-B-10-1,1-B-10-1,PICK,FALSE,426
3481,Ecommerce,1,B,9,0,1-B-9-0,1-B-9-0,PICK,FALSE,427
3491,Ecommerce,1,B,9,1,1-B-9-1,1-B-9-1,PICK,FALSE,428
3480,Ecommerce,1,B,8,0,1-B-8-0,1-B-8-0,PICK,FALSE,429
3490,Ecommerce,1,B,8,1,1-B-8-1,1-B-8-1,PICK,FALSE,430
3479,Ecommerce,1,B,7,0,1-B-7-0,1-B-7-0,PICK,FALSE,431
3489,Ecommerce,1,B,7,1,1-B-7-1,1-B-7-1,PICK,FALSE,432
3478,Ecommerce,1,B,6,0,1-B-6-0,1-B-6-0,PICK,FALSE,433
3488,Ecommerce,1,B,6,1,1-B-6-1,1-B-6-1,PICK,FALSE,434
3477,Ecommerce,1,B,5,0,1-B-5-0,1-B-5-0,PICK,FALSE,435
3487,Ecommerce,1,B,5,1,1-B-5-1,1-B-5-1,PICK,FALSE,436
3476,Ecommerce,1,B,4,0,1-B-4-0,1-B-4-0,PICK,FALSE,437
3486,Ecommerce,1,B,4,1,1-B-4-1,1-B-4-1,PICK,FALSE,438
3475,Ecommerce,1,B,3,0,1-B-3-0,1-B-3-0,PICK,FALSE,439
3485,Ecommerce,1,B,3,1,1-B-3-1,1-B-3-1,PICK,FALSE,440
3474,Ecommerce,1,B,2,0,1-B-2-0,1-B-2-0,PICK,FALSE,441
3484,Ecommerce,1,B,2,1,1-B-2-1,1-B-2-1,PICK,FALSE,442
3473,Ecommerce,1,B,1,0,1-B-1-0,1-B-1-0,PICK,FALSE,443
3483,Ecommerce,1,B,1,1,1-B-1-1,1-B-1-1,PICK,FALSE,444
3423,Ecommerce,1,A,1,0,1-A-1-0,1-A-1-0,PICK,FALSE,445
3433,Ecommerce,1,A,1,1,1-A-1-1,1-A-1-1,PICK,FALSE,446
3424,Ecommerce,1,A,2,0,1-A-2-0,1-A-2-0,PICK,FALSE,447
3434,Ecommerce,1,A,2,1,1-A-2-1,1-A-2-1,PICK,FALSE,448
3425,Ecommerce,1,A,3,0,1-A-3-0,1-A-3-0,PICK,FALSE,449
3435,Ecommerce,1,A,3,1,1-A-3-1,1-A-3-1,PICK,FALSE,450
3426,Ecommerce,1,A,4,0,1-A-4-0,1-A-4-0,PICK,FALSE,451
3436,Ecommerce,1,A,4,1,1-A-4-1,1-A-4-1,PICK,FALSE,452
3427,Ecommerce,1,A,5,0,1-A-5-0,1-A-5-0,PICK,FALSE,453
3437,Ecommerce,1,A,5,1,1-A-5-1,1-A-5-1,PICK,FALSE,454
3428,Ecommerce,1,A,6,0,1-A-6-0,1-A-6-0,PICK,FALSE,455
3438,Ecommerce,1,A,6,1,1-A-6-1,1-A-6-1,PICK,FALSE,456
3429,Ecommerce,1,A,7,0,1-A-7-0,1-A-7-0,PICK,FALSE,457
3439,Ecommerce,1,A,7,1,1-A-7-1,1-A-7-1,PICK,FALSE,458
3430,Ecommerce,1,A,8,0,1-A-8-0,1-A-8-0,PICK,FALSE,459
3440,Ecommerce,1,A,8,1,1-A-8-1,1-A-8-1,PICK,FALSE,460
3431,Ecommerce,1,A,9,0,1-A-9-0,1-A-9-0,PICK,FALSE,461
3441,Ecommerce,1,A,9,1,1-A-9-1,1-A-9-1,PICK,FALSE,462
3432,Ecommerce,1,A,10,0,1-A-10-0,1-A-10-0,PICK,FALSE,463
3442,Ecommerce,1,A,10,1,1-A-10-1,1-A-10-1,PICK,FALSE,464
3452,Ecommerce,1,A,10,2,1-A-10-2,1-A-10-2,PICK,FALSE,465
3462,Ecommerce,1,A,10,3,1-A-10-3,1-A-10-3,PICK,FALSE,466
3451,Ecommerce,1,A,9,2,1-A-9-2,1-A-9-2,PICK,FALSE,467
3461,Ecommerce,1,A,9,3,1-A-9-3,1-A-9-3,PICK,FALSE,468
3450,Ecommerce,1,A,8,2,1-A-8-2,1-A-8-2,PICK,FALSE,469
3460,Ecommerce,1,A,8,3,1-A-8-3,1-A-8-3,PICK,FALSE,470
3449,Ecommerce,1,A,7,2,1-A-7-2,1-A-7-2,PICK,FALSE,471
3459,Ecommerce,1,A,7,3,1-A-7-3,1-A-7-3,PICK,FALSE,472
3448,Ecommerce,1,A,6,2,1-A-6-2,1-A-6-2,PICK,FALSE,473
3458,Ecommerce,1,A,6,3,1-A-6-3,1-A-6-3,PICK,FALSE,474
3447,Ecommerce,1,A,5,2,1-A-5-2,1-A-5-2,PICK,FALSE,475
3457,Ecommerce,1,A,5,3,1-A-5-3,1-A-5-3,PICK,FALSE,476
3446,Ecommerce,1,A,4,2,1-A-4-2,1-A-4-2,PICK,FALSE,477
3456,Ecommerce,1,A,4,3,1-A-4-3,1-A-4-3,PICK,FALSE,478
3445,Ecommerce,1,A,3,2,1-A-3-2,1-A-3-2,PICK,FALSE,479
3455,Ecommerce,1,A,3,3,1-A-3-3,1-A-3-3,PICK,FALSE,480
3444,Ecommerce,1,A,2,2,1-A-2-2,1-A-2-2,PICK,FALSE,481
3454,Ecommerce,1,A,2,3,1-A-2-3,1-A-2-3,PICK,FALSE,482
3443,Ecommerce,1,A,1,2,1-A-1-2,1-A-1-2,PICK,FALSE,483
3453,Ecommerce,1,A,1,3,1-A-1-3,1-A-1-3,PICK,FALSE,484
3493,Ecommerce,1,B,1,2,1-B-1-2,1-B-1-2,PICK,FALSE,485
3503,Ecommerce,1,B,1,3,1-B-1-3,1-B-1-3,PICK,FALSE,486
3494,Ecommerce,1,B,2,2,1-B-2-2,1-B-2-2,PICK,FALSE,487
3504,Ecommerce,1,B,2,3,1-B-2-3,1-B-2-3,PICK,FALSE,488
3495,Ecommerce,1,B,3,2,1-B-3-2,1-B-3-2,PICK,FALSE,489
3505,Ecommerce,1,B,3,3,1-B-3-3,1-B-3-3,PICK,FALSE,490
3496,Ecommerce,1,B,4,2,1-B-4-2,1-B-4-2,PICK,FALSE,491
3506,Ecommerce,1,B,4,3,1-B-4-3,1-B-4-3,PICK,FALSE,492
3497,Ecommerce,1,B,5,2,1-B-5-2,1-B-5-2,PICK,FALSE,493
3507,Ecommerce,1,B,5,3,1-B-5-3,1-B-5-3,PICK,FALSE,494
3498,Ecommerce,1,B,6,2,1-B-6-2,1-B-6-2,PICK,FALSE,495
3508,Ecommerce,1,B,6,3,1-B-6-3,1-B-6-3,PICK,FALSE,496
3499,Ecommerce,1,B,7,2,1-B-7-2,1-B-7-2,PICK,FALSE,497
3509,Ecommerce,1,B,7,3,1-B-7-3,1-B-7-3,PICK,FALSE,498
3500,Ecommerce,1,B,8,2,1-B-8-2,1-B-8-2,PICK,FALSE,499
3510,Ecommerce,1,B,8,3,1-B-8-3,1-B-8-3,PICK,FALSE,500
3501,Ecommerce,1,B,9,2,1-B-9-2,1-B-9-2,PICK,FALSE,501
3511,Ecommerce,1,B,9,3,1-B-9-3,1-B-9-3,PICK,FALSE,502
3502,Ecommerce,1,B,10,2,1-B-10-2,1-B-10-2,PICK,FALSE,503
3512,Ecommerce,1,B,10,3,1-B-10-3,1-B-10-3,PICK,FALSE,504
3552,Ecommerce,1,C,10,2,1-C-10-2,1-C-10-2,PICK,FALSE,505
3562,Ecommerce,1,C,10,3,1-C-10-3,1-C-10-3,PICK,FALSE,506
3551,Ecommerce,1,C,9,2,1-C-9-2,1-C-9-2,PICK,FALSE,507
3561,Ecommerce,1,C,9,3,1-C-9-3,1-C-9-3,PICK,FALSE,508
3550,Ecommerce,1,C,8,2,1-C-8-2,1-C-8-2,PICK,FALSE,509
3560,Ecommerce,1,C,8,3,1-C-8-3,1-C-8-3,PICK,FALSE,510
3549,Ecommerce,1,C,7,2,1-C-7-2,1-C-7-2,PICK,FALSE,511
3559,Ecommerce,1,C,7,3,1-C-7-3,1-C-7-3,PICK,FALSE,512
3548,Ecommerce,1,C,6,2,1-C-6-2,1-C-6-2,PICK,FALSE,513
3558,Ecommerce,1,C,6,3,1-C-6-3,1-C-6-3,PICK,FALSE,514
3547,Ecommerce,1,C,5,2,1-C-5-2,1-C-5-2,PICK,FALSE,515
3557,Ecommerce,1,C,5,3,1-C-5-3,1-C-5-3,PICK,FALSE,516
3546,Ecommerce,1,C,4,2,1-C-4-2,1-C-4-2,PICK,FALSE,517
3556,Ecommerce,1,C,4,3,1-C-4-3,1-C-4-3,PICK,FALSE,518
3545,Ecommerce,1,C,3,2,1-C-3-2,1-C-3-2,PICK,FALSE,519
3555,Ecommerce,1,C,3,3,1-C-3-3,1-C-3-3,PICK,FALSE,520
3544,Ecommerce,1,C,2,2,1-C-2-2,1-C-2-2,PICK,FALSE,521
3554,Ecommerce,1,C,2,3,1-C-2-3,1-C-2-3,PICK,FALSE,522
3543,Ecommerce,1,C,1,2,1-C-1-2,1-C-1-2,PICK,FALSE,523
3553,Ecommerce,1,C,1,3,1-C-1-3,1-C-1-3,PICK,FALSE,524
3593,Ecommerce,1,D,1,2,1-D-1-2,1-D-1-2,PICK,FALSE,525
3603,Ecommerce,1,D,1,3,1-D-1-3,1-D-1-3,PICK,FALSE,526
3594,Ecommerce,1,D,2,2,1-D-2-2,1-D-2-2,PICK,FALSE,527
3604,Ecommerce,1,D,2,3,1-D-2-3,1-D-2-3,PICK,FALSE,528
3595,Ecommerce,1,D,3,2,1-D-3-2,1-D-3-2,PICK,FALSE,529
3605,Ecommerce,1,D,3,3,1-D-3-3,1-D-3-3,PICK,FALSE,530
3596,Ecommerce,1,D,4,2,1-D-4-2,1-D-4-2,PICK,FALSE,531
3606,Ecommerce,1,D,4,3,1-D-4-3,1-D-4-3,PICK,FALSE,532
3597,Ecommerce,1,D,5,2,1-D-5-2,1-D-5-2,PICK,FALSE,533
3607,Ecommerce,1,D,5,3,1-D-5-3,1-D-5-3,PICK,FALSE,534
3598,Ecommerce,1,D,6,2,1-D-6-2,1-D-6-2,PICK,FALSE,535
3608,Ecommerce,1,D,6,3,1-D-6-3,1-D-6-3,PICK,FALSE,536
3599,Ecommerce,1,D,7,2,1-D-7-2,1-D-7-2,PICK,FALSE,537
3609,Ecommerce,1,D,7,3,1-D-7-3,1-D-7-3,PICK,FALSE,538
3600,Ecommerce,1,D,8,2,1-D-8-2,1-D-8-2,PICK,FALSE,539
3610,Ecommerce,1,D,8,3,1-D-8-3,1-D-8-3,PICK,FALSE,540
3601,Ecommerce,1,D,9,2,1-D-9-2,1-D-9-2,PICK,FALSE,541
3611,Ecommerce,1,D,9,3,1-D-9-3,1-D-9-3,PICK,FALSE,542
3602,Ecommerce,1,D,10,2,1-D-10-2,1-D-10-2,PICK,FALSE,543
3612,Ecommerce,1,D,10,3,1-D-10-3,1-D-10-3,PICK,FALSE,544
3643,Ecommerce,1,E,1,4,1-E-1-4,1-E-1-4,PICK,FALSE,545
3644,Ecommerce,1,E,2,4,1-E-2-4,1-E-2-4,PICK,FALSE,546
3645,Ecommerce,1,E,3,4,1-E-3-4,1-E-3-4,PICK,FALSE,547
3646,Ecommerce,1,E,4,4,1-E-4-4,1-E-4-4,PICK,FALSE,548
3647,Ecommerce,1,E,5,4,1-E-5-4,1-E-5-4,PICK,FALSE,549
3672,Ecommerce,1,F,5,4,1-F-5-4,1-F-5-4,PICK,FALSE,550
3671,Ecommerce,1,F,4,4,1-F-4-4,1-F-4-4,PICK,FALSE,551
3670,Ecommerce,1,F,3,4,1-F-3-4,1-F-3-4,PICK,FALSE,552
3669,Ecommerce,1,F,2,4,1-F-2-4,1-F-2-4,PICK,FALSE,553
3668,Ecommerce,1,F,1,4,1-F-1-4,1-F-1-4,PICK,FALSE,554
3693,Ecommerce,1,G,1,4,1-G-1-4,1-G-1-4,PICK,FALSE,555
3694,Ecommerce,1,G,2,4,1-G-2-4,1-G-2-4,PICK,FALSE,556
3695,Ecommerce,1,G,3,4,1-G-3-4,1-G-3-4,PICK,FALSE,557
3696,Ecommerce,1,G,4,4,1-G-4-4,1-G-4-4,PICK,FALSE,558
3697,Ecommerce,1,G,5,4,1-G-5-4,1-G-5-4,PICK,FALSE,559
3722,Ecommerce,1,H,5,4,1-H-5-4,1-H-5-4,PICK,FALSE,560
3721,Ecommerce,1,H,4,4,1-H-4-4,1-H-4-4,PICK,FALSE,561
3720,Ecommerce,1,H,3,4,1-H-3-4,1-H-3-4,PICK,FALSE,562
3719,Ecommerce,1,H,2,4,1-H-2-4,1-H-2-4,PICK,FALSE,563
3718,Ecommerce,1,H,1,4,1-H-1-4,1-H-1-4,PICK,FALSE,564
3743,Ecommerce,1,I,1,4,1-I-1-4,1-I-1-4,PICK,FALSE,565
3744,Ecommerce,1,I,2,4,1-I-2-4,1-I-2-4,PICK,FALSE,566
3745,Ecommerce,1,I,3,4,1-I-3-4,1-I-3-4,PICK,FALSE,567
3746,Ecommerce,1,I,4,4,1-I-4-4,1-I-4-4,PICK,FALSE,568
3747,Ecommerce,1,I,5,4,1-I-5-4,1-I-5-4,PICK,FALSE,569
3772,Ecommerce,1,J,5,4,1-J-5-4,1-J-5-4,PICK,FALSE,570
3771,Ecommerce,1,J,4,4,1-J-4-4,1-J-4-4,PICK,FALSE,571
3770,Ecommerce,1,J,3,4,1-J-3-4,1-J-3-4,PICK,FALSE,572
3769,Ecommerce,1,J,2,4,1-J-2-4,1-J-2-4,PICK,FALSE,573
3768,Ecommerce,1,J,1,4,1-J-1-4,1-J-1-4,PICK,FALSE,574
3793,Ecommerce,1,K,1,4,1-K-1-4,1-K-1-4,PICK,FALSE,575
3794,Ecommerce,1,K,2,4,1-K-2-4,1-K-2-4,PICK,FALSE,576
3795,Ecommerce,1,K,3,4,1-K-3-4,1-K-3-4,PICK,FALSE,577
3796,Ecommerce,1,K,4,4,1-K-4-4,1-K-4-4,PICK,FALSE,578
3797,Ecommerce,1,K,5,4,1-K-5-4,1-K-5-4,PICK,FALSE,579
3822,Ecommerce,1,L,5,4,1-L-5-4,1-L-5-4,PICK,FALSE,580
3821,Ecommerce,1,L,4,4,1-L-4-4,1-L-4-4,PICK,FALSE,581
3820,Ecommerce,1,L,3,4,1-L-3-4,1-L-3-4,PICK,FALSE,582
3819,Ecommerce,1,L,2,4,1-L-2-4,1-L-2-4,PICK,FALSE,583
3818,Ecommerce,1,L,1,4,1-L-1-4,1-L-1-4,PICK,FALSE,584
3843,Ecommerce,1,M,1,4,1-M-1-4,1-M-1-4,PICK,FALSE,585
3844,Ecommerce,1,M,2,4,1-M-2-4,1-M-2-4,PICK,FALSE,586
3845,Ecommerce,1,M,3,4,1-M-3-4,1-M-3-4,PICK,FALSE,587
3846,Ecommerce,1,M,4,4,1-M-4-4,1-M-4-4,PICK,FALSE,588
3847,Ecommerce,1,M,5,4,1-M-5-4,1-M-5-4,PICK,FALSE,589
3872,Ecommerce,1,N,5,4,1-N-5-4,1-N-5-4,PICK,FALSE,590
3871,Ecommerce,1,N,4,4,1-N-4-4,1-N-4-4,PICK,FALSE,591
3870,Ecommerce,1,N,3,4,1-N-3-4,1-N-3-4,PICK,FALSE,592
3869,Ecommerce,1,N,2,4,1-N-2-4,1-N-2-4,PICK,FALSE,593
3868,Ecommerce,1,N,1,4,1-N-1-4,1-N-1-4,PICK,FALSE,594
3893,Ecommerce,1,O,1,4,1-O-1-4,1-O-1-4,PICK,FALSE,595
3894,Ecommerce,1,O,2,4,1-O-2-4,1-O-2-4,PICK,FALSE,596
3895,Ecommerce,1,O,3,4,1-O-3-4,1-O-3-4,PICK,FALSE,597
3896,Ecommerce,1,O,4,4,1-O-4-4,1-O-4-4,PICK,FALSE,598
3897,Ecommerce,1,O,5,4,1-O-5-4,1-O-5-4,PICK,FALSE,599
3922,Ecommerce,1,P,5,4,1-P-5-4,1-P-5-4,PICK,FALSE,600
3921,Ecommerce,1,P,4,4,1-P-4-4,1-P-4-4,PICK,FALSE,601
3920,Ecommerce,1,P,3,4,1-P-3-4,1-P-3-4,PICK,FALSE,602
3919,Ecommerce,1,P,2,4,1-P-2-4,1-P-2-4,PICK,FALSE,603
3918,Ecommerce,1,P,1,4,1-P-1-4,1-P-1-4,PICK,FALSE,604
3943,Ecommerce,1,Q,1,4,1-Q-1-4,1-Q-1-4,PICK,FALSE,605
3944,Ecommerce,1,Q,2,4,1-Q-2-4,1-Q-2-4,PICK,FALSE,606
3945,Ecommerce,1,Q,3,4,1-Q-3-4,1-Q-3-4,PICK,FALSE,607
3946,Ecommerce,1,Q,4,4,1-Q-4-4,1-Q-4-4,PICK,FALSE,608
3947,Ecommerce,1,Q,5,4,1-Q-5-4,1-Q-5-4,PICK,FALSE,609
3972,Ecommerce,1,R,5,4,1-R-5-4,1-R-5-4,PICK,FALSE,610
3971,Ecommerce,1,R,4,4,1-R-4-4,1-R-4-4,PICK,FALSE,611
3970,Ecommerce,1,R,3,4,1-R-3-4,1-R-3-4,PICK,FALSE,612
3969,Ecommerce,1,R,2,4,1-R-2-4,1-R-2-4,PICK,FALSE,613
3968,Ecommerce,1,R,1,4,1-R-1-4,1-R-1-4,PICK,FALSE,614
3993,Ecommerce,1,S,1,4,1-S-1-4,1-S-1-4,PICK,FALSE,615
3994,Ecommerce,1,S,2,4,1-S-2-4,1-S-2-4,PICK,FALSE,616
3995,Ecommerce,1,S,3,4,1-S-3-4,1-S-3-4,PICK,FALSE,617
3996,Ecommerce,1,S,4,4,1-S-4-4,1-S-4-4,PICK,FALSE,618
3997,Ecommerce,1,S,5,4,1-S-5-4,1-S-5-4,PICK,FALSE,619
4022,Ecommerce,1,T,5,4,1-T-5-4,1-T-5-4,PICK,FALSE,620
4021,Ecommerce,1,T,4,4,1-T-4-4,1-T-4-4,PICK,FALSE,621
4020,Ecommerce,1,T,3,4,1-T-3-4,1-T-3-4,PICK,FALSE,622
4019,Ecommerce,1,T,2,4,1-T-2-4,1-T-2-4,PICK,FALSE,623
4018,Ecommerce,1,T,1,4,1-T-1-4,1-T-1-4,PICK,FALSE,624
4039,Ecommerce,1,U,1,4,1-U-1-4,1-U-1-4,PICK,FALSE,625
4040,Ecommerce,1,U,2,4,1-U-2-4,1-U-2-4,PICK,FALSE,626
4041,Ecommerce,1,U,3,4,1-U-3-4,1-U-3-4,PICK,FALSE,627
4042,Ecommerce,1,U,4,4,1-U-4-4,1-U-4-4,PICK,FALSE,628
4062,Ecommerce,1,V,4,4,1-V-4-4,1-V-4-4,PICK,FALSE,629
19537,Ecommerce,1,V,4,4,1-V-4-4-1,1-V-4-4-1,PICK,FALSE,629
19538,Ecommerce,1,V,4,4,1-V-4-4-2,1-V-4-4-2,PICK,FALSE,629
19539,Ecommerce,1,V,4,4,1-V-4-4-3,1-V-4-4-3,PICK,FALSE,629
19540,Ecommerce,1,V,4,4,1-V-4-4-4,1-V-4-4-4,PICK,FALSE,629
19541,Ecommerce,1,V,4,4,1-V-4-4-5,1-V-4-4-5,PICK,FALSE,629
19542,Ecommerce,1,V,4,4,1-V-4-4-6,1-V-4-4-6,PICK,FALSE,629
19543,Ecommerce,1,V,4,4,1-V-4-4-7,1-V-4-4-7,PICK,FALSE,629
19544,Ecommerce,1,V,4,4,1-V-4-4-8,1-V-4-4-8,PICK,FALSE,629
19545,Ecommerce,1,V,4,4,1-V-4-4-9,1-V-4-4-9,PICK,FALSE,629
19546,Ecommerce,1,V,4,4,1-V-4-4-10,1-V-4-4-10,PICK,FALSE,629
19547,Ecommerce,1,V,4,4,1-V-4-4-11,1-V-4-4-11,PICK,FALSE,629
19548,Ecommerce,1,V,4,4,1-V-4-4-12,1-V-4-4-12,PICK,FALSE,629
4061,Ecommerce,1,V,3,4,1-V-3-4,1-V-3-4,PICK,FALSE,630
4060,Ecommerce,1,V,2,4,1-V-2-4,1-V-2-4,PICK,FALSE,631
4059,Ecommerce,1,V,1,4,1-V-1-4,1-V-1-4,PICK,FALSE,632
4079,Ecommerce,1,W,1,4,1-W-1-4,1-W-1-4,PICK,FALSE,633
19473,Ecommerce,1,W,1,4,1-W-1-4-1,1-W-1-4-1,PICK,FALSE,633
19474,Ecommerce,1,W,1,4,1-W-1-4-2,1-W-1-4-2,PICK,FALSE,633
19475,Ecommerce,1,W,1,4,1-W-1-4-3,1-W-1-4-3,PICK,FALSE,633
19476,Ecommerce,1,W,1,4,1-W-1-4-4,1-W-1-4-4,PICK,FALSE,633
19477,Ecommerce,1,W,1,4,1-W-1-4-5,1-W-1-4-5,PICK,FALSE,633
19478,Ecommerce,1,W,1,4,1-W-1-4-6,1-W-1-4-6,PICK,FALSE,633
19479,Ecommerce,1,W,1,4,1-W-1-4-7,1-W-1-4-7,PICK,FALSE,633
19480,Ecommerce,1,W,1,4,1-W-1-4-8,1-W-1-4-8,PICK,FALSE,633
19481,Ecommerce,1,W,1,4,1-W-1-4-9,1-W-1-4-9,PICK,FALSE,633
19482,Ecommerce,1,W,1,4,1-W-1-4-10,1-W-1-4-10,PICK,FALSE,633
19483,Ecommerce,1,W,1,4,1-W-1-4-11,1-W-1-4-11,PICK,FALSE,633
19484,Ecommerce,1,W,1,4,1-W-1-4-12,1-W-1-4-12,PICK,FALSE,633
19485,Ecommerce,1,W,2,4,1-W-2-4-1,1-W-2-4-1,PICK,FALSE,634
19486,Ecommerce,1,W,2,4,1-W-2-4-2,1-W-2-4-2,PICK,FALSE,634
19487,Ecommerce,1,W,2,4,1-W-2-4-3,1-W-2-4-3,PICK,FALSE,634
19488,Ecommerce,1,W,2,4,1-W-2-4-4,1-W-2-4-4,PICK,FALSE,634
19489,Ecommerce,1,W,2,4,1-W-2-4-5,1-W-2-4-5,PICK,FALSE,634
19490,Ecommerce,1,W,2,4,1-W-2-4-6,1-W-2-4-6,PICK,FALSE,634
19491,Ecommerce,1,W,2,4,1-W-2-4-7,1-W-2-4-7,PICK,FALSE,634
19492,Ecommerce,1,W,2,4,1-W-2-4-8,1-W-2-4-8,PICK,FALSE,634
19493,Ecommerce,1,W,2,4,1-W-2-4-9,1-W-2-4-9,PICK,FALSE,634
19494,Ecommerce,1,W,2,4,1-W-2-4-10,1-W-2-4-10,PICK,FALSE,634
19495,Ecommerce,1,W,2,4,1-W-2-4-11,1-W-2-4-11,PICK,FALSE,634
19496,Ecommerce,1,W,2,4,1-W-2-4-12,1-W-2-4-12,PICK,FALSE,634
4080,Ecommerce,1,W,2,4,1-W-2-4,1-W-2-4,PICK,FALSE,634
4081,Ecommerce,1,W,3,4,1-W-3-4,1-W-3-4,PICK,FALSE,635
19497,Ecommerce,1,W,3,4,1-W-3-4-1,1-W-3-4-1,PICK,FALSE,635
19498,Ecommerce,1,W,3,4,1-W-3-4-2,1-W-3-4-2,PICK,FALSE,635
19499,Ecommerce,1,W,3,4,1-W-3-4-3,1-W-3-4-3,PICK,FALSE,635
19500,Ecommerce,1,W,3,4,1-W-3-4-4,1-W-3-4-4,PICK,FALSE,635
19501,Ecommerce,1,W,3,4,1-W-3-4-5,1-W-3-4-5,PICK,FALSE,635
19502,Ecommerce,1,W,3,4,1-W-3-4-6,1-W-3-4-6,PICK,FALSE,635
19503,Ecommerce,1,W,3,4,1-W-3-4-7,1-W-3-4-7,PICK,FALSE,635
19504,Ecommerce,1,W,3,4,1-W-3-4-8,1-W-3-4-8,PICK,FALSE,635
19505,Ecommerce,1,W,3,4,1-W-3-4-9,1-W-3-4-9,PICK,FALSE,635
19506,Ecommerce,1,W,3,4,1-W-3-4-10,1-W-3-4-10,PICK,FALSE,635
19507,Ecommerce,1,W,3,4,1-W-3-4-11,1-W-3-4-11,PICK,FALSE,635
19508,Ecommerce,1,W,3,4,1-W-3-4-12,1-W-3-4-12,PICK,FALSE,635
20211,Ecommerce,1,W,4,4,1-W-4-4-1,1-W-4-4-1,PICK,FALSE,636
20212,Ecommerce,1,W,4,4,1-W-4-4-2,1-W-4-4-2,PICK,FALSE,636
20213,Ecommerce,1,W,4,4,1-W-4-4-3,1-W-4-4-3,PICK,FALSE,636
20214,Ecommerce,1,W,4,4,1-W-4-4-4,1-W-4-4-4,PICK,FALSE,636
20215,Ecommerce,1,W,4,4,1-W-4-4-5,1-W-4-4-5,PICK,FALSE,636
20216,Ecommerce,1,W,4,4,1-W-4-4-6,1-W-4-4-6,PICK,FALSE,636
20217,Ecommerce,1,W,4,4,1-W-4-4-7,1-W-4-4-7,PICK,FALSE,636
20218,Ecommerce,1,W,4,4,1-W-4-4-8,1-W-4-4-8,PICK,FALSE,636
20219,Ecommerce,1,W,4,4,1-W-4-4-9,1-W-4-4-9,PICK,FALSE,636
20220,Ecommerce,1,W,4,4,1-W-4-4-10,1-W-4-4-10,PICK,FALSE,636
20221,Ecommerce,1,W,4,4,1-W-4-4-11,1-W-4-4-11,PICK,FALSE,636
20222,Ecommerce,1,W,4,4,1-W-4-4-12,1-W-4-4-12,PICK,FALSE,636
4082,Ecommerce,1,W,4,4,1-W-4-4,1-W-4-4,PICK,FALSE,636
20223,Ecommerce,1,X,4,4,1-X-4-4-1,1-X-4-4-1,PICK,FALSE,637
20224,Ecommerce,1,X,4,4,1-X-4-4-2,1-X-4-4-2,PICK,FALSE,637
20225,Ecommerce,1,X,4,4,1-X-4-4-3,1-X-4-4-3,PICK,FALSE,637
20226,Ecommerce,1,X,4,4,1-X-4-4-4,1-X-4-4-4,PICK,FALSE,637
20227,Ecommerce,1,X,4,4,1-X-4-4-5,1-X-4-4-5,PICK,FALSE,637
20228,Ecommerce,1,X,4,4,1-X-4-4-6,1-X-4-4-6,PICK,FALSE,637
20229,Ecommerce,1,X,4,4,1-X-4-4-7,1-X-4-4-7,PICK,FALSE,637
20230,Ecommerce,1,X,4,4,1-X-4-4-8,1-X-4-4-8,PICK,FALSE,637
20231,Ecommerce,1,X,4,4,1-X-4-4-9,1-X-4-4-9,PICK,FALSE,637
20232,Ecommerce,1,X,4,4,1-X-4-4-10,1-X-4-4-10,PICK,FALSE,637
20233,Ecommerce,1,X,4,4,1-X-4-4-11,1-X-4-4-11,PICK,FALSE,637
20234,Ecommerce,1,X,4,4,1-X-4-4-12,1-X-4-4-12,PICK,FALSE,637
4102,Ecommerce,1,X,4,4,1-X-4-4,1-X-4-4,PICK,FALSE,637
4101,Ecommerce,1,X,3,4,1-X-3-4,1-X-3-4,PICK,FALSE,638
19377,Ecommerce,1,X,3,4,1-X-3-4-1,1-X-3-4-1,PICK,FALSE,638
19378,Ecommerce,1,X,3,4,1-X-3-4-2,1-X-3-4-2,PICK,FALSE,638
19379,Ecommerce,1,X,3,4,1-X-3-4-3,1-X-3-4-3,PICK,FALSE,638
19380,Ecommerce,1,X,3,4,1-X-3-4-4,1-X-3-4-4,PICK,FALSE,638
19381,Ecommerce,1,X,3,4,1-X-3-4-5,1-X-3-4-5,PICK,FALSE,638
19382,Ecommerce,1,X,3,4,1-X-3-4-6,1-X-3-4-6,PICK,FALSE,638
19383,Ecommerce,1,X,3,4,1-X-3-4-7,1-X-3-4-7,PICK,FALSE,638
19384,Ecommerce,1,X,3,4,1-X-3-4-8,1-X-3-4-8,PICK,FALSE,638
19385,Ecommerce,1,X,3,4,1-X-3-4-9,1-X-3-4-9,PICK,FALSE,638
19386,Ecommerce,1,X,3,4,1-X-3-4-10,1-X-3-4-10,PICK,FALSE,638
19387,Ecommerce,1,X,3,4,1-X-3-4-11,1-X-3-4-11,PICK,FALSE,638
19388,Ecommerce,1,X,3,4,1-X-3-4-12,1-X-3-4-12,PICK,FALSE,638
19365,Ecommerce,1,X,2,4,1-X-2-4-1,* 1-X-2-4-1,PICK,FALSE,639
19366,Ecommerce,1,X,2,4,1-X-2-4-2,* 1-X-2-4-2,PICK,FALSE,639
19367,Ecommerce,1,X,2,4,1-X-2-4-3,* 1-X-2-4-3,PICK,FALSE,639
19368,Ecommerce,1,X,2,4,1-X-2-4-4,* 1-X-2-4-4,PICK,FALSE,639
19369,Ecommerce,1,X,2,4,1-X-2-4-5,* 1-X-2-4-5,PICK,FALSE,639
19370,Ecommerce,1,X,2,4,1-X-2-4-6,* 1-X-2-4-6,PICK,FALSE,639
19371,Ecommerce,1,X,2,4,1-X-2-4-7,1-X-2-4-7,PICK,FALSE,639
19372,Ecommerce,1,X,2,4,1-X-2-4-8,1-X-2-4-8,PICK,FALSE,639
19373,Ecommerce,1,X,2,4,1-X-2-4-9,1-X-2-4-9,PICK,FALSE,639
19374,Ecommerce,1,X,2,4,1-X-2-4-10,1-X-2-4-10,PICK,FALSE,639
19375,Ecommerce,1,X,2,4,1-X-2-4-11,1-X-2-4-11,PICK,FALSE,639
19376,Ecommerce,1,X,2,4,1-X-2-4-12,1-X-2-4-12,PICK,FALSE,639
4100,Ecommerce,1,X,2,4,1-X-2-4,1-X-2-4,PICK,FALSE,639
4099,Ecommerce,1,X,1,4,1-X-1-4,1-X-1-4,PICK,FALSE,640
19389,Ecommerce,1,X,1,4,* 1-X-1-4-7,* 1-X-1-4-7,PICK,FALSE,640
19390,Ecommerce,1,X,1,4,* 1-X-1-4-8,* 1-X-1-4-8,PICK,FALSE,640
19391,Ecommerce,1,X,1,4,* 1-X-1-4-9,* 1-X-1-4-9,PICK,FALSE,640
19392,Ecommerce,1,X,1,4,* 1-X-1-4-10,* 1-X-1-4-10,PICK,FALSE,640
19393,Ecommerce,1,X,1,4,* 1-X-1-4-11,* 1-X-1-4-11,PICK,FALSE,640
19394,Ecommerce,1,X,1,4,* 1-X-1-4-12,* 1-X-1-4-12,PICK,FALSE,640
19395,Ecommerce,1,X,1,4,* 1-X-1-4-13,* 1-X-1-4-13,PICK,FALSE,640
19396,Ecommerce,1,X,1,4,* 1-X-1-4-14,* 1-X-1-4-14,PICK,FALSE,640
19397,Ecommerce,1,X,1,4,* 1-X-1-4-15,* 1-X-1-4-15,PICK,FALSE,640
19398,Ecommerce,1,X,1,4,* 1-X-1-4-16,* 1-X-1-4-16,PICK,FALSE,640
19399,Ecommerce,1,X,1,4,* 1-X-1-4-17,* 1-X-1-4-17,PICK,FALSE,640
19400,Ecommerce,1,X,1,4,* 1-X-1-4-18,* 1-X-1-4-18,PICK,FALSE,640
19353,Ecommerce,1,X,1,4,1-X-1-4-1,1-X-1-4-1,PICK,FALSE,640
19354,Ecommerce,1,X,1,4,1-X-1-4-2,1-X-1-4-2,PICK,FALSE,640
19355,Ecommerce,1,X,1,4,1-X-1-4-3,1-X-1-4-3,PICK,FALSE,640
19356,Ecommerce,1,X,1,4,1-X-1-4-4,1-X-1-4-4,PICK,FALSE,640
19357,Ecommerce,1,X,1,4,1-X-1-4-5,1-X-1-4-5,PICK,FALSE,640
19358,Ecommerce,1,X,1,4,1-X-1-4-6,1-X-1-4-6,PICK,FALSE,640
10931,Ecommerce,2,A,1,0,2-A-1-0,2-A-1-0,PICK,FALSE,641
10930,Ecommerce,2,A,1,1,2-A-1-1,2-A-1-1,PICK,FALSE,642
10929,Ecommerce,2,A,2,0,2-A-2-0,2-A-2-0,PICK,FALSE,643
10928,Ecommerce,2,A,2,1,2-A-2-1,2-A-2-1,PICK,FALSE,644
10927,Ecommerce,2,A,3,0,2-A-3-0,2-A-3-0,PICK,FALSE,645
,Ecommerce,2,A,3,0,2-A-3-0-1,2-A-3-0-1,PICK,FALSE,645
,Ecommerce,2,A,3,0,2-A-3-0-2,2-A-3-0-2,PICK,FALSE,645
,Ecommerce,2,A,3,0,2-A-3-0-3,2-A-3-0-3,PICK,FALSE,645
,Ecommerce,2,A,3,0,2-A-3-0-4,2-A-3-0-4,PICK,FALSE,645
,Ecommerce,2,A,3,0,2-A-3-0-5,2-A-3-0-5,PICK,FALSE,645
,Ecommerce,2,A,3,0,2-A-3-0-6,2-A-3-0-6,PICK,FALSE,645
,Ecommerce,2,A,3,0,2-A-3-0-7,2-A-3-0-7,PICK,FALSE,645
,Ecommerce,2,A,3,0,2-A-3-0-8,2-A-3-0-8,PICK,FALSE,645
,Ecommerce,2,A,3,0,2-A-3-0-9,2-A-3-0-9,PICK,FALSE,645
,Ecommerce,2,A,3,0,2-A-3-0-10,2-A-3-0-10,PICK,FALSE,645
,Ecommerce,2,A,3,0,2-A-3-0-11,2-A-3-0-11,PICK,FALSE,645
,Ecommerce,2,A,3,0,2-A-3-0-12,2-A-3-0-12,PICK,FALSE,645
,Ecommerce,2,A,3,0,2-A-3-0-13,2-A-3-0-13,PICK,FALSE,645
,Ecommerce,2,A,3,0,2-A-3-0-14,2-A-3-0-14,PICK,FALSE,645
,Ecommerce,2,A,3,0,2-A-3-0-15,2-A-3-0-15,PICK,FALSE,645
,Ecommerce,2,A,3,0,2-A-3-0-16,2-A-3-0-16,PICK,FALSE,645
,Ecommerce,2,A,3,0,2-A-3-0-17,2-A-3-0-17,PICK,FALSE,645
,Ecommerce,2,A,3,0,2-A-3-0-18,2-A-3-0-18,PICK,FALSE,645
10926,Ecommerce,2,A,3,1,2-A-3-1,2-A-3-1,PICK,FALSE,646
,Ecommerce,2,A,3,1,2-A-3-1-1,2-A-3-1-1,PICK,FALSE,646
,Ecommerce,2,A,3,1,2-A-3-1-2,2-A-3-1-2,PICK,FALSE,646
,Ecommerce,2,A,3,1,2-A-3-1-3,2-A-3-1-3,PICK,FALSE,646
,Ecommerce,2,A,3,1,2-A-3-1-4,2-A-3-1-4,PICK,FALSE,646
,Ecommerce,2,A,3,1,2-A-3-1-5,2-A-3-1-5,PICK,FALSE,646
,Ecommerce,2,A,3,1,2-A-3-1-6,2-A-3-1-6,PICK,FALSE,646
,Ecommerce,2,A,3,1,2-A-3-1-7,2-A-3-1-7,PICK,FALSE,646
,Ecommerce,2,A,3,1,2-A-3-1-8,2-A-3-1-8,PICK,FALSE,646
,Ecommerce,2,A,3,1,2-A-3-1-9,2-A-3-1-9,PICK,FALSE,646
,Ecommerce,2,A,3,1,2-A-3-1-10,2-A-3-1-10,PICK,FALSE,646
,Ecommerce,2,A,3,1,2-A-3-1-11,2-A-3-1-11,PICK,FALSE,646
,Ecommerce,2,A,3,1,2-A-3-1-12,2-A-3-1-12,PICK,FALSE,646
,Ecommerce,2,A,3,1,2-A-3-1-13,2-A-3-1-13,PICK,FALSE,646
,Ecommerce,2,A,3,1,2-A-3-1-14,2-A-3-1-14,PICK,FALSE,646
,Ecommerce,2,A,3,1,2-A-3-1-15,2-A-3-1-15,PICK,FALSE,646
,Ecommerce,2,A,3,1,2-A-3-1-16,2-A-3-1-16,PICK,FALSE,646
,Ecommerce,2,A,3,1,2-A-3-1-17,2-A-3-1-17,PICK,FALSE,646
,Ecommerce,2,A,3,1,2-A-3-1-18,2-A-3-1-18,PICK,FALSE,646
10925,Ecommerce,2,A,4,0,2-A-4-0,2-A-4-0,PICK,FALSE,647
,Ecommerce,2,A,4,0,2-A-4-0-1,2-A-4-0-1,PICK,FALSE,647
,Ecommerce,2,A,4,0,2-A-4-0-2,2-A-4-0-2,PICK,FALSE,647
,Ecommerce,2,A,4,0,2-A-4-0-3,2-A-4-0-3,PICK,FALSE,647
,Ecommerce,2,A,4,0,2-A-4-0-4,2-A-4-0-4,PICK,FALSE,647
,Ecommerce,2,A,4,0,2-A-4-0-5,2-A-4-0-5,PICK,FALSE,647
,Ecommerce,2,A,4,0,2-A-4-0-6,2-A-4-0-6,PICK,FALSE,647
,Ecommerce,2,A,4,0,2-A-4-0-7,2-A-4-0-7,PICK,FALSE,647
,Ecommerce,2,A,4,0,2-A-4-0-8,2-A-4-0-8,PICK,FALSE,647
,Ecommerce,2,A,4,0,2-A-4-0-9,2-A-4-0-9,PICK,FALSE,647
,Ecommerce,2,A,4,0,2-A-4-0-10,2-A-4-0-10,PICK,FALSE,647
,Ecommerce,2,A,4,0,2-A-4-0-11,2-A-4-0-11,PICK,FALSE,647
,Ecommerce,2,A,4,0,2-A-4-0-12,2-A-4-0-12,PICK,FALSE,647
,Ecommerce,2,A,4,0,2-A-4-0-13,2-A-4-0-13,PICK,FALSE,647
,Ecommerce,2,A,4,0,2-A-4-0-14,2-A-4-0-14,PICK,FALSE,647
,Ecommerce,2,A,4,0,2-A-4-0-15,2-A-4-0-15,PICK,FALSE,647
,Ecommerce,2,A,4,0,2-A-4-0-16,2-A-4-0-16,PICK,FALSE,647
,Ecommerce,2,A,4,0,2-A-4-0-17,2-A-4-0-17,PICK,FALSE,647
,Ecommerce,2,A,4,0,2-A-4-0-18,2-A-4-0-18,PICK,FALSE,647
10924,Ecommerce,2,A,4,1,2-A-4-1,2-A-4-1,PICK,FALSE,648
,Ecommerce,2,A,4,1,2-A-4-1-1,2-A-4-1-1,PICK,FALSE,648
,Ecommerce,2,A,4,1,2-A-4-1-2,2-A-4-1-2,PICK,FALSE,648
,Ecommerce,2,A,4,1,2-A-4-1-3,2-A-4-1-3,PICK,FALSE,648
,Ecommerce,2,A,4,1,2-A-4-1-4,2-A-4-1-4,PICK,FALSE,648
,Ecommerce,2,A,4,1,2-A-4-1-5,2-A-4-1-5,PICK,FALSE,648
,Ecommerce,2,A,4,1,2-A-4-1-6,2-A-4-1-6,PICK,FALSE,648
,Ecommerce,2,A,4,1,2-A-4-1-7,2-A-4-1-7,PICK,FALSE,648
,Ecommerce,2,A,4,1,2-A-4-1-8,2-A-4-1-8,PICK,FALSE,648
,Ecommerce,2,A,4,1,2-A-4-1-9,2-A-4-1-9,PICK,FALSE,648
,Ecommerce,2,A,4,1,2-A-4-1-10,2-A-4-1-10,PICK,FALSE,648
,Ecommerce,2,A,4,1,2-A-4-1-11,2-A-4-1-11,PICK,FALSE,648
,Ecommerce,2,A,4,1,2-A-4-1-12,2-A-4-1-12,PICK,FALSE,648
,Ecommerce,2,A,4,1,2-A-4-1-13,2-A-4-1-13,PICK,FALSE,648
,Ecommerce,2,A,4,1,2-A-4-1-14,2-A-4-1-14,PICK,FALSE,648
,Ecommerce,2,A,4,1,2-A-4-1-15,2-A-4-1-15,PICK,FALSE,648
,Ecommerce,2,A,4,1,2-A-4-1-16,2-A-4-1-16,PICK,FALSE,648
,Ecommerce,2,A,4,1,2-A-4-1-17,2-A-4-1-17,PICK,FALSE,648
,Ecommerce,2,A,4,1,2-A-4-1-18,2-A-4-1-18,PICK,FALSE,648
10923,Ecommerce,2,A,5,0,2-A-5-0,2-A-5-0,PICK,FALSE,649
,Ecommerce,2,A,5,0,2-A-5-0-1,2-A-5-0-1,PICK,FALSE,649
,Ecommerce,2,A,5,0,2-A-5-0-2,2-A-5-0-2,PICK,FALSE,649
,Ecommerce,2,A,5,0,2-A-5-0-3,2-A-5-0-3,PICK,FALSE,649
,Ecommerce,2,A,5,0,2-A-5-0-4,2-A-5-0-4,PICK,FALSE,649
,Ecommerce,2,A,5,0,2-A-5-0-5,2-A-5-0-5,PICK,FALSE,649
,Ecommerce,2,A,5,0,2-A-5-0-6,2-A-5-0-6,PICK,FALSE,649
,Ecommerce,2,A,5,0,2-A-5-0-7,2-A-5-0-7,PICK,FALSE,649
,Ecommerce,2,A,5,0,2-A-5-0-8,2-A-5-0-8,PICK,FALSE,649
,Ecommerce,2,A,5,0,2-A-5-0-9,2-A-5-0-9,PICK,FALSE,649
,Ecommerce,2,A,5,0,2-A-5-0-10,2-A-5-0-10,PICK,FALSE,649
,Ecommerce,2,A,5,0,2-A-5-0-11,2-A-5-0-11,PICK,FALSE,649
,Ecommerce,2,A,5,0,2-A-5-0-12,2-A-5-0-12,PICK,FALSE,649
,Ecommerce,2,A,5,0,2-A-5-0-13,2-A-5-0-13,PICK,FALSE,649
,Ecommerce,2,A,5,0,2-A-5-0-14,2-A-5-0-14,PICK,FALSE,649
,Ecommerce,2,A,5,0,2-A-5-0-15,2-A-5-0-15,PICK,FALSE,649
,Ecommerce,2,A,5,0,2-A-5-0-16,2-A-5-0-16,PICK,FALSE,649
,Ecommerce,2,A,5,0,2-A-5-0-17,2-A-5-0-17,PICK,FALSE,649
,Ecommerce,2,A,5,0,2-A-5-0-18,2-A-5-0-18,PICK,FALSE,649
10922,Ecommerce,2,A,5,1,2-A-5-1,2-A-5-1,PICK,FALSE,650
,Ecommerce,2,A,5,1,2-A-5-1-1,2-A-5-1-1,PICK,FALSE,650
,Ecommerce,2,A,5,1,2-A-5-1-2,2-A-5-1-2,PICK,FALSE,650
,Ecommerce,2,A,5,1,2-A-5-1-3,2-A-5-1-3,PICK,FALSE,650
,Ecommerce,2,A,5,1,2-A-5-1-4,2-A-5-1-4,PICK,FALSE,650
,Ecommerce,2,A,5,1,2-A-5-1-5,2-A-5-1-5,PICK,FALSE,650
,Ecommerce,2,A,5,1,2-A-5-1-6,2-A-5-1-6,PICK,FALSE,650
,Ecommerce,2,A,5,1,2-A-5-1-7,2-A-5-1-7,PICK,FALSE,650
,Ecommerce,2,A,5,1,2-A-5-1-8,2-A-5-1-8,PICK,FALSE,650
,Ecommerce,2,A,5,1,2-A-5-1-9,2-A-5-1-9,PICK,FALSE,650
,Ecommerce,2,A,5,1,2-A-5-1-10,2-A-5-1-10,PICK,FALSE,650
,Ecommerce,2,A,5,1,2-A-5-1-11,2-A-5-1-11,PICK,FALSE,650
,Ecommerce,2,A,5,1,2-A-5-1-12,2-A-5-1-12,PICK,FALSE,650
,Ecommerce,2,A,5,1,2-A-5-1-13,2-A-5-1-13,PICK,FALSE,650
,Ecommerce,2,A,5,1,2-A-5-1-14,2-A-5-1-14,PICK,FALSE,650
,Ecommerce,2,A,5,1,2-A-5-1-15,2-A-5-1-15,PICK,FALSE,650
,Ecommerce,2,A,5,1,2-A-5-1-16,2-A-5-1-16,PICK,FALSE,650
,Ecommerce,2,A,5,1,2-A-5-1-17,2-A-5-1-17,PICK,FALSE,650
,Ecommerce,2,A,5,1,2-A-5-1-18,2-A-5-1-18,PICK,FALSE,650
10921,Ecommerce,2,A,6,0,2-A-6-0,2-A-6-0,PICK,FALSE,651
,Ecommerce,2,A,6,0,2-A-6-0-1,2-A-6-0-1,PICK,FALSE,651
,Ecommerce,2,A,6,0,2-A-6-0-2,2-A-6-0-2,PICK,FALSE,651
,Ecommerce,2,A,6,0,2-A-6-0-3,2-A-6-0-3,PICK,FALSE,651
,Ecommerce,2,A,6,0,2-A-6-0-4,2-A-6-0-4,PICK,FALSE,651
,Ecommerce,2,A,6,0,2-A-6-0-5,2-A-6-0-5,PICK,FALSE,651
,Ecommerce,2,A,6,0,2-A-6-0-6,2-A-6-0-6,PICK,FALSE,651
,Ecommerce,2,A,6,0,2-A-6-0-7,2-A-6-0-7,PICK,FALSE,651
,Ecommerce,2,A,6,0,2-A-6-0-8,2-A-6-0-8,PICK,FALSE,651
,Ecommerce,2,A,6,0,2-A-6-0-9,2-A-6-0-9,PICK,FALSE,651
,Ecommerce,2,A,6,0,2-A-6-0-10,2-A-6-0-10,PICK,FALSE,651
,Ecommerce,2,A,6,0,2-A-6-0-11,2-A-6-0-11,PICK,FALSE,651
,Ecommerce,2,A,6,0,2-A-6-0-12,2-A-6-0-12,PICK,FALSE,651
,Ecommerce,2,A,6,0,2-A-6-0-13,2-A-6-0-13,PICK,FALSE,651
,Ecommerce,2,A,6,0,2-A-6-0-14,2-A-6-0-14,PICK,FALSE,651
,Ecommerce,2,A,6,0,2-A-6-0-15,2-A-6-0-15,PICK,FALSE,651
,Ecommerce,2,A,6,0,2-A-6-0-16,2-A-6-0-16,PICK,FALSE,651
,Ecommerce,2,A,6,0,2-A-6-0-17,2-A-6-0-17,PICK,FALSE,651
,Ecommerce,2,A,6,0,2-A-6-0-18,2-A-6-0-18,PICK,FALSE,651
10920,Ecommerce,2,A,6,1,2-A-6-1,2-A-6-1,PICK,FALSE,652
,Ecommerce,2,A,6,1,2-A-6-1-1,2-A-6-1-1,PICK,FALSE,652
,Ecommerce,2,A,6,1,2-A-6-1-2,2-A-6-1-2,PICK,FALSE,652
,Ecommerce,2,A,6,1,2-A-6-1-3,2-A-6-1-3,PICK,FALSE,652
,Ecommerce,2,A,6,1,2-A-6-1-4,2-A-6-1-4,PICK,FALSE,652
,Ecommerce,2,A,6,1,2-A-6-1-5,2-A-6-1-5,PICK,FALSE,652
,Ecommerce,2,A,6,1,2-A-6-1-6,2-A-6-1-6,PICK,FALSE,652
,Ecommerce,2,A,6,1,2-A-6-1-7,2-A-6-1-7,PICK,FALSE,652
,Ecommerce,2,A,6,1,2-A-6-1-8,2-A-6-1-8,PICK,FALSE,652
,Ecommerce,2,A,6,1,2-A-6-1-9,2-A-6-1-9,PICK,FALSE,652
,Ecommerce,2,A,6,1,2-A-6-1-10,2-A-6-1-10,PICK,FALSE,652
,Ecommerce,2,A,6,1,2-A-6-1-11,2-A-6-1-11,PICK,FALSE,652
,Ecommerce,2,A,6,1,2-A-6-1-12,2-A-6-1-12,PICK,FALSE,652
,Ecommerce,2,A,6,1,2-A-6-1-13,2-A-6-1-13,PICK,FALSE,652
,Ecommerce,2,A,6,1,2-A-6-1-14,2-A-6-1-14,PICK,FALSE,652
,Ecommerce,2,A,6,1,2-A-6-1-15,2-A-6-1-15,PICK,FALSE,652
,Ecommerce,2,A,6,1,2-A-6-1-16,2-A-6-1-16,PICK,FALSE,652
,Ecommerce,2,A,6,1,2-A-6-1-17,2-A-6-1-17,PICK,FALSE,652
,Ecommerce,2,A,6,1,2-A-6-1-18,2-A-6-1-18,PICK,FALSE,652
14430,Ecommerce,2,A,7,0,2-A-7-0-1,2-A-7-0-1,PICK,FALSE,653
14431,Ecommerce,2,A,7,0,2-A-7-0-2,2-A-7-0-2,PICK,FALSE,653
14432,Ecommerce,2,A,7,0,2-A-7-0-3,2-A-7-0-3,PICK,FALSE,653
14433,Ecommerce,2,A,7,0,2-A-7-0-4,2-A-7-0-4,PICK,FALSE,653
14434,Ecommerce,2,A,7,0,2-A-7-0-5,2-A-7-0-5,PICK,FALSE,653
14435,Ecommerce,2,A,7,0,2-A-7-0-6,2-A-7-0-6,PICK,FALSE,653
14436,Ecommerce,2,A,7,0,2-A-7-0-7,2-A-7-0-7,PICK,FALSE,653
14437,Ecommerce,2,A,7,0,2-A-7-0-8,2-A-7-0-8,PICK,FALSE,653
14438,Ecommerce,2,A,7,0,2-A-7-0-9,2-A-7-0-9,PICK,FALSE,653
14439,Ecommerce,2,A,7,0,2-A-7-0-10,2-A-7-0-10,PICK,FALSE,653
14440,Ecommerce,2,A,7,0,2-A-7-0-11,2-A-7-0-11,PICK,FALSE,653
14441,Ecommerce,2,A,7,0,2-A-7-0-12,2-A-7-0-12,PICK,FALSE,653
14442,Ecommerce,2,A,7,0,2-A-7-0-13,2-A-7-0-13,PICK,FALSE,653
14443,Ecommerce,2,A,7,0,2-A-7-0-14,2-A-7-0-14,PICK,FALSE,653
14444,Ecommerce,2,A,7,0,2-A-7-0-15,2-A-7-0-15,PICK,FALSE,653
14445,Ecommerce,2,A,7,0,2-A-7-0-16,2-A-7-0-16,PICK,FALSE,653
14446,Ecommerce,2,A,7,0,2-A-7-0-17,2-A-7-0-17,PICK,FALSE,653
14447,Ecommerce,2,A,7,0,2-A-7-0-18,2-A-7-0-18,PICK,FALSE,653
10919,Ecommerce,2,A,7,0,2-A-7-0,2-A-7-0,PICK,FALSE,653
10918,Ecommerce,2,A,7,1,2-A-7-1,2-A-7-1,PICK,FALSE,654
14448,Ecommerce,2,A,7,1,2-A-7-1-1,2-A-7-1-1,PICK,FALSE,654
14449,Ecommerce,2,A,7,1,2-A-7-1-2,2-A-7-1-2,PICK,FALSE,654
14450,Ecommerce,2,A,7,1,2-A-7-1-3,2-A-7-1-3,PICK,FALSE,654
14451,Ecommerce,2,A,7,1,2-A-7-1-4,2-A-7-1-4,PICK,FALSE,654
14452,Ecommerce,2,A,7,1,2-A-7-1-5,2-A-7-1-5,PICK,FALSE,654
14453,Ecommerce,2,A,7,1,2-A-7-1-6,2-A-7-1-6,PICK,FALSE,654
14454,Ecommerce,2,A,7,1,2-A-7-1-7,2-A-7-1-7,PICK,FALSE,654
14455,Ecommerce,2,A,7,1,2-A-7-1-8,2-A-7-1-8,PICK,FALSE,654
14456,Ecommerce,2,A,7,1,2-A-7-1-9,2-A-7-1-9,PICK,FALSE,654
14457,Ecommerce,2,A,7,1,2-A-7-1-10,2-A-7-1-10,PICK,FALSE,654
14458,Ecommerce,2,A,7,1,2-A-7-1-11,2-A-7-1-11,PICK,FALSE,654
14459,Ecommerce,2,A,7,1,2-A-7-1-12,2-A-7-1-12,PICK,FALSE,654
14460,Ecommerce,2,A,7,1,2-A-7-1-13,2-A-7-1-13,PICK,FALSE,654
14461,Ecommerce,2,A,7,1,2-A-7-1-14,2-A-7-1-14,PICK,FALSE,654
14462,Ecommerce,2,A,7,1,2-A-7-1-15,2-A-7-1-15,PICK,FALSE,654
14463,Ecommerce,2,A,7,1,2-A-7-1-16,2-A-7-1-16,PICK,FALSE,654
14464,Ecommerce,2,A,7,1,2-A-7-1-17,2-A-7-1-17,PICK,FALSE,654
14465,Ecommerce,2,A,7,1,2-A-7-1-18,2-A-7-1-18,PICK,FALSE,654
14466,Ecommerce,2,A,8,0,2-A-8-0-1,2-A-8-0-1,PICK,FALSE,655
14467,Ecommerce,2,A,8,0,2-A-8-0-2,2-A-8-0-2,PICK,FALSE,655
14468,Ecommerce,2,A,8,0,2-A-8-0-3,2-A-8-0-3,PICK,FALSE,655
14469,Ecommerce,2,A,8,0,2-A-8-0-4,2-A-8-0-4,PICK,FALSE,655
14470,Ecommerce,2,A,8,0,2-A-8-0-5,2-A-8-0-5,PICK,FALSE,655
14471,Ecommerce,2,A,8,0,2-A-8-0-6,2-A-8-0-6,PICK,FALSE,655
14472,Ecommerce,2,A,8,0,2-A-8-0-7,2-A-8-0-7,PICK,FALSE,655
14473,Ecommerce,2,A,8,0,2-A-8-0-8,2-A-8-0-8,PICK,FALSE,655
14474,Ecommerce,2,A,8,0,2-A-8-0-9,2-A-8-0-9,PICK,FALSE,655
14475,Ecommerce,2,A,8,0,2-A-8-0-10,2-A-8-0-10,PICK,FALSE,655
14476,Ecommerce,2,A,8,0,2-A-8-0-11,2-A-8-0-11,PICK,FALSE,655
14477,Ecommerce,2,A,8,0,2-A-8-0-12,2-A-8-0-12,PICK,FALSE,655
14478,Ecommerce,2,A,8,0,2-A-8-0-13,2-A-8-0-13,PICK,FALSE,655
14479,Ecommerce,2,A,8,0,2-A-8-0-14,2-A-8-0-14,PICK,FALSE,655
14480,Ecommerce,2,A,8,0,2-A-8-0-15,2-A-8-0-15,PICK,FALSE,655
14481,Ecommerce,2,A,8,0,2-A-8-0-16,2-A-8-0-16,PICK,FALSE,655
14482,Ecommerce,2,A,8,0,2-A-8-0-17,2-A-8-0-17,PICK,FALSE,655
14483,Ecommerce,2,A,8,0,2-A-8-0-18,2-A-8-0-18,PICK,FALSE,655
10917,Ecommerce,2,A,8,0,2-A-8-0,2-A-8-0,PICK,FALSE,655
10916,Ecommerce,2,A,8,1,2-A-8-1,2-A-8-1,PICK,FALSE,656
14484,Ecommerce,2,A,8,1,2-A-8-1-1,2-A-8-1-1,PICK,FALSE,656
14485,Ecommerce,2,A,8,1,2-A-8-1-2,2-A-8-1-2,PICK,FALSE,656
14486,Ecommerce,2,A,8,1,2-A-8-1-3,2-A-8-1-3,PICK,FALSE,656
14487,Ecommerce,2,A,8,1,2-A-8-1-4,2-A-8-1-4,PICK,FALSE,656
14488,Ecommerce,2,A,8,1,2-A-8-1-5,2-A-8-1-5,PICK,FALSE,656
14489,Ecommerce,2,A,8,1,2-A-8-1-6,2-A-8-1-6,PICK,FALSE,656
14490,Ecommerce,2,A,8,1,2-A-8-1-7,2-A-8-1-7,PICK,FALSE,656
14491,Ecommerce,2,A,8,1,2-A-8-1-8,2-A-8-1-8,PICK,FALSE,656
14492,Ecommerce,2,A,8,1,2-A-8-1-9,2-A-8-1-9,PICK,FALSE,656
14493,Ecommerce,2,A,8,1,2-A-8-1-10,2-A-8-1-10,PICK,FALSE,656
14494,Ecommerce,2,A,8,1,2-A-8-1-11,2-A-8-1-11,PICK,FALSE,656
14495,Ecommerce,2,A,8,1,2-A-8-1-12,2-A-8-1-12,PICK,FALSE,656
14496,Ecommerce,2,A,8,1,2-A-8-1-13,2-A-8-1-13,PICK,FALSE,656
14497,Ecommerce,2,A,8,1,2-A-8-1-14,2-A-8-1-14,PICK,FALSE,656
14498,Ecommerce,2,A,8,1,2-A-8-1-15,2-A-8-1-15,PICK,FALSE,656
14499,Ecommerce,2,A,8,1,2-A-8-1-16,2-A-8-1-16,PICK,FALSE,656
14500,Ecommerce,2,A,8,1,2-A-8-1-17,2-A-8-1-17,PICK,FALSE,656
14501,Ecommerce,2,A,8,1,2-A-8-1-18,2-A-8-1-18,PICK,FALSE,656
14502,Ecommerce,2,A,9,0,2-A-9-0-1,2-A-9-0-1,PICK,FALSE,657
14503,Ecommerce,2,A,9,0,2-A-9-0-2,2-A-9-0-2,PICK,FALSE,657
14504,Ecommerce,2,A,9,0,2-A-9-0-3,2-A-9-0-3,PICK,FALSE,657
14505,Ecommerce,2,A,9,0,2-A-9-0-4,2-A-9-0-4,PICK,FALSE,657
14506,Ecommerce,2,A,9,0,2-A-9-0-5,2-A-9-0-5,PICK,FALSE,657
14507,Ecommerce,2,A,9,0,2-A-9-0-6,2-A-9-0-6,PICK,FALSE,657
14508,Ecommerce,2,A,9,0,2-A-9-0-7,2-A-9-0-7,PICK,FALSE,657
14509,Ecommerce,2,A,9,0,2-A-9-0-8,2-A-9-0-8,PICK,FALSE,657
14510,Ecommerce,2,A,9,0,2-A-9-0-9,2-A-9-0-9,PICK,FALSE,657
14511,Ecommerce,2,A,9,0,2-A-9-0-10,2-A-9-0-10,PICK,FALSE,657
14512,Ecommerce,2,A,9,0,2-A-9-0-11,2-A-9-0-11,PICK,FALSE,657
14513,Ecommerce,2,A,9,0,2-A-9-0-12,2-A-9-0-12,PICK,FALSE,657
14514,Ecommerce,2,A,9,0,2-A-9-0-13,2-A-9-0-13,PICK,FALSE,657
14515,Ecommerce,2,A,9,0,2-A-9-0-14,2-A-9-0-14,PICK,FALSE,657
14516,Ecommerce,2,A,9,0,2-A-9-0-15,2-A-9-0-15,PICK,FALSE,657
14517,Ecommerce,2,A,9,0,2-A-9-0-16,2-A-9-0-16,PICK,FALSE,657
14518,Ecommerce,2,A,9,0,2-A-9-0-17,2-A-9-0-17,PICK,FALSE,657
14519,Ecommerce,2,A,9,0,2-A-9-0-18,2-A-9-0-18,PICK,FALSE,657
10915,Ecommerce,2,A,9,0,2-A-9-0,2-A-9-0,PICK,FALSE,657
10914,Ecommerce,2,A,9,1,2-A-9-1,2-A-9-1,PICK,FALSE,658
14520,Ecommerce,2,A,9,1,2-A-9-1-1,2-A-9-1-1,PICK,FALSE,658
14521,Ecommerce,2,A,9,1,2-A-9-1-2,2-A-9-1-2,PICK,FALSE,658
14522,Ecommerce,2,A,9,1,2-A-9-1-3,2-A-9-1-3,PICK,FALSE,658
14523,Ecommerce,2,A,9,1,2-A-9-1-4,2-A-9-1-4,PICK,FALSE,658
14524,Ecommerce,2,A,9,1,2-A-9-1-5,2-A-9-1-5,PICK,FALSE,658
14525,Ecommerce,2,A,9,1,2-A-9-1-6,2-A-9-1-6,PICK,FALSE,658
14526,Ecommerce,2,A,9,1,2-A-9-1-7,2-A-9-1-7,PICK,FALSE,658
14527,Ecommerce,2,A,9,1,2-A-9-1-8,2-A-9-1-8,PICK,FALSE,658
14528,Ecommerce,2,A,9,1,2-A-9-1-9,2-A-9-1-9,PICK,FALSE,658
14529,Ecommerce,2,A,9,1,2-A-9-1-10,2-A-9-1-10,PICK,FALSE,658
14530,Ecommerce,2,A,9,1,2-A-9-1-11,2-A-9-1-11,PICK,FALSE,658
14531,Ecommerce,2,A,9,1,2-A-9-1-12,2-A-9-1-12,PICK,FALSE,658
14532,Ecommerce,2,A,9,1,2-A-9-1-13,2-A-9-1-13,PICK,FALSE,658
14533,Ecommerce,2,A,9,1,2-A-9-1-14,2-A-9-1-14,PICK,FALSE,658
14534,Ecommerce,2,A,9,1,2-A-9-1-15,2-A-9-1-15,PICK,FALSE,658
14535,Ecommerce,2,A,9,1,2-A-9-1-16,2-A-9-1-16,PICK,FALSE,658
14536,Ecommerce,2,A,9,1,2-A-9-1-17,2-A-9-1-17,PICK,FALSE,658
14537,Ecommerce,2,A,9,1,2-A-9-1-18,2-A-9-1-18,PICK,FALSE,658
14538,Ecommerce,2,A,10,0,2-A-10-0-1,2-A-10-0-1,PICK,FALSE,659
14539,Ecommerce,2,A,10,0,2-A-10-0-2,2-A-10-0-2,PICK,FALSE,659
14540,Ecommerce,2,A,10,0,2-A-10-0-3,2-A-10-0-3,PICK,FALSE,659
14541,Ecommerce,2,A,10,0,2-A-10-0-4,2-A-10-0-4,PICK,FALSE,659
14542,Ecommerce,2,A,10,0,2-A-10-0-5,2-A-10-0-5,PICK,FALSE,659
14543,Ecommerce,2,A,10,0,2-A-10-0-6,2-A-10-0-6,PICK,FALSE,659
14544,Ecommerce,2,A,10,0,2-A-10-0-7,2-A-10-0-7,PICK,FALSE,659
14545,Ecommerce,2,A,10,0,2-A-10-0-8,2-A-10-0-8,PICK,FALSE,659
14546,Ecommerce,2,A,10,0,2-A-10-0-9,2-A-10-0-9,PICK,FALSE,659
14547,Ecommerce,2,A,10,0,2-A-10-0-10,2-A-10-0-10,PICK,FALSE,659
14548,Ecommerce,2,A,10,0,2-A-10-0-11,2-A-10-0-11,PICK,FALSE,659
14549,Ecommerce,2,A,10,0,2-A-10-0-12,2-A-10-0-12,PICK,FALSE,659
14550,Ecommerce,2,A,10,0,2-A-10-0-13,2-A-10-0-13,PICK,FALSE,659
14551,Ecommerce,2,A,10,0,2-A-10-0-14,2-A-10-0-14,PICK,FALSE,659
14552,Ecommerce,2,A,10,0,2-A-10-0-15,2-A-10-0-15,PICK,FALSE,659
14553,Ecommerce,2,A,10,0,2-A-10-0-16,2-A-10-0-16,PICK,FALSE,659
14554,Ecommerce,2,A,10,0,2-A-10-0-17,2-A-10-0-17,PICK,FALSE,659
14555,Ecommerce,2,A,10,0,2-A-10-0-18,2-A-10-0-18,PICK,FALSE,659
10913,Ecommerce,2,A,10,0,2-A-10-0,2-A-10-0,PICK,FALSE,659
10912,Ecommerce,2,A,10,1,2-A-10-1,2-A-10-1,PICK,FALSE,660
14556,Ecommerce,2,A,10,1,2-A-10-1-1,2-A-10-1-1,PICK,FALSE,660
14557,Ecommerce,2,A,10,1,2-A-10-1-2,2-A-10-1-2,PICK,FALSE,660
14558,Ecommerce,2,A,10,1,2-A-10-1-3,2-A-10-1-3,PICK,FALSE,660
14559,Ecommerce,2,A,10,1,2-A-10-1-4,2-A-10-1-4,PICK,FALSE,660
14560,Ecommerce,2,A,10,1,2-A-10-1-5,2-A-10-1-5,PICK,FALSE,660
14561,Ecommerce,2,A,10,1,2-A-10-1-6,2-A-10-1-6,PICK,FALSE,660
14562,Ecommerce,2,A,10,1,2-A-10-1-7,2-A-10-1-7,PICK,FALSE,660
14563,Ecommerce,2,A,10,1,2-A-10-1-8,2-A-10-1-8,PICK,FALSE,660
14564,Ecommerce,2,A,10,1,2-A-10-1-9,2-A-10-1-9,PICK,FALSE,660
14565,Ecommerce,2,A,10,1,2-A-10-1-10,2-A-10-1-10,PICK,FALSE,660
14566,Ecommerce,2,A,10,1,2-A-10-1-11,2-A-10-1-11,PICK,FALSE,660
14567,Ecommerce,2,A,10,1,2-A-10-1-12,2-A-10-1-12,PICK,FALSE,660
14568,Ecommerce,2,A,10,1,2-A-10-1-13,2-A-10-1-13,PICK,FALSE,660
14569,Ecommerce,2,A,10,1,2-A-10-1-14,2-A-10-1-14,PICK,FALSE,660
14570,Ecommerce,2,A,10,1,2-A-10-1-15,2-A-10-1-15,PICK,FALSE,660
14571,Ecommerce,2,A,10,1,2-A-10-1-16,2-A-10-1-16,PICK,FALSE,660
14572,Ecommerce,2,A,10,1,2-A-10-1-17,2-A-10-1-17,PICK,FALSE,660
14573,Ecommerce,2,A,10,1,2-A-10-1-18,2-A-10-1-18,PICK,FALSE,660
14574,Ecommerce,2,A,11,0,2-A-11-0-1,2-A-11-0-1,PICK,FALSE,661
14575,Ecommerce,2,A,11,0,2-A-11-0-2,2-A-11-0-2,PICK,FALSE,661
14576,Ecommerce,2,A,11,0,2-A-11-0-3,2-A-11-0-3,PICK,FALSE,661
14577,Ecommerce,2,A,11,0,2-A-11-0-4,2-A-11-0-4,PICK,FALSE,661
14578,Ecommerce,2,A,11,0,2-A-11-0-5,2-A-11-0-5,PICK,FALSE,661
14579,Ecommerce,2,A,11,0,2-A-11-0-6,2-A-11-0-6,PICK,FALSE,661
14580,Ecommerce,2,A,11,0,2-A-11-0-7,2-A-11-0-7,PICK,FALSE,661
14581,Ecommerce,2,A,11,0,2-A-11-0-8,2-A-11-0-8,PICK,FALSE,661
14582,Ecommerce,2,A,11,0,2-A-11-0-9,2-A-11-0-9,PICK,FALSE,661
14583,Ecommerce,2,A,11,0,2-A-11-0-10,2-A-11-0-10,PICK,FALSE,661
14584,Ecommerce,2,A,11,0,2-A-11-0-11,2-A-11-0-11,PICK,FALSE,661
14585,Ecommerce,2,A,11,0,2-A-11-0-12,2-A-11-0-12,PICK,FALSE,661
14586,Ecommerce,2,A,11,0,2-A-11-0-13,2-A-11-0-13,PICK,FALSE,661
14587,Ecommerce,2,A,11,0,2-A-11-0-14,2-A-11-0-14,PICK,FALSE,661
14588,Ecommerce,2,A,11,0,2-A-11-0-15,2-A-11-0-15,PICK,FALSE,661
14589,Ecommerce,2,A,11,0,2-A-11-0-16,2-A-11-0-16,PICK,FALSE,661
14590,Ecommerce,2,A,11,0,2-A-11-0-17,2-A-11-0-17,PICK,FALSE,661
14591,Ecommerce,2,A,11,0,2-A-11-0-18,2-A-11-0-18,PICK,FALSE,661
10911,Ecommerce,2,A,11,0,2-A-11-0,2-A-11-0,PICK,FALSE,661
10910,Ecommerce,2,A,11,1,2-A-11-1,2-A-11-1,PICK,FALSE,662
14592,Ecommerce,2,A,11,1,2-A-11-1-1,2-A-11-1-1,PICK,FALSE,662
14593,Ecommerce,2,A,11,1,2-A-11-1-2,2-A-11-1-2,PICK,FALSE,662
14594,Ecommerce,2,A,11,1,2-A-11-1-3,2-A-11-1-3,PICK,FALSE,662
14595,Ecommerce,2,A,11,1,2-A-11-1-4,2-A-11-1-4,PICK,FALSE,662
14596,Ecommerce,2,A,11,1,2-A-11-1-5,2-A-11-1-5,PICK,FALSE,662
14597,Ecommerce,2,A,11,1,2-A-11-1-6,2-A-11-1-6,PICK,FALSE,662
14598,Ecommerce,2,A,11,1,2-A-11-1-7,2-A-11-1-7,PICK,FALSE,662
14599,Ecommerce,2,A,11,1,2-A-11-1-8,2-A-11-1-8,PICK,FALSE,662
14600,Ecommerce,2,A,11,1,2-A-11-1-9,2-A-11-1-9,PICK,FALSE,662
14601,Ecommerce,2,A,11,1,2-A-11-1-10,2-A-11-1-10,PICK,FALSE,662
14602,Ecommerce,2,A,11,1,2-A-11-1-11,2-A-11-1-11,PICK,FALSE,662
14603,Ecommerce,2,A,11,1,2-A-11-1-12,2-A-11-1-12,PICK,FALSE,662
14604,Ecommerce,2,A,11,1,2-A-11-1-13,2-A-11-1-13,PICK,FALSE,662
14605,Ecommerce,2,A,11,1,2-A-11-1-14,2-A-11-1-14,PICK,FALSE,662
14606,Ecommerce,2,A,11,1,2-A-11-1-15,2-A-11-1-15,PICK,FALSE,662
14607,Ecommerce,2,A,11,1,2-A-11-1-16,2-A-11-1-16,PICK,FALSE,662
14608,Ecommerce,2,A,11,1,2-A-11-1-17,2-A-11-1-17,PICK,FALSE,662
14609,Ecommerce,2,A,11,1,2-A-11-1-18,2-A-11-1-18,PICK,FALSE,662
10909,Ecommerce,2,A,12,0,2-A-12-0,2-A-12-0,PICK,FALSE,663
,Ecommerce,2,A,12,0,2-A-12-0-1,2-A-12-0-1,PICK,FALSE,663
,Ecommerce,2,A,12,0,2-A-12-0-2,2-A-12-0-2,PICK,FALSE,663
,Ecommerce,2,A,12,0,2-A-12-0-3,2-A-12-0-3,PICK,FALSE,663
,Ecommerce,2,A,12,0,2-A-12-0-4,2-A-12-0-4,PICK,FALSE,663
,Ecommerce,2,A,12,0,2-A-12-0-5,2-A-12-0-5,PICK,FALSE,663
,Ecommerce,2,A,12,0,2-A-12-0-6,2-A-12-0-6,PICK,FALSE,663
,Ecommerce,2,A,12,0,2-A-12-0-7,2-A-12-0-7,PICK,FALSE,663
,Ecommerce,2,A,12,0,2-A-12-0-8,2-A-12-0-8,PICK,FALSE,663
,Ecommerce,2,A,12,0,2-A-12-0-9,2-A-12-0-9,PICK,FALSE,663
,Ecommerce,2,A,12,0,2-A-12-0-10,2-A-12-0-10,PICK,FALSE,663
,Ecommerce,2,A,12,0,2-A-12-0-11,2-A-12-0-11,PICK,FALSE,663
,Ecommerce,2,A,12,0,2-A-12-0-12,2-A-12-0-12,PICK,FALSE,663
,Ecommerce,2,A,12,0,2-A-12-0-13,2-A-12-0-13,PICK,FALSE,663
,Ecommerce,2,A,12,0,2-A-12-0-14,2-A-12-0-14,PICK,FALSE,663
,Ecommerce,2,A,12,0,2-A-12-0-15,2-A-12-0-15,PICK,FALSE,663
,Ecommerce,2,A,12,0,2-A-12-0-16,2-A-12-0-16,PICK,FALSE,663
,Ecommerce,2,A,12,0,2-A-12-0-17,2-A-12-0-17,PICK,FALSE,663
,Ecommerce,2,A,12,0,2-A-12-0-18,2-A-12-0-18,PICK,FALSE,663
10908,Ecommerce,2,A,12,1,2-A-12-1,2-A-12-1,PICK,FALSE,664
,Ecommerce,2,A,12,1,2-A-12-1-1,2-A-12-1-1,PICK,FALSE,664
,Ecommerce,2,A,12,1,2-A-12-1-2,2-A-12-1-2,PICK,FALSE,664
,Ecommerce,2,A,12,1,2-A-12-1-3,2-A-12-1-3,PICK,FALSE,664
,Ecommerce,2,A,12,1,2-A-12-1-4,2-A-12-1-4,PICK,FALSE,664
,Ecommerce,2,A,12,1,2-A-12-1-5,2-A-12-1-5,PICK,FALSE,664
,Ecommerce,2,A,12,1,2-A-12-1-6,2-A-12-1-6,PICK,FALSE,664
,Ecommerce,2,A,12,1,2-A-12-1-7,2-A-12-1-7,PICK,FALSE,664
,Ecommerce,2,A,12,1,2-A-12-1-8,2-A-12-1-8,PICK,FALSE,664
,Ecommerce,2,A,12,1,2-A-12-1-9,2-A-12-1-9,PICK,FALSE,664
,Ecommerce,2,A,12,1,2-A-12-1-10,2-A-12-1-10,PICK,FALSE,664
,Ecommerce,2,A,12,1,2-A-12-1-11,2-A-12-1-11,PICK,FALSE,664
,Ecommerce,2,A,12,1,2-A-12-1-12,2-A-12-1-12,PICK,FALSE,664
,Ecommerce,2,A,12,1,2-A-12-1-13,2-A-12-1-13,PICK,FALSE,664
,Ecommerce,2,A,12,1,2-A-12-1-14,2-A-12-1-14,PICK,FALSE,664
,Ecommerce,2,A,12,1,2-A-12-1-15,2-A-12-1-15,PICK,FALSE,664
,Ecommerce,2,A,12,1,2-A-12-1-16,2-A-12-1-16,PICK,FALSE,664
,Ecommerce,2,A,12,1,2-A-12-1-17,2-A-12-1-17,PICK,FALSE,664
,Ecommerce,2,A,12,1,2-A-12-1-18,2-A-12-1-18,PICK,FALSE,664
14610,Ecommerce,2,B,12,0,2-B-12-0-1,2-B-12-0-1,PICK,FALSE,665
14611,Ecommerce,2,B,12,0,2-B-12-0-2,2-B-12-0-2,PICK,FALSE,665
14612,Ecommerce,2,B,12,0,2-B-12-0-3,2-B-12-0-3,PICK,FALSE,665
14613,Ecommerce,2,B,12,0,2-B-12-0-4,2-B-12-0-4,PICK,FALSE,665
14614,Ecommerce,2,B,12,0,2-B-12-0-5,2-B-12-0-5,PICK,FALSE,665
14615,Ecommerce,2,B,12,0,2-B-12-0-6,2-B-12-0-6,PICK,FALSE,665
14616,Ecommerce,2,B,12,0,2-B-12-0-7,2-B-12-0-7,PICK,FALSE,665
14617,Ecommerce,2,B,12,0,2-B-12-0-8,2-B-12-0-8,PICK,FALSE,665
14618,Ecommerce,2,B,12,0,2-B-12-0-9,2-B-12-0-9,PICK,FALSE,665
14619,Ecommerce,2,B,12,0,2-B-12-0-10,2-B-12-0-10,PICK,FALSE,665
14620,Ecommerce,2,B,12,0,2-B-12-0-11,2-B-12-0-11,PICK,FALSE,665
14621,Ecommerce,2,B,12,0,2-B-12-0-12,2-B-12-0-12,PICK,FALSE,665
14622,Ecommerce,2,B,12,0,2-B-12-0-13,2-B-12-0-13,PICK,FALSE,665
14623,Ecommerce,2,B,12,0,2-B-12-0-14,2-B-12-0-14,PICK,FALSE,665
14624,Ecommerce,2,B,12,0,2-B-12-0-15,2-B-12-0-15,PICK,FALSE,665
14625,Ecommerce,2,B,12,0,2-B-12-0-16,2-B-12-0-16,PICK,FALSE,665
14626,Ecommerce,2,B,12,0,2-B-12-0-17,2-B-12-0-17,PICK,FALSE,665
14627,Ecommerce,2,B,12,0,2-B-12-0-18,2-B-12-0-18,PICK,FALSE,665
10907,Ecommerce,2,B,12,0,2-B-12-0,2-B-12-0,PICK,FALSE,665
10906,Ecommerce,2,B,12,1,2-B-12-1,2-B-12-1,PICK,FALSE,666
14628,Ecommerce,2,B,12,1,2-B-12-1-1,2-B-12-1-1,PICK,FALSE,666
14629,Ecommerce,2,B,12,1,2-B-12-1-2,2-B-12-1-2,PICK,FALSE,666
14630,Ecommerce,2,B,12,1,2-B-12-1-3,2-B-12-1-3,PICK,FALSE,666
14631,Ecommerce,2,B,12,1,2-B-12-1-4,2-B-12-1-4,PICK,FALSE,666
14632,Ecommerce,2,B,12,1,2-B-12-1-5,2-B-12-1-5,PICK,FALSE,666
14633,Ecommerce,2,B,12,1,2-B-12-1-6,2-B-12-1-6,PICK,FALSE,666
14634,Ecommerce,2,B,12,1,2-B-12-1-7,2-B-12-1-7,PICK,FALSE,666
14635,Ecommerce,2,B,12,1,2-B-12-1-8,2-B-12-1-8,PICK,FALSE,666
14636,Ecommerce,2,B,12,1,2-B-12-1-9,2-B-12-1-9,PICK,FALSE,666
14637,Ecommerce,2,B,12,1,2-B-12-1-10,2-B-12-1-10,PICK,FALSE,666
14638,Ecommerce,2,B,12,1,2-B-12-1-11,2-B-12-1-11,PICK,FALSE,666
14639,Ecommerce,2,B,12,1,2-B-12-1-12,2-B-12-1-12,PICK,FALSE,666
14640,Ecommerce,2,B,12,1,2-B-12-1-13,2-B-12-1-13,PICK,FALSE,666
14641,Ecommerce,2,B,12,1,2-B-12-1-14,2-B-12-1-14,PICK,FALSE,666
14642,Ecommerce,2,B,12,1,2-B-12-1-15,2-B-12-1-15,PICK,FALSE,666
14643,Ecommerce,2,B,12,1,2-B-12-1-16,2-B-12-1-16,PICK,FALSE,666
14644,Ecommerce,2,B,12,1,2-B-12-1-17,2-B-12-1-17,PICK,FALSE,666
14645,Ecommerce,2,B,12,1,2-B-12-1-18,2-B-12-1-18,PICK,FALSE,666
10905,Ecommerce,2,C,12,0,2-C-12-0,2-C-12-0,PICK,FALSE,667
10904,Ecommerce,2,C,12,1,2-C-12-1,2-C-12-1,PICK,FALSE,668
14646,Ecommerce,2,B,11,0,2-B-11-0-1,2-B-11-0-1,PICK,FALSE,669
14647,Ecommerce,2,B,11,0,2-B-11-0-2,2-B-11-0-2,PICK,FALSE,669
14648,Ecommerce,2,B,11,0,2-B-11-0-3,2-B-11-0-3,PICK,FALSE,669
14649,Ecommerce,2,B,11,0,2-B-11-0-4,2-B-11-0-4,PICK,FALSE,669
14650,Ecommerce,2,B,11,0,2-B-11-0-5,2-B-11-0-5,PICK,FALSE,669
14651,Ecommerce,2,B,11,0,2-B-11-0-6,2-B-11-0-6,PICK,FALSE,669
14652,Ecommerce,2,B,11,0,2-B-11-0-7,2-B-11-0-7,PICK,FALSE,669
14653,Ecommerce,2,B,11,0,2-B-11-0-8,2-B-11-0-8,PICK,FALSE,669
14654,Ecommerce,2,B,11,0,2-B-11-0-9,2-B-11-0-9,PICK,FALSE,669
14655,Ecommerce,2,B,11,0,2-B-11-0-10,2-B-11-0-10,PICK,FALSE,669
14656,Ecommerce,2,B,11,0,2-B-11-0-11,2-B-11-0-11,PICK,FALSE,669
14657,Ecommerce,2,B,11,0,2-B-11-0-12,2-B-11-0-12,PICK,FALSE,669
14658,Ecommerce,2,B,11,0,2-B-11-0-13,2-B-11-0-13,PICK,FALSE,669
14659,Ecommerce,2,B,11,0,2-B-11-0-14,2-B-11-0-14,PICK,FALSE,669
14660,Ecommerce,2,B,11,0,2-B-11-0-15,2-B-11-0-15,PICK,FALSE,669
14661,Ecommerce,2,B,11,0,2-B-11-0-16,2-B-11-0-16,PICK,FALSE,669
14662,Ecommerce,2,B,11,0,2-B-11-0-17,2-B-11-0-17,PICK,FALSE,669
14663,Ecommerce,2,B,11,0,2-B-11-0-18,2-B-11-0-18,PICK,FALSE,669
10903,Ecommerce,2,B,11,0,2-B-11-0,2-B-11-0,PICK,FALSE,669
10902,Ecommerce,2,B,11,1,2-B-11-1,2-B-11-1,PICK,FALSE,670
14664,Ecommerce,2,B,11,1,2-B-11-1-1,2-B-11-1-1,PICK,FALSE,670
14665,Ecommerce,2,B,11,1,2-B-11-1-2,2-B-11-1-2,PICK,FALSE,670
14666,Ecommerce,2,B,11,1,2-B-11-1-3,2-B-11-1-3,PICK,FALSE,670
14667,Ecommerce,2,B,11,1,2-B-11-1-4,2-B-11-1-4,PICK,FALSE,670
14668,Ecommerce,2,B,11,1,2-B-11-1-5,2-B-11-1-5,PICK,FALSE,670
14669,Ecommerce,2,B,11,1,2-B-11-1-6,2-B-11-1-6,PICK,FALSE,670
14670,Ecommerce,2,B,11,1,2-B-11-1-7,2-B-11-1-7,PICK,FALSE,670
14671,Ecommerce,2,B,11,1,2-B-11-1-8,2-B-11-1-8,PICK,FALSE,670
14672,Ecommerce,2,B,11,1,2-B-11-1-9,2-B-11-1-9,PICK,FALSE,670
14673,Ecommerce,2,B,11,1,2-B-11-1-10,2-B-11-1-10,PICK,FALSE,670
14674,Ecommerce,2,B,11,1,2-B-11-1-11,2-B-11-1-11,PICK,FALSE,670
14675,Ecommerce,2,B,11,1,2-B-11-1-12,2-B-11-1-12,PICK,FALSE,670
14676,Ecommerce,2,B,11,1,2-B-11-1-13,2-B-11-1-13,PICK,FALSE,670
14677,Ecommerce,2,B,11,1,2-B-11-1-14,2-B-11-1-14,PICK,FALSE,670
14678,Ecommerce,2,B,11,1,2-B-11-1-15,2-B-11-1-15,PICK,FALSE,670
14679,Ecommerce,2,B,11,1,2-B-11-1-16,2-B-11-1-16,PICK,FALSE,670
14680,Ecommerce,2,B,11,1,2-B-11-1-17,2-B-11-1-17,PICK,FALSE,670
14681,Ecommerce,2,B,11,1,2-B-11-1-18,2-B-11-1-18,PICK,FALSE,670
10901,Ecommerce,2,C,11,0,2-C-11-0,2-C-11-0,PICK,FALSE,671
10900,Ecommerce,2,C,11,1,2-C-11-1,2-C-11-1,PICK,FALSE,672
14682,Ecommerce,2,B,10,0,2-B-10-0-1,2-B-10-0-1,PICK,FALSE,673
14683,Ecommerce,2,B,10,0,2-B-10-0-2,2-B-10-0-2,PICK,FALSE,673
14684,Ecommerce,2,B,10,0,2-B-10-0-3,2-B-10-0-3,PICK,FALSE,673
14685,Ecommerce,2,B,10,0,2-B-10-0-4,2-B-10-0-4,PICK,FALSE,673
14686,Ecommerce,2,B,10,0,2-B-10-0-5,2-B-10-0-5,PICK,FALSE,673
14687,Ecommerce,2,B,10,0,2-B-10-0-6,2-B-10-0-6,PICK,FALSE,673
14688,Ecommerce,2,B,10,0,2-B-10-0-7,2-B-10-0-7,PICK,FALSE,673
14689,Ecommerce,2,B,10,0,2-B-10-0-8,2-B-10-0-8,PICK,FALSE,673
14690,Ecommerce,2,B,10,0,2-B-10-0-9,2-B-10-0-9,PICK,FALSE,673
14691,Ecommerce,2,B,10,0,2-B-10-0-10,2-B-10-0-10,PICK,FALSE,673
14692,Ecommerce,2,B,10,0,2-B-10-0-11,2-B-10-0-11,PICK,FALSE,673
14693,Ecommerce,2,B,10,0,2-B-10-0-12,2-B-10-0-12,PICK,FALSE,673
14694,Ecommerce,2,B,10,0,2-B-10-0-13,2-B-10-0-13,PICK,FALSE,673
14695,Ecommerce,2,B,10,0,2-B-10-0-14,2-B-10-0-14,PICK,FALSE,673
14696,Ecommerce,2,B,10,0,2-B-10-0-15,2-B-10-0-15,PICK,FALSE,673
14697,Ecommerce,2,B,10,0,2-B-10-0-16,2-B-10-0-16,PICK,FALSE,673
14698,Ecommerce,2,B,10,0,2-B-10-0-17,2-B-10-0-17,PICK,FALSE,673
14699,Ecommerce,2,B,10,0,2-B-10-0-18,2-B-10-0-18,PICK,FALSE,673
10899,Ecommerce,2,B,10,0,2-B-10-0,2-B-10-0,PICK,FALSE,673
10898,Ecommerce,2,B,10,1,2-B-10-1,2-B-10-1,PICK,FALSE,674
14700,Ecommerce,2,B,10,1,2-B-10-1-1,2-B-10-1-1,PICK,FALSE,674
14701,Ecommerce,2,B,10,1,2-B-10-1-2,2-B-10-1-2,PICK,FALSE,674
14702,Ecommerce,2,B,10,1,2-B-10-1-3,2-B-10-1-3,PICK,FALSE,674
14703,Ecommerce,2,B,10,1,2-B-10-1-4,2-B-10-1-4,PICK,FALSE,674
14704,Ecommerce,2,B,10,1,2-B-10-1-5,2-B-10-1-5,PICK,FALSE,674
14705,Ecommerce,2,B,10,1,2-B-10-1-6,2-B-10-1-6,PICK,FALSE,674
14706,Ecommerce,2,B,10,1,2-B-10-1-7,2-B-10-1-7,PICK,FALSE,674
14707,Ecommerce,2,B,10,1,2-B-10-1-8,2-B-10-1-8,PICK,FALSE,674
14708,Ecommerce,2,B,10,1,2-B-10-1-9,2-B-10-1-9,PICK,FALSE,674
14709,Ecommerce,2,B,10,1,2-B-10-1-10,2-B-10-1-10,PICK,FALSE,674
14710,Ecommerce,2,B,10,1,2-B-10-1-11,2-B-10-1-11,PICK,FALSE,674
14711,Ecommerce,2,B,10,1,2-B-10-1-12,2-B-10-1-12,PICK,FALSE,674
14712,Ecommerce,2,B,10,1,2-B-10-1-13,2-B-10-1-13,PICK,FALSE,674
14713,Ecommerce,2,B,10,1,2-B-10-1-14,2-B-10-1-14,PICK,FALSE,674
14714,Ecommerce,2,B,10,1,2-B-10-1-15,2-B-10-1-15,PICK,FALSE,674
14715,Ecommerce,2,B,10,1,2-B-10-1-16,2-B-10-1-16,PICK,FALSE,674
14716,Ecommerce,2,B,10,1,2-B-10-1-17,2-B-10-1-17,PICK,FALSE,674
14717,Ecommerce,2,B,10,1,2-B-10-1-18,2-B-10-1-18,PICK,FALSE,674
10897,Ecommerce,2,C,10,0,2-C-10-0,2-C-10-0,PICK,FALSE,675
10896,Ecommerce,2,C,10,1,2-C-10-1,2-C-10-1,PICK,FALSE,676
14718,Ecommerce,2,B,9,0,2-B-9-0-1,2-B-9-0-1,PICK,FALSE,677
14719,Ecommerce,2,B,9,0,2-B-9-0-2,2-B-9-0-2,PICK,FALSE,677
14720,Ecommerce,2,B,9,0,2-B-9-0-3,2-B-9-0-3,PICK,FALSE,677
14721,Ecommerce,2,B,9,0,2-B-9-0-4,2-B-9-0-4,PICK,FALSE,677
14722,Ecommerce,2,B,9,0,2-B-9-0-5,2-B-9-0-5,PICK,FALSE,677
14723,Ecommerce,2,B,9,0,2-B-9-0-6,2-B-9-0-6,PICK,FALSE,677
14724,Ecommerce,2,B,9,0,2-B-9-0-7,2-B-9-0-7,PICK,FALSE,677
14725,Ecommerce,2,B,9,0,2-B-9-0-8,2-B-9-0-8,PICK,FALSE,677
14726,Ecommerce,2,B,9,0,2-B-9-0-9,2-B-9-0-9,PICK,FALSE,677
14727,Ecommerce,2,B,9,0,2-B-9-0-10,2-B-9-0-10,PICK,FALSE,677
14728,Ecommerce,2,B,9,0,2-B-9-0-11,2-B-9-0-11,PICK,FALSE,677
14729,Ecommerce,2,B,9,0,2-B-9-0-12,2-B-9-0-12,PICK,FALSE,677
14730,Ecommerce,2,B,9,0,2-B-9-0-13,2-B-9-0-13,PICK,FALSE,677
14731,Ecommerce,2,B,9,0,2-B-9-0-14,2-B-9-0-14,PICK,FALSE,677
14732,Ecommerce,2,B,9,0,2-B-9-0-15,2-B-9-0-15,PICK,FALSE,677
14733,Ecommerce,2,B,9,0,2-B-9-0-16,2-B-9-0-16,PICK,FALSE,677
14734,Ecommerce,2,B,9,0,2-B-9-0-17,2-B-9-0-17,PICK,FALSE,677
14735,Ecommerce,2,B,9,0,2-B-9-0-18,2-B-9-0-18,PICK,FALSE,677
10895,Ecommerce,2,B,9,0,2-B-9-0,2-B-9-0,PICK,FALSE,677
10894,Ecommerce,2,B,9,1,2-B-9-1,2-B-9-1,PICK,FALSE,678
14736,Ecommerce,2,B,9,1,2-B-9-1-1,2-B-9-1-1,PICK,FALSE,678
14737,Ecommerce,2,B,9,1,2-B-9-1-2,2-B-9-1-2,PICK,FALSE,678
14738,Ecommerce,2,B,9,1,2-B-9-1-3,2-B-9-1-3,PICK,FALSE,678
14739,Ecommerce,2,B,9,1,2-B-9-1-4,2-B-9-1-4,PICK,FALSE,678
14740,Ecommerce,2,B,9,1,2-B-9-1-5,2-B-9-1-5,PICK,FALSE,678
14741,Ecommerce,2,B,9,1,2-B-9-1-6,2-B-9-1-6,PICK,FALSE,678
14742,Ecommerce,2,B,9,1,2-B-9-1-7,2-B-9-1-7,PICK,FALSE,678
14743,Ecommerce,2,B,9,1,2-B-9-1-8,2-B-9-1-8,PICK,FALSE,678
14744,Ecommerce,2,B,9,1,2-B-9-1-9,2-B-9-1-9,PICK,FALSE,678
14745,Ecommerce,2,B,9,1,2-B-9-1-10,2-B-9-1-10,PICK,FALSE,678
14746,Ecommerce,2,B,9,1,2-B-9-1-11,2-B-9-1-11,PICK,FALSE,678
14747,Ecommerce,2,B,9,1,2-B-9-1-12,2-B-9-1-12,PICK,FALSE,678
14748,Ecommerce,2,B,9,1,2-B-9-1-13,2-B-9-1-13,PICK,FALSE,678
14749,Ecommerce,2,B,9,1,2-B-9-1-14,2-B-9-1-14,PICK,FALSE,678
14750,Ecommerce,2,B,9,1,2-B-9-1-15,2-B-9-1-15,PICK,FALSE,678
14751,Ecommerce,2,B,9,1,2-B-9-1-16,2-B-9-1-16,PICK,FALSE,678
14752,Ecommerce,2,B,9,1,2-B-9-1-17,2-B-9-1-17,PICK,FALSE,678
14753,Ecommerce,2,B,9,1,2-B-9-1-18,2-B-9-1-18,PICK,FALSE,678
10893,Ecommerce,2,C,9,0,2-C-9-0,2-C-9-0,PICK,FALSE,679
10892,Ecommerce,2,C,9,1,2-C-9-1,2-C-9-1,PICK,FALSE,680
15217,Ecommerce,2,B,8,0,2-B-8-0-1,2-B-8-0-1,PICK,FALSE,681
15218,Ecommerce,2,B,8,0,2-B-8-0-2,2-B-8-0-2,PICK,FALSE,681
15219,Ecommerce,2,B,8,0,2-B-8-0-3,2-B-8-0-3,PICK,FALSE,681
15220,Ecommerce,2,B,8,0,2-B-8-0-4,2-B-8-0-4,PICK,FALSE,681
15221,Ecommerce,2,B,8,0,2-B-8-0-5,2-B-8-0-5,PICK,FALSE,681
15222,Ecommerce,2,B,8,0,2-B-8-0-6,2-B-8-0-6,PICK,FALSE,681
15223,Ecommerce,2,B,8,0,2-B-8-0-7,2-B-8-0-7,PICK,FALSE,681
15224,Ecommerce,2,B,8,0,2-B-8-0-8,2-B-8-0-8,PICK,FALSE,681
15225,Ecommerce,2,B,8,0,2-B-8-0-9,2-B-8-0-9,PICK,FALSE,681
15226,Ecommerce,2,B,8,0,2-B-8-0-10,2-B-8-0-10,PICK,FALSE,681
15227,Ecommerce,2,B,8,0,2-B-8-0-11,2-B-8-0-11,PICK,FALSE,681
15228,Ecommerce,2,B,8,0,2-B-8-0-12,2-B-8-0-12,PICK,FALSE,681
15229,Ecommerce,2,B,8,0,2-B-8-0-13,2-B-8-0-13,PICK,FALSE,681
15230,Ecommerce,2,B,8,0,2-B-8-0-14,2-B-8-0-14,PICK,FALSE,681
15231,Ecommerce,2,B,8,0,2-B-8-0-15,2-B-8-0-15,PICK,FALSE,681
15232,Ecommerce,2,B,8,0,2-B-8-0-16,2-B-8-0-16,PICK,FALSE,681
15233,Ecommerce,2,B,8,0,2-B-8-0-17,2-B-8-0-17,PICK,FALSE,681
15234,Ecommerce,2,B,8,0,2-B-8-0-18,2-B-8-0-18,PICK,FALSE,681
10891,Ecommerce,2,B,8,0,2-B-8-0,2-B-8-0,PICK,FALSE,681
10890,Ecommerce,2,B,8,1,2-B-8-1,2-B-8-1,PICK,FALSE,682
15235,Ecommerce,2,B,8,1,2-B-8-1-1,2-B-8-1-1,PICK,FALSE,682
15236,Ecommerce,2,B,8,1,2-B-8-1-2,2-B-8-1-2,PICK,FALSE,682
15237,Ecommerce,2,B,8,1,2-B-8-1-3,2-B-8-1-3,PICK,FALSE,682
15238,Ecommerce,2,B,8,1,2-B-8-1-4,2-B-8-1-4,PICK,FALSE,682
15239,Ecommerce,2,B,8,1,2-B-8-1-5,2-B-8-1-5,PICK,FALSE,682
15240,Ecommerce,2,B,8,1,2-B-8-1-6,2-B-8-1-6,PICK,FALSE,682
15241,Ecommerce,2,B,8,1,2-B-8-1-7,2-B-8-1-7,PICK,FALSE,682
15242,Ecommerce,2,B,8,1,2-B-8-1-8,2-B-8-1-8,PICK,FALSE,682
15243,Ecommerce,2,B,8,1,2-B-8-1-9,2-B-8-1-9,PICK,FALSE,682
15244,Ecommerce,2,B,8,1,2-B-8-1-10,2-B-8-1-10,PICK,FALSE,682
15245,Ecommerce,2,B,8,1,2-B-8-1-11,2-B-8-1-11,PICK,FALSE,682
15246,Ecommerce,2,B,8,1,2-B-8-1-12,2-B-8-1-12,PICK,FALSE,682
15247,Ecommerce,2,B,8,1,2-B-8-1-13,2-B-8-1-13,PICK,FALSE,682
15248,Ecommerce,2,B,8,1,2-B-8-1-14,2-B-8-1-14,PICK,FALSE,682
15249,Ecommerce,2,B,8,1,2-B-8-1-15,2-B-8-1-15,PICK,FALSE,682
15250,Ecommerce,2,B,8,1,2-B-8-1-16,2-B-8-1-16,PICK,FALSE,682
15251,Ecommerce,2,B,8,1,2-B-8-1-17,2-B-8-1-17,PICK,FALSE,682
15252,Ecommerce,2,B,8,1,2-B-8-1-18,2-B-8-1-18,PICK,FALSE,682
10889,Ecommerce,2,C,8,0,2-C-8-0,2-C-8-0,PICK,FALSE,683
10888,Ecommerce,2,C,8,1,2-C-8-1,2-C-8-1,PICK,FALSE,684
15253,Ecommerce,2,B,7,0,2-B-7-0-1,2-B-7-0-1,PICK,FALSE,685
15254,Ecommerce,2,B,7,0,2-B-7-0-2,2-B-7-0-2,PICK,FALSE,685
15255,Ecommerce,2,B,7,0,2-B-7-0-3,2-B-7-0-3,PICK,FALSE,685
15256,Ecommerce,2,B,7,0,2-B-7-0-4,2-B-7-0-4,PICK,FALSE,685
15257,Ecommerce,2,B,7,0,2-B-7-0-5,2-B-7-0-5,PICK,FALSE,685
15258,Ecommerce,2,B,7,0,2-B-7-0-6,2-B-7-0-6,PICK,FALSE,685
15259,Ecommerce,2,B,7,0,2-B-7-0-7,2-B-7-0-7,PICK,FALSE,685
15260,Ecommerce,2,B,7,0,2-B-7-0-8,2-B-7-0-8,PICK,FALSE,685
15261,Ecommerce,2,B,7,0,2-B-7-0-9,2-B-7-0-9,PICK,FALSE,685
15262,Ecommerce,2,B,7,0,2-B-7-0-10,2-B-7-0-10,PICK,FALSE,685
15263,Ecommerce,2,B,7,0,2-B-7-0-11,2-B-7-0-11,PICK,FALSE,685
15264,Ecommerce,2,B,7,0,2-B-7-0-12,2-B-7-0-12,PICK,FALSE,685
15265,Ecommerce,2,B,7,0,2-B-7-0-13,2-B-7-0-13,PICK,FALSE,685
15266,Ecommerce,2,B,7,0,2-B-7-0-14,2-B-7-0-14,PICK,FALSE,685
15267,Ecommerce,2,B,7,0,2-B-7-0-15,2-B-7-0-15,PICK,FALSE,685
15268,Ecommerce,2,B,7,0,2-B-7-0-16,2-B-7-0-16,PICK,FALSE,685
15269,Ecommerce,2,B,7,0,2-B-7-0-17,2-B-7-0-17,PICK,FALSE,685
15270,Ecommerce,2,B,7,0,2-B-7-0-18,2-B-7-0-18,PICK,FALSE,685
10887,Ecommerce,2,B,7,0,2-B-7-0,2-B-7-0,PICK,FALSE,685
10886,Ecommerce,2,B,7,1,2-B-7-1,2-B-7-1,PICK,FALSE,686
15271,Ecommerce,2,B,7,1,2-B-7-1-1,2-B-7-1-1,PICK,FALSE,686
15272,Ecommerce,2,B,7,1,2-B-7-1-2,2-B-7-1-2,PICK,FALSE,686
15273,Ecommerce,2,B,7,1,2-B-7-1-3,2-B-7-1-3,PICK,FALSE,686
15274,Ecommerce,2,B,7,1,2-B-7-1-4,2-B-7-1-4,PICK,FALSE,686
15275,Ecommerce,2,B,7,1,2-B-7-1-5,2-B-7-1-5,PICK,FALSE,686
15276,Ecommerce,2,B,7,1,2-B-7-1-6,2-B-7-1-6,PICK,FALSE,686
15277,Ecommerce,2,B,7,1,2-B-7-1-7,2-B-7-1-7,PICK,FALSE,686
15278,Ecommerce,2,B,7,1,2-B-7-1-8,2-B-7-1-8,PICK,FALSE,686
15279,Ecommerce,2,B,7,1,2-B-7-1-9,2-B-7-1-9,PICK,FALSE,686
15280,Ecommerce,2,B,7,1,2-B-7-1-10,2-B-7-1-10,PICK,FALSE,686
15281,Ecommerce,2,B,7,1,2-B-7-1-11,2-B-7-1-11,PICK,FALSE,686
15282,Ecommerce,2,B,7,1,2-B-7-1-12,2-B-7-1-12,PICK,FALSE,686
15283,Ecommerce,2,B,7,1,2-B-7-1-13,2-B-7-1-13,PICK,FALSE,686
15284,Ecommerce,2,B,7,1,2-B-7-1-14,2-B-7-1-14,PICK,FALSE,686
15285,Ecommerce,2,B,7,1,2-B-7-1-15,2-B-7-1-15,PICK,FALSE,686
15286,Ecommerce,2,B,7,1,2-B-7-1-16,2-B-7-1-16,PICK,FALSE,686
15287,Ecommerce,2,B,7,1,2-B-7-1-17,2-B-7-1-17,PICK,FALSE,686
15288,Ecommerce,2,B,7,1,2-B-7-1-18,2-B-7-1-18,PICK,FALSE,686
10885,Ecommerce,2,C,7,0,2-C-7-0,2-C-7-0,PICK,FALSE,687
10884,Ecommerce,2,C,7,1,2-C-7-1,2-C-7-1,PICK,FALSE,688
10883,Ecommerce,2,B,6,0,2-B-6-0,2-B-6-0,PICK,FALSE,689
,Ecommerce,2,B,6,0,2-B-6-0-1,2-B-6-0-1,PICK,FALSE,689
,Ecommerce,2,B,6,0,2-B-6-0-2,2-B-6-0-2,PICK,FALSE,689
,Ecommerce,2,B,6,0,2-B-6-0-3,2-B-6-0-3,PICK,FALSE,689
,Ecommerce,2,B,6,0,2-B-6-0-4,2-B-6-0-4,PICK,FALSE,689
,Ecommerce,2,B,6,0,2-B-6-0-5,2-B-6-0-5,PICK,FALSE,689
,Ecommerce,2,B,6,0,2-B-6-0-6,2-B-6-0-6,PICK,FALSE,689
,Ecommerce,2,B,6,0,2-B-6-0-7,2-B-6-0-7,PICK,FALSE,689
,Ecommerce,2,B,6,0,2-B-6-0-8,2-B-6-0-8,PICK,FALSE,689
,Ecommerce,2,B,6,0,2-B-6-0-9,2-B-6-0-9,PICK,FALSE,689
,Ecommerce,2,B,6,0,2-B-6-0-10,2-B-6-0-10,PICK,FALSE,689
,Ecommerce,2,B,6,0,2-B-6-0-11,2-B-6-0-11,PICK,FALSE,689
,Ecommerce,2,B,6,0,2-B-6-0-12,2-B-6-0-12,PICK,FALSE,689
,Ecommerce,2,B,6,0,2-B-6-0-13,2-B-6-0-13,PICK,FALSE,689
,Ecommerce,2,B,6,0,2-B-6-0-14,2-B-6-0-14,PICK,FALSE,689
,Ecommerce,2,B,6,0,2-B-6-0-15,2-B-6-0-15,PICK,FALSE,689
,Ecommerce,2,B,6,0,2-B-6-0-16,2-B-6-0-16,PICK,FALSE,689
,Ecommerce,2,B,6,0,2-B-6-0-17,2-B-6-0-17,PICK,FALSE,689
,Ecommerce,2,B,6,0,2-B-6-0-18,2-B-6-0-18,PICK,FALSE,689
10882,Ecommerce,2,B,6,1,2-B-6-1,2-B-6-1,PICK,FALSE,690
,Ecommerce,2,B,6,1,2-B-6-1-1,2-B-6-1-1,PICK,FALSE,690
,Ecommerce,2,B,6,1,2-B-6-1-2,2-B-6-1-2,PICK,FALSE,690
,Ecommerce,2,B,6,1,2-B-6-1-3,2-B-6-1-3,PICK,FALSE,690
,Ecommerce,2,B,6,1,2-B-6-1-4,2-B-6-1-4,PICK,FALSE,690
,Ecommerce,2,B,6,1,2-B-6-1-5,2-B-6-1-5,PICK,FALSE,690
,Ecommerce,2,B,6,1,2-B-6-1-6,2-B-6-1-6,PICK,FALSE,690
,Ecommerce,2,B,6,1,2-B-6-1-7,2-B-6-1-7,PICK,FALSE,690
,Ecommerce,2,B,6,1,2-B-6-1-8,2-B-6-1-8,PICK,FALSE,690
,Ecommerce,2,B,6,1,2-B-6-1-9,2-B-6-1-9,PICK,FALSE,690
,Ecommerce,2,B,6,1,2-B-6-1-10,2-B-6-1-10,PICK,FALSE,690
,Ecommerce,2,B,6,1,2-B-6-1-11,2-B-6-1-11,PICK,FALSE,690
,Ecommerce,2,B,6,1,2-B-6-1-12,2-B-6-1-12,PICK,FALSE,690
,Ecommerce,2,B,6,1,2-B-6-1-13,2-B-6-1-13,PICK,FALSE,690
,Ecommerce,2,B,6,1,2-B-6-1-14,2-B-6-1-14,PICK,FALSE,690
,Ecommerce,2,B,6,1,2-B-6-1-15,2-B-6-1-15,PICK,FALSE,690
,Ecommerce,2,B,6,1,2-B-6-1-16,2-B-6-1-16,PICK,FALSE,690
,Ecommerce,2,B,6,1,2-B-6-1-17,2-B-6-1-17,PICK,FALSE,690
,Ecommerce,2,B,6,1,2-B-6-1-18,2-B-6-1-18,PICK,FALSE,690
10863,Ecommerce,2,C,6,0,2-C-6-0,2-C-6-0,PICK,FALSE,691
10864,Ecommerce,2,C,6,0,2-C-6-0-1,2-C-6-0-1,BINS,FALSE,691
10865,Ecommerce,2,C,6,0,2-C-6-0-2,2-C-6-0-2,BINS,FALSE,691
10866,Ecommerce,2,C,6,0,2-C-6-0-3,2-C-6-0-3,BINS,FALSE,691
10867,Ecommerce,2,C,6,0,2-C-6-0-4,2-C-6-0-4,BINS,FALSE,691
10868,Ecommerce,2,C,6,0,2-C-6-0-5,2-C-6-0-5,BINS,FALSE,691
10869,Ecommerce,2,C,6,0,2-C-6-0-6,2-C-6-0-6,BINS,FALSE,691
10870,Ecommerce,2,C,6,0,2-C-6-0-7,2-C-6-0-7,BINS,FALSE,691
10871,Ecommerce,2,C,6,0,2-C-6-0-8,2-C-6-0-8,BINS,FALSE,691
10872,Ecommerce,2,C,6,0,2-C-6-0-9,2-C-6-0-9,BINS,FALSE,691
10873,Ecommerce,2,C,6,0,2-C-6-0-10,2-C-6-0-10,BINS,FALSE,691
10874,Ecommerce,2,C,6,0,2-C-6-0-11,2-C-6-0-11,BINS,FALSE,691
10875,Ecommerce,2,C,6,0,2-C-6-0-12,2-C-6-0-12,BINS,FALSE,691
10876,Ecommerce,2,C,6,0,2-C-6-0-13,2-C-6-0-13,BINS,FALSE,691
10877,Ecommerce,2,C,6,0,2-C-6-0-14,2-C-6-0-14,BINS,FALSE,691
10878,Ecommerce,2,C,6,0,2-C-6-0-15,2-C-6-0-15,BINS,FALSE,691
10879,Ecommerce,2,C,6,0,2-C-6-0-16,2-C-6-0-16,BINS,FALSE,691
10880,Ecommerce,2,C,6,0,2-C-6-0-17,2-C-6-0-17,BINS,FALSE,691
10881,Ecommerce,2,C,6,0,2-C-6-0-18,2-C-6-0-18,BINS,FALSE,691
10862,Ecommerce,2,C,6,1,2-C-6-1,2-C-6-1,PICK,FALSE,692
10861,Ecommerce,2,B,5,0,2-B-5-0,2-B-5-0,PICK,FALSE,693
,Ecommerce,2,B,5,0,2-B-5-0-1,2-B-5-0-1,PICK,FALSE,693
,Ecommerce,2,B,5,0,2-B-5-0-2,2-B-5-0-2,PICK,FALSE,693
,Ecommerce,2,B,5,0,2-B-5-0-3,2-B-5-0-3,PICK,FALSE,693
,Ecommerce,2,B,5,0,2-B-5-0-4,2-B-5-0-4,PICK,FALSE,693
,Ecommerce,2,B,5,0,2-B-5-0-5,2-B-5-0-5,PICK,FALSE,693
,Ecommerce,2,B,5,0,2-B-5-0-6,2-B-5-0-6,PICK,FALSE,693
,Ecommerce,2,B,5,0,2-B-5-0-7,2-B-5-0-7,PICK,FALSE,693
,Ecommerce,2,B,5,0,2-B-5-0-8,2-B-5-0-8,PICK,FALSE,693
,Ecommerce,2,B,5,0,2-B-5-0-9,2-B-5-0-9,PICK,FALSE,693
,Ecommerce,2,B,5,0,2-B-5-0-10,2-B-5-0-10,PICK,FALSE,693
,Ecommerce,2,B,5,0,2-B-5-0-11,2-B-5-0-11,PICK,FALSE,693
,Ecommerce,2,B,5,0,2-B-5-0-12,2-B-5-0-12,PICK,FALSE,693
,Ecommerce,2,B,5,0,2-B-5-0-13,2-B-5-0-13,PICK,FALSE,693
,Ecommerce,2,B,5,0,2-B-5-0-14,2-B-5-0-14,PICK,FALSE,693
,Ecommerce,2,B,5,0,2-B-5-0-15,2-B-5-0-15,PICK,FALSE,693
,Ecommerce,2,B,5,0,2-B-5-0-16,2-B-5-0-16,PICK,FALSE,693
,Ecommerce,2,B,5,0,2-B-5-0-17,2-B-5-0-17,PICK,FALSE,693
,Ecommerce,2,B,5,0,2-B-5-0-18,2-B-5-0-18,PICK,FALSE,693
10860,Ecommerce,2,B,5,1,2-B-5-1,2-B-5-1,PICK,FALSE,694
,Ecommerce,2,B,5,1,2-B-5-1-1,2-B-5-1-1,PICK,FALSE,694
,Ecommerce,2,B,5,1,2-B-5-1-2,2-B-5-1-2,PICK,FALSE,694
,Ecommerce,2,B,5,1,2-B-5-1-3,2-B-5-1-3,PICK,FALSE,694
,Ecommerce,2,B,5,1,2-B-5-1-4,2-B-5-1-4,PICK,FALSE,694
,Ecommerce,2,B,5,1,2-B-5-1-5,2-B-5-1-5,PICK,FALSE,694
,Ecommerce,2,B,5,1,2-B-5-1-6,2-B-5-1-6,PICK,FALSE,694
,Ecommerce,2,B,5,1,2-B-5-1-7,2-B-5-1-7,PICK,FALSE,694
,Ecommerce,2,B,5,1,2-B-5-1-8,2-B-5-1-8,PICK,FALSE,694
,Ecommerce,2,B,5,1,2-B-5-1-9,2-B-5-1-9,PICK,FALSE,694
,Ecommerce,2,B,5,1,2-B-5-1-10,2-B-5-1-10,PICK,FALSE,694
,Ecommerce,2,B,5,1,2-B-5-1-11,2-B-5-1-11,PICK,FALSE,694
,Ecommerce,2,B,5,1,2-B-5-1-12,2-B-5-1-12,PICK,FALSE,694
,Ecommerce,2,B,5,1,2-B-5-1-13,2-B-5-1-13,PICK,FALSE,694
,Ecommerce,2,B,5,1,2-B-5-1-14,2-B-5-1-14,PICK,FALSE,694
,Ecommerce,2,B,5,1,2-B-5-1-15,2-B-5-1-15,PICK,FALSE,694
,Ecommerce,2,B,5,1,2-B-5-1-16,2-B-5-1-16,PICK,FALSE,694
,Ecommerce,2,B,5,1,2-B-5-1-17,2-B-5-1-17,PICK,FALSE,694
,Ecommerce,2,B,5,1,2-B-5-1-18,2-B-5-1-18,PICK,FALSE,694
10841,Ecommerce,2,C,5,0,2-C-5-0,2-C-5-0,PICK,FALSE,695
10842,Ecommerce,2,C,5,0,2-C-5-0-1,2-C-5-0-1,BINS,FALSE,695
10843,Ecommerce,2,C,5,0,2-C-5-0-2,2-C-5-0-2,BINS,FALSE,695
10844,Ecommerce,2,C,5,0,2-C-5-0-3,2-C-5-0-3,BINS,FALSE,695
10845,Ecommerce,2,C,5,0,2-C-5-0-4,2-C-5-0-4,BINS,FALSE,695
10846,Ecommerce,2,C,5,0,2-C-5-0-5,2-C-5-0-5,BINS,FALSE,695
10847,Ecommerce,2,C,5,0,2-C-5-0-6,2-C-5-0-6,BINS,FALSE,695
10848,Ecommerce,2,C,5,0,2-C-5-0-7,2-C-5-0-7,BINS,FALSE,695
10849,Ecommerce,2,C,5,0,2-C-5-0-8,2-C-5-0-8,BINS,FALSE,695
10850,Ecommerce,2,C,5,0,2-C-5-0-9,2-C-5-0-9,BINS,FALSE,695
10851,Ecommerce,2,C,5,0,2-C-5-0-10,2-C-5-0-10,BINS,FALSE,695
10852,Ecommerce,2,C,5,0,2-C-5-0-11,2-C-5-0-11,BINS,FALSE,695
10853,Ecommerce,2,C,5,0,2-C-5-0-12,2-C-5-0-12,BINS,FALSE,695
10854,Ecommerce,2,C,5,0,2-C-5-0-13,2-C-5-0-13,BINS,FALSE,695
10855,Ecommerce,2,C,5,0,2-C-5-0-14,2-C-5-0-14,BINS,FALSE,695
10856,Ecommerce,2,C,5,0,2-C-5-0-15,2-C-5-0-15,BINS,FALSE,695
10857,Ecommerce,2,C,5,0,2-C-5-0-16,2-C-5-0-16,BINS,FALSE,695
10858,Ecommerce,2,C,5,0,2-C-5-0-17,2-C-5-0-17,BINS,FALSE,695
10859,Ecommerce,2,C,5,0,2-C-5-0-18,2-C-5-0-18,BINS,FALSE,695
10840,Ecommerce,2,C,5,1,2-C-5-1,2-C-5-1,PICK,FALSE,696
10839,Ecommerce,2,B,4,0,2-B-4-0,2-B-4-0,PICK,FALSE,697
,Ecommerce,2,B,4,0,2-B-4-0-1,2-B-4-0-1,PICK,FALSE,697
,Ecommerce,2,B,4,0,2-B-4-0-2,2-B-4-0-2,PICK,FALSE,697
,Ecommerce,2,B,4,0,2-B-4-0-3,2-B-4-0-3,PICK,FALSE,697
,Ecommerce,2,B,4,0,2-B-4-0-4,2-B-4-0-4,PICK,FALSE,697
,Ecommerce,2,B,4,0,2-B-4-0-5,2-B-4-0-5,PICK,FALSE,697
,Ecommerce,2,B,4,0,2-B-4-0-6,2-B-4-0-6,PICK,FALSE,697
,Ecommerce,2,B,4,0,2-B-4-0-7,2-B-4-0-7,PICK,FALSE,697
,Ecommerce,2,B,4,0,2-B-4-0-8,2-B-4-0-8,PICK,FALSE,697
,Ecommerce,2,B,4,0,2-B-4-0-9,2-B-4-0-9,PICK,FALSE,697
,Ecommerce,2,B,4,0,2-B-4-0-10,2-B-4-0-10,PICK,FALSE,697
,Ecommerce,2,B,4,0,2-B-4-0-11,2-B-4-0-11,PICK,FALSE,697
,Ecommerce,2,B,4,0,2-B-4-0-12,2-B-4-0-12,PICK,FALSE,697
,Ecommerce,2,B,4,0,2-B-4-0-13,2-B-4-0-13,PICK,FALSE,697
,Ecommerce,2,B,4,0,2-B-4-0-14,2-B-4-0-14,PICK,FALSE,697
,Ecommerce,2,B,4,0,2-B-4-0-15,2-B-4-0-15,PICK,FALSE,697
,Ecommerce,2,B,4,0,2-B-4-0-16,2-B-4-0-16,PICK,FALSE,697
,Ecommerce,2,B,4,0,2-B-4-0-17,2-B-4-0-17,PICK,FALSE,697
,Ecommerce,2,B,4,0,2-B-4-0-18,2-B-4-0-18,PICK,FALSE,697
10838,Ecommerce,2,B,4,1,2-B-4-1,2-B-4-1,PICK,FALSE,698
,Ecommerce,2,B,4,1,2-B-4-1-1,2-B-4-1-1,PICK,FALSE,698
,Ecommerce,2,B,4,1,2-B-4-1-2,2-B-4-1-2,PICK,FALSE,698
,Ecommerce,2,B,4,1,2-B-4-1-3,2-B-4-1-3,PICK,FALSE,698
,Ecommerce,2,B,4,1,2-B-4-1-4,2-B-4-1-4,PICK,FALSE,698
,Ecommerce,2,B,4,1,2-B-4-1-5,2-B-4-1-5,PICK,FALSE,698
,Ecommerce,2,B,4,1,2-B-4-1-6,2-B-4-1-6,PICK,FALSE,698
,Ecommerce,2,B,4,1,2-B-4-1-7,2-B-4-1-7,PICK,FALSE,698
,Ecommerce,2,B,4,1,2-B-4-1-8,2-B-4-1-8,PICK,FALSE,698
,Ecommerce,2,B,4,1,2-B-4-1-9,2-B-4-1-9,PICK,FALSE,698
,Ecommerce,2,B,4,1,2-B-4-1-10,2-B-4-1-10,PICK,FALSE,698
,Ecommerce,2,B,4,1,2-B-4-1-11,2-B-4-1-11,PICK,FALSE,698
,Ecommerce,2,B,4,1,2-B-4-1-12,2-B-4-1-12,PICK,FALSE,698
,Ecommerce,2,B,4,1,2-B-4-1-13,2-B-4-1-13,PICK,FALSE,698
,Ecommerce,2,B,4,1,2-B-4-1-14,2-B-4-1-14,PICK,FALSE,698
,Ecommerce,2,B,4,1,2-B-4-1-15,2-B-4-1-15,PICK,FALSE,698
,Ecommerce,2,B,4,1,2-B-4-1-16,2-B-4-1-16,PICK,FALSE,698
,Ecommerce,2,B,4,1,2-B-4-1-17,2-B-4-1-17,PICK,FALSE,698
,Ecommerce,2,B,4,1,2-B-4-1-18,2-B-4-1-18,PICK,FALSE,698
10837,Ecommerce,2,C,4,0,2-C-4-0,2-C-4-0,PICK,FALSE,699
10836,Ecommerce,2,C,4,1,2-C-4-1,2-C-4-1,PICK,FALSE,700
10835,Ecommerce,2,B,3,0,2-B-3-0,2-B-3-0,PICK,FALSE,701
,Ecommerce,2,B,3,0,2-B-3-0-1,2-B-3-0-1,PICK,FALSE,701
,Ecommerce,2,B,3,0,2-B-3-0-2,2-B-3-0-2,PICK,FALSE,701
,Ecommerce,2,B,3,0,2-B-3-0-3,2-B-3-0-3,PICK,FALSE,701
,Ecommerce,2,B,3,0,2-B-3-0-4,2-B-3-0-4,PICK,FALSE,701
,Ecommerce,2,B,3,0,2-B-3-0-5,2-B-3-0-5,PICK,FALSE,701
,Ecommerce,2,B,3,0,2-B-3-0-6,2-B-3-0-6,PICK,FALSE,701
,Ecommerce,2,B,3,0,2-B-3-0-7,2-B-3-0-7,PICK,FALSE,701
,Ecommerce,2,B,3,0,2-B-3-0-8,2-B-3-0-8,PICK,FALSE,701
,Ecommerce,2,B,3,0,2-B-3-0-9,2-B-3-0-9,PICK,FALSE,701
,Ecommerce,2,B,3,0,2-B-3-0-10,2-B-3-0-10,PICK,FALSE,701
,Ecommerce,2,B,3,0,2-B-3-0-11,2-B-3-0-11,PICK,FALSE,701
,Ecommerce,2,B,3,0,2-B-3-0-12,2-B-3-0-12,PICK,FALSE,701
,Ecommerce,2,B,3,0,2-B-3-0-13,2-B-3-0-13,PICK,FALSE,701
,Ecommerce,2,B,3,0,2-B-3-0-14,2-B-3-0-14,PICK,FALSE,701
,Ecommerce,2,B,3,0,2-B-3-0-15,2-B-3-0-15,PICK,FALSE,701
,Ecommerce,2,B,3,0,2-B-3-0-16,2-B-3-0-16,PICK,FALSE,701
,Ecommerce,2,B,3,0,2-B-3-0-17,2-B-3-0-17,PICK,FALSE,701
,Ecommerce,2,B,3,0,2-B-3-0-18,2-B-3-0-18,PICK,FALSE,701
10834,Ecommerce,2,B,3,1,2-B-3-1,2-B-3-1,PICK,FALSE,702
,Ecommerce,2,B,3,1,2-B-3-1-1,2-B-3-1-1,PICK,FALSE,702
,Ecommerce,2,B,3,1,2-B-3-1-2,2-B-3-1-2,PICK,FALSE,702
,Ecommerce,2,B,3,1,2-B-3-1-3,2-B-3-1-3,PICK,FALSE,702
,Ecommerce,2,B,3,1,2-B-3-1-4,2-B-3-1-4,PICK,FALSE,702
,Ecommerce,2,B,3,1,2-B-3-1-5,2-B-3-1-5,PICK,FALSE,702
,Ecommerce,2,B,3,1,2-B-3-1-6,2-B-3-1-6,PICK,FALSE,702
,Ecommerce,2,B,3,1,2-B-3-1-7,2-B-3-1-7,PICK,FALSE,702
,Ecommerce,2,B,3,1,2-B-3-1-8,2-B-3-1-8,PICK,FALSE,702
,Ecommerce,2,B,3,1,2-B-3-1-9,2-B-3-1-9,PICK,FALSE,702
,Ecommerce,2,B,3,1,2-B-3-1-10,2-B-3-1-10,PICK,FALSE,702
,Ecommerce,2,B,3,1,2-B-3-1-11,2-B-3-1-11,PICK,FALSE,702
,Ecommerce,2,B,3,1,2-B-3-1-12,2-B-3-1-12,PICK,FALSE,702
,Ecommerce,2,B,3,1,2-B-3-1-13,2-B-3-1-13,PICK,FALSE,702
,Ecommerce,2,B,3,1,2-B-3-1-14,2-B-3-1-14,PICK,FALSE,702
,Ecommerce,2,B,3,1,2-B-3-1-15,2-B-3-1-15,PICK,FALSE,702
,Ecommerce,2,B,3,1,2-B-3-1-16,2-B-3-1-16,PICK,FALSE,702
,Ecommerce,2,B,3,1,2-B-3-1-17,2-B-3-1-17,PICK,FALSE,702
,Ecommerce,2,B,3,1,2-B-3-1-18,2-B-3-1-18,PICK,FALSE,702
10833,Ecommerce,2,C,3,0,2-C-3-0,2-C-3-0,PICK,FALSE,703
10832,Ecommerce,2,C,3,1,2-C-3-1,2-C-3-1,PICK,FALSE,704
10831,Ecommerce,2,B,2,0,2-B-2-0,2-B-2-0,PICK,FALSE,705
10830,Ecommerce,2,B,2,1,2-B-2-1,2-B-2-1,PICK,FALSE,706
10829,Ecommerce,2,C,2,0,2-C-2-0,2-C-2-0,PICK,FALSE,707
10828,Ecommerce,2,C,2,1,2-C-2-1,2-C-2-1,PICK,FALSE,708
10827,Ecommerce,2,B,1,0,2-B-1-0,2-B-1-0,PICK,FALSE,709
10826,Ecommerce,2,B,1,1,2-B-1-1,2-B-1-1,PICK,FALSE,710
10825,Ecommerce,2,C,1,0,2-C-1-0,2-C-1-0,PICK,FALSE,711
10824,Ecommerce,2,C,1,1,2-C-1-1,2-C-1-1,PICK,FALSE,712
8087,Ecommerce,2,D,1,0,2-D-1-0,2-D-1-0,PICK,FALSE,713
8088,Ecommerce,2,D,1,1,2-D-1-1,2-D-1-1,PICK,FALSE,714
8101,Ecommerce,2,E,1,0,2-E-1-0,2-E-1-0,PICK,FALSE,715
10823,Ecommerce,2,E,1,1,2-E-1-1,2-E-1-1,PICK,FALSE,716
8090,Ecommerce,2,D,2,0,2-D-2-0,2-D-2-0,PICK,FALSE,717
8091,Ecommerce,2,D,2,1,2-D-2-1,2-D-2-1,PICK,FALSE,718
8102,Ecommerce,2,E,2,0,2-E-2-0,2-E-2-0,PICK,FALSE,719
8103,Ecommerce,2,E,2,1,2-E-2-1,2-E-2-1,PICK,FALSE,720
8093,Ecommerce,2,D,3,0,2-D-3-0,2-D-3-0,PICK,FALSE,721
8094,Ecommerce,2,D,3,1,2-D-3-1,2-D-3-1,PICK,FALSE,722
8445,Ecommerce,2,E,3,0,2-E-3-0,2-E-3-0,PICK,FALSE,723
8446,Ecommerce,2,E,3,1,2-E-3-1,2-E-3-1,PICK,FALSE,724
8096,Ecommerce,2,D,4,0,2-D-4-0,2-D-4-0,PICK,FALSE,725
8097,Ecommerce,2,D,4,1,2-D-4-1,2-D-4-1,PICK,FALSE,726
8451,Ecommerce,2,E,4,0,2-E-4-0,2-E-4-0,PICK,FALSE,727
8452,Ecommerce,2,E,4,1,2-E-4-1,2-E-4-1,PICK,FALSE,728
8460,Ecommerce,2,D,5,0,2-D-5-0,2-D-5-0,PICK,FALSE,729
10805,Ecommerce,2,D,5,0,2-D-5-0-10,2-D-5-0-10,BINS,FALSE,729
10806,Ecommerce,2,D,5,0,2-D-5-0-11,2-D-5-0-11,BINS,FALSE,729
10807,Ecommerce,2,D,5,0,2-D-5-0-12,2-D-5-0-12,BINS,FALSE,729
10808,Ecommerce,2,D,5,0,2-D-5-0-13,2-D-5-0-13,BINS,FALSE,729
10809,Ecommerce,2,D,5,0,2-D-5-0-14,2-D-5-0-14,BINS,FALSE,729
10810,Ecommerce,2,D,5,0,2-D-5-0-15,2-D-5-0-15,BINS,FALSE,729
10811,Ecommerce,2,D,5,0,2-D-5-0-16,2-D-5-0-16,BINS,FALSE,729
10812,Ecommerce,2,D,5,0,2-D-5-0-17,2-D-5-0-17,BINS,FALSE,729
10813,Ecommerce,2,D,5,0,2-D-5-0-18,2-D-5-0-18,BINS,FALSE,729
10814,Ecommerce,2,D,5,0,2-D-5-0-1,2-D-5-0-1,BINS,FALSE,729
10815,Ecommerce,2,D,5,0,2-D-5-0-2,2-D-5-0-2,BINS,FALSE,729
10816,Ecommerce,2,D,5,0,2-D-5-0-3,2-D-5-0-3,BINS,FALSE,729
10817,Ecommerce,2,D,5,0,2-D-5-0-4,2-D-5-0-4,BINS,FALSE,729
10818,Ecommerce,2,D,5,0,2-D-5-0-5,2-D-5-0-5,BINS,FALSE,729
10819,Ecommerce,2,D,5,0,2-D-5-0-6,2-D-5-0-6,BINS,FALSE,729
10820,Ecommerce,2,D,5,0,2-D-5-0-7,2-D-5-0-7,BINS,FALSE,729
10821,Ecommerce,2,D,5,0,2-D-5-0-8,2-D-5-0-8,BINS,FALSE,729
10822,Ecommerce,2,D,5,0,2-D-5-0-9,2-D-5-0-9,BINS,FALSE,729
8099,Ecommerce,2,D,5,1,2-D-5-1,2-D-5-1,PICK,FALSE,730
4579,Ecommerce,2,E,5,0,2-E-5-0,2-E-5-0,PICK,FALSE,731
4580,Ecommerce,2,E,5,1,2-E-5-1,2-E-5-1,PICK,FALSE,732
10786,Ecommerce,2,D,6,0,2-D-6-0,2-D-6-0,PICK,FALSE,733
10787,Ecommerce,2,D,6,0,2-D-6-0-1,2-D-6-0-1,BINS,FALSE,733
10788,Ecommerce,2,D,6,0,2-D-6-0-2,2-D-6-0-2,BINS,FALSE,733
10789,Ecommerce,2,D,6,0,2-D-6-0-3,2-D-6-0-3,BINS,FALSE,733
10790,Ecommerce,2,D,6,0,2-D-6-0-4,2-D-6-0-4,BINS,FALSE,733
10791,Ecommerce,2,D,6,0,2-D-6-0-5,2-D-6-0-5,BINS,FALSE,733
10792,Ecommerce,2,D,6,0,2-D-6-0-6,2-D-6-0-6,BINS,FALSE,733
10793,Ecommerce,2,D,6,0,2-D-6-0-7,2-D-6-0-7,BINS,FALSE,733
10794,Ecommerce,2,D,6,0,2-D-6-0-8,2-D-6-0-8,BINS,FALSE,733
10795,Ecommerce,2,D,6,0,2-D-6-0-9,2-D-6-0-9,BINS,FALSE,733
10796,Ecommerce,2,D,6,0,2-D-6-0-10,2-D-6-0-10,BINS,FALSE,733
10797,Ecommerce,2,D,6,0,2-D-6-0-11,2-D-6-0-11,BINS,FALSE,733
10798,Ecommerce,2,D,6,0,2-D-6-0-12,2-D-6-0-12,BINS,FALSE,733
10799,Ecommerce,2,D,6,0,2-D-6-0-13,2-D-6-0-13,BINS,FALSE,733
10800,Ecommerce,2,D,6,0,2-D-6-0-14,2-D-6-0-14,BINS,FALSE,733
10801,Ecommerce,2,D,6,0,2-D-6-0-15,2-D-6-0-15,BINS,FALSE,733
10802,Ecommerce,2,D,6,0,2-D-6-0-16,2-D-6-0-16,BINS,FALSE,733
10803,Ecommerce,2,D,6,0,2-D-6-0-17,2-D-6-0-17,BINS,FALSE,733
10804,Ecommerce,2,D,6,0,2-D-6-0-18,2-D-6-0-18,BINS,FALSE,733
10785,Ecommerce,2,D,6,1,2-D-6-1,2-D-6-1,PICK,FALSE,734
4582,Ecommerce,2,E,6,0,2-E-6-0,2-E-6-0,PICK,FALSE,735
4583,Ecommerce,2,E,6,1,2-E-6-1,2-E-6-1,PICK,FALSE,736
4558,Ecommerce,2,D,7,0,2-D-7-0,2-D-7-0,PICK,FALSE,737
4559,Ecommerce,2,D,7,1,2-D-7-1,2-D-7-1,PICK,FALSE,738
4585,Ecommerce,2,E,7,0,2-E-7-0,2-E-7-0,PICK,FALSE,739
4586,Ecommerce,2,E,7,1,2-E-7-1,2-E-7-1,PICK,FALSE,740
4561,Ecommerce,2,D,8,0,2-D-8-0,2-D-8-0,PICK,FALSE,741
4562,Ecommerce,2,D,8,1,2-D-8-1,2-D-8-1,PICK,FALSE,742
4588,Ecommerce,2,E,8,0,2-E-8-0,2-E-8-0,PICK,FALSE,743
4589,Ecommerce,2,E,8,1,2-E-8-1,2-E-8-1,PICK,FALSE,744
4566,Ecommerce,2,D,9,0,2-D-9-0,2-D-9-0,PICK,FALSE,745
4567,Ecommerce,2,D,9,1,2-D-9-1,2-D-9-1,PICK,FALSE,746
4591,Ecommerce,2,E,9,0,2-E-9-0,2-E-9-0,PICK,FALSE,747
4592,Ecommerce,2,E,9,1,2-E-9-1,2-E-9-1,PICK,FALSE,748
10784,Ecommerce,2,D,10,0,2-D-10-0,2-D-10-0,PICK,FALSE,749
4553,Ecommerce,2,D,10,1,2-D-10-1,2-D-10-1,PICK,FALSE,750
4571,Ecommerce,2,E,10,0,2-E-10-0,2-E-10-0,PICK,FALSE,751
4572,Ecommerce,2,E,10,1,2-E-10-1,2-E-10-1,PICK,FALSE,752
8259,Ecommerce,2,D,11,0,2-D-11-0,2-D-11-0,PICK,FALSE,753
4557,Ecommerce,2,D,11,1,2-D-11-1,2-D-11-1,PICK,FALSE,754
4574,Ecommerce,2,E,11,0,2-E-11-0,2-E-11-0,PICK,FALSE,755
4575,Ecommerce,2,E,11,1,2-E-11-1,2-E-11-1,PICK,FALSE,756
10783,Ecommerce,2,D,12,0,2-D-12-0,2-D-12-0,PICK,FALSE,757
10782,Ecommerce,2,D,12,1,2-D-12-1,2-D-12-1,PICK,FALSE,758
4577,Ecommerce,2,E,12,0,2-E-12-0,2-E-12-0,PICK,FALSE,759
4578,Ecommerce,2,E,12,1,2-E-12-1,2-E-12-1,PICK,FALSE,760
5044,Ecommerce,2,F,12,0,2-F-12-0,2-F-12-0,PICK,FALSE,761
5043,Ecommerce,2,F,12,1,2-F-12-1,2-F-12-1,PICK,FALSE,762
10781,Ecommerce,2,G,12,0,2-G-12-0,2-G-12-0,PICK,FALSE,763
10780,Ecommerce,2,G,12,1,2-G-12-1,2-G-12-1,PICK,FALSE,764
8300,Ecommerce,2,F,11,0,2-F-11-0,2-F-11-0,PICK,FALSE,765
8311,Ecommerce,2,F,11,1,2-F-11-1,2-F-11-1,PICK,FALSE,766
10779,Ecommerce,2,G,11,0,2-G-11-0,2-G-11-0,PICK,FALSE,767
10778,Ecommerce,2,G,11,1,2-G-11-1,2-G-11-1,PICK,FALSE,768
8299,Ecommerce,2,F,10,0,2-F-10-0,2-F-10-0,PICK,FALSE,769
8310,Ecommerce,2,F,10,1,2-F-10-1,2-F-10-1,PICK,FALSE,770
10777,Ecommerce,2,G,10,0,2-G-10-0,2-G-10-0,PICK,FALSE,771
10776,Ecommerce,2,G,10,1,2-G-10-1,2-G-10-1,PICK,FALSE,772
8298,Ecommerce,2,F,9,0,2-F-9-0,2-F-9-0,PICK,FALSE,773
8309,Ecommerce,2,F,9,1,2-F-9-1,2-F-9-1,PICK,FALSE,774
10775,Ecommerce,2,G,9,0,2-G-9-0,2-G-9-0,PICK,FALSE,775
10774,Ecommerce,2,G,9,1,2-G-9-1,2-G-9-1,PICK,FALSE,776
8297,Ecommerce,2,F,8,0,2-F-8-0,2-F-8-0,PICK,FALSE,777
8308,Ecommerce,2,F,8,1,2-F-8-1,2-F-8-1,PICK,FALSE,778
8260,Ecommerce,2,G,8,0,2-G-8-0,2-G-8-0,PICK,FALSE,779
4312,Ecommerce,2,G,8,1,2-G-8-1,2-G-8-1,PICK,FALSE,780
8296,Ecommerce,2,F,7,0,2-F-7-0,2-F-7-0,PICK,FALSE,781
8307,Ecommerce,2,F,7,1,2-F-7-1,2-F-7-1,PICK,FALSE,782
4309,Ecommerce,2,G,7,0,2-G-7-0,2-G-7-0,PICK,FALSE,783
4310,Ecommerce,2,G,7,1,2-G-7-1,2-G-7-1,PICK,FALSE,784
8295,Ecommerce,2,F,6,0,2-F-6-0,2-F-6-0,PICK,FALSE,785
8306,Ecommerce,2,F,6,1,2-F-6-1,2-F-6-1,PICK,FALSE,786
4306,Ecommerce,2,G,6,0,2-G-6-0,2-G-6-0,PICK,FALSE,787
4307,Ecommerce,2,G,6,1,2-G-6-1,2-G-6-1,PICK,FALSE,788
8294,Ecommerce,2,F,5,0,2-F-5-0,2-F-5-0,PICK,FALSE,789
8305,Ecommerce,2,F,5,1,2-F-5-1,2-F-5-1,PICK,FALSE,790
5088,Ecommerce,2,G,5,0,2-G-5-0,2-G-5-0,PICK,FALSE,791
5089,Ecommerce,2,G,5,1,2-G-5-1,2-G-5-1,PICK,FALSE,792
8293,Ecommerce,2,F,4,0,2-F-4-0,2-F-4-0,PICK,FALSE,793
8304,Ecommerce,2,F,4,1,2-F-4-1,2-F-4-1,PICK,FALSE,794
8360,Ecommerce,2,G,4,0,2-G-4-0,2-G-4-0,PICK,FALSE,795
8361,Ecommerce,2,G,4,1,2-G-4-1,2-G-4-1,PICK,FALSE,796
8292,Ecommerce,2,F,3,0,2-F-3-0,2-F-3-0,PICK,FALSE,797
8303,Ecommerce,2,F,3,1,2-F-3-1,2-F-3-1,PICK,FALSE,798
8104,Ecommerce,2,G,3,0,2-G-3-0,2-G-3-0,PICK,FALSE,799
8105,Ecommerce,2,G,3,1,2-G-3-1,2-G-3-1,PICK,FALSE,800
8291,Ecommerce,2,F,2,0,2-F-2-0,2-F-2-0,PICK,FALSE,801
8302,Ecommerce,2,F,2,1,2-F-2-1,2-F-2-1,PICK,FALSE,802
8429,Ecommerce,2,G,2,0,2-G-2-0,2-G-2-0,PICK,FALSE,803
8430,Ecommerce,2,G,2,1,2-G-2-1,2-G-2-1,PICK,FALSE,804
8290,Ecommerce,2,F,1,0,2-F-1-0,2-F-1-0,PICK,FALSE,805
8301,Ecommerce,2,F,1,1,2-F-1-1,2-F-1-1,PICK,FALSE,806
8435,Ecommerce,2,G,1,0,2-G-1-0,2-G-1-0,PICK,FALSE,807
8436,Ecommerce,2,G,1,1,2-G-1-1,2-G-1-1,PICK,FALSE,808
10773,Ecommerce,2,H,1,0,2-H-1-0,2-H-1-0,PICK,FALSE,809
10772,Ecommerce,2,H,1,1,2-H-1-1,2-H-1-1,PICK,FALSE,810
15289,Ecommerce,2,I,1,0,*2-I-1-0-1,*2-I-1-0-1,PICK,FALSE,811
15290,Ecommerce,2,I,1,0,*2-I-1-0-2,*2-I-1-0-2,PICK,FALSE,811
15291,Ecommerce,2,I,1,0,*2-I-1-0-3,*2-I-1-0-3,PICK,FALSE,811
15292,Ecommerce,2,I,1,0,*2-I-1-0-4,*2-I-1-0-4,PICK,FALSE,811
15293,Ecommerce,2,I,1,0,*2-I-1-0-5,*2-I-1-0-5,PICK,FALSE,811
15294,Ecommerce,2,I,1,0,*2-I-1-0-6,*2-I-1-0-6,PICK,FALSE,811
15295,Ecommerce,2,I,1,0,*2-I-1-0-7,*2-I-1-0-7,PICK,FALSE,811
15296,Ecommerce,2,I,1,0,*2-I-1-0-8,*2-I-1-0-8,PICK,FALSE,811
15297,Ecommerce,2,I,1,0,*2-I-1-0-9,*2-I-1-0-9,PICK,FALSE,811
15298,Ecommerce,2,I,1,0,*2-I-1-0-10,*2-I-1-0-10,PICK,FALSE,811
15299,Ecommerce,2,I,1,0,*2-I-1-0-11,*2-I-1-0-11,PICK,FALSE,811
15300,Ecommerce,2,I,1,0,*2-I-1-0-12,*2-I-1-0-12,PICK,FALSE,811
15301,Ecommerce,2,I,1,0,*2-I-1-0-13,*2-I-1-0-13,PICK,FALSE,811
15302,Ecommerce,2,I,1,0,*2-I-1-0-14,*2-I-1-0-14,PICK,FALSE,811
15303,Ecommerce,2,I,1,0,*2-I-1-0-15,*2-I-1-0-15,PICK,FALSE,811
15304,Ecommerce,2,I,1,0,*2-I-1-0-16,*2-I-1-0-16,PICK,FALSE,811
15305,Ecommerce,2,I,1,0,*2-I-1-0-17,*2-I-1-0-17,PICK,FALSE,811
15306,Ecommerce,2,I,1,0,*2-I-1-0-18,*2-I-1-0-18,PICK,FALSE,811
8109,Ecommerce,2,I,1,0,2-I-1-0,2-I-1-0,PICK,FALSE,811
8110,Ecommerce,2,I,1,1,2-I-1-1,2-I-1-1,PICK,FALSE,812
15325,Ecommerce,2,I,1,1,*2-I-1-1-1,*2-I-1-1-1,PICK,FALSE,812
15326,Ecommerce,2,I,1,1,*2-I-1-1-2,*2-I-1-1-2,PICK,FALSE,812
15327,Ecommerce,2,I,1,1,*2-I-1-1-3,*2-I-1-1-3,PICK,FALSE,812
15328,Ecommerce,2,I,1,1,*2-I-1-1-4,*2-I-1-1-4,PICK,FALSE,812
15329,Ecommerce,2,I,1,1,*2-I-1-1-5,*2-I-1-1-5,PICK,FALSE,812
15330,Ecommerce,2,I,1,1,*2-I-1-1-6,*2-I-1-1-6,PICK,FALSE,812
15331,Ecommerce,2,I,1,1,*2-I-1-1-7,*2-I-1-1-7,PICK,FALSE,812
15332,Ecommerce,2,I,1,1,*2-I-1-1-8,*2-I-1-1-8,PICK,FALSE,812
15333,Ecommerce,2,I,1,1,*2-I-1-1-9,*2-I-1-1-9,PICK,FALSE,812
15334,Ecommerce,2,I,1,1,*2-I-1-1-10,*2-I-1-1-10,PICK,FALSE,812
15335,Ecommerce,2,I,1,1,*2-I-1-1-11,*2-I-1-1-11,PICK,FALSE,812
15336,Ecommerce,2,I,1,1,*2-I-1-1-12,*2-I-1-1-12,PICK,FALSE,812
15337,Ecommerce,2,I,1,1,*2-I-1-1-13,*2-I-1-1-13,PICK,FALSE,812
15338,Ecommerce,2,I,1,1,*2-I-1-1-14,*2-I-1-1-14,PICK,FALSE,812
15339,Ecommerce,2,I,1,1,*2-I-1-1-15,*2-I-1-1-15,PICK,FALSE,812
15340,Ecommerce,2,I,1,1,*2-I-1-1-16,*2-I-1-1-16,PICK,FALSE,812
15341,Ecommerce,2,I,1,1,*2-I-1-1-17,*2-I-1-1-17,PICK,FALSE,812
15342,Ecommerce,2,I,1,1,*2-I-1-1-18,*2-I-1-1-18,PICK,FALSE,812
10771,Ecommerce,2,H,2,0,2-H-2-0,2-H-2-0,PICK,FALSE,813
10770,Ecommerce,2,H,2,1,2-H-2-1,2-H-2-1,PICK,FALSE,814
8112,Ecommerce,2,I,2,0,2-I-2-0,2-I-2-0,PICK,FALSE,815
15361,Ecommerce,2,I,2,0,2-I-2-0-1,2-I-2-0-1,PICK,FALSE,815
15362,Ecommerce,2,I,2,0,2-I-2-0-2,2-I-2-0-2,PICK,FALSE,815
15363,Ecommerce,2,I,2,0,2-I-2-0-3,2-I-2-0-3,PICK,FALSE,815
15364,Ecommerce,2,I,2,0,2-I-2-0-4,2-I-2-0-4,PICK,FALSE,815
15365,Ecommerce,2,I,2,0,2-I-2-0-5,2-I-2-0-5,PICK,FALSE,815
15366,Ecommerce,2,I,2,0,2-I-2-0-6,2-I-2-0-6,PICK,FALSE,815
15367,Ecommerce,2,I,2,0,2-I-2-0-7,2-I-2-0-7,PICK,FALSE,815
15368,Ecommerce,2,I,2,0,2-I-2-0-8,2-I-2-0-8,PICK,FALSE,815
15369,Ecommerce,2,I,2,0,2-I-2-0-9,2-I-2-0-9,PICK,FALSE,815
15370,Ecommerce,2,I,2,0,2-I-2-0-10,2-I-2-0-10,PICK,FALSE,815
15371,Ecommerce,2,I,2,0,2-I-2-0-11,2-I-2-0-11,PICK,FALSE,815
15372,Ecommerce,2,I,2,0,2-I-2-0-12,2-I-2-0-12,PICK,FALSE,815
15373,Ecommerce,2,I,2,0,2-I-2-0-13,2-I-2-0-13,PICK,FALSE,815
15374,Ecommerce,2,I,2,0,2-I-2-0-14,2-I-2-0-14,PICK,FALSE,815
15375,Ecommerce,2,I,2,0,2-I-2-0-15,2-I-2-0-15,PICK,FALSE,815
15376,Ecommerce,2,I,2,0,2-I-2-0-16,2-I-2-0-16,PICK,FALSE,815
15377,Ecommerce,2,I,2,0,2-I-2-0-17,2-I-2-0-17,PICK,FALSE,815
15378,Ecommerce,2,I,2,0,2-I-2-0-18,2-I-2-0-18,PICK,FALSE,815
8113,Ecommerce,2,I,2,1,2-I-2-1,2-I-2-1,PICK,FALSE,816
15397,Ecommerce,2,I,2,1,*2-I-2-1-1,*2-I-2-1-1,PICK,FALSE,816
15398,Ecommerce,2,I,2,1,*2-I-2-1-2,*2-I-2-1-2,PICK,FALSE,816
15399,Ecommerce,2,I,2,1,*2-I-2-1-3,*2-I-2-1-3,PICK,FALSE,816
15400,Ecommerce,2,I,2,1,*2-I-2-1-4,*2-I-2-1-4,PICK,FALSE,816
15401,Ecommerce,2,I,2,1,*2-I-2-1-5,*2-I-2-1-5,PICK,FALSE,816
15402,Ecommerce,2,I,2,1,*2-I-2-1-6,*2-I-2-1-6,PICK,FALSE,816
15403,Ecommerce,2,I,2,1,*2-I-2-1-7,*2-I-2-1-7,PICK,FALSE,816
15404,Ecommerce,2,I,2,1,*2-I-2-1-8,*2-I-2-1-8,PICK,FALSE,816
15405,Ecommerce,2,I,2,1,*2-I-2-1-9,*2-I-2-1-9,PICK,FALSE,816
15406,Ecommerce,2,I,2,1,*2-I-2-1-10,*2-I-2-1-10,PICK,FALSE,816
15407,Ecommerce,2,I,2,1,*2-I-2-1-11,*2-I-2-1-11,PICK,FALSE,816
15408,Ecommerce,2,I,2,1,*2-I-2-1-12,*2-I-2-1-12,PICK,FALSE,816
15409,Ecommerce,2,I,2,1,*2-I-2-1-13,*2-I-2-1-13,PICK,FALSE,816
15410,Ecommerce,2,I,2,1,*2-I-2-1-14,*2-I-2-1-14,PICK,FALSE,816
15411,Ecommerce,2,I,2,1,*2-I-2-1-15,*2-I-2-1-15,PICK,FALSE,816
15412,Ecommerce,2,I,2,1,*2-I-2-1-16,*2-I-2-1-16,PICK,FALSE,816
15413,Ecommerce,2,I,2,1,*2-I-2-1-17,*2-I-2-1-17,PICK,FALSE,816
15414,Ecommerce,2,I,2,1,*2-I-2-1-18,*2-I-2-1-18,PICK,FALSE,816
8107,Ecommerce,2,H,3,0,2-H-3-0,2-H-3-0,PICK,FALSE,817
8108,Ecommerce,2,H,3,1,2-H-3-1,2-H-3-1,PICK,FALSE,818
15433,Ecommerce,2,I,3,0,*2-I-3-0-1,*2-I-3-0-1,PICK,FALSE,819
15434,Ecommerce,2,I,3,0,*2-I-3-0-2,*2-I-3-0-2,PICK,FALSE,819
15435,Ecommerce,2,I,3,0,*2-I-3-0-3,*2-I-3-0-3,PICK,FALSE,819
15436,Ecommerce,2,I,3,0,*2-I-3-0-4,*2-I-3-0-4,PICK,FALSE,819
15437,Ecommerce,2,I,3,0,*2-I-3-0-5,*2-I-3-0-5,PICK,FALSE,819
15438,Ecommerce,2,I,3,0,*2-I-3-0-6,*2-I-3-0-6,PICK,FALSE,819
15439,Ecommerce,2,I,3,0,*2-I-3-0-7,*2-I-3-0-7,PICK,FALSE,819
15440,Ecommerce,2,I,3,0,*2-I-3-0-8,*2-I-3-0-8,PICK,FALSE,819
15441,Ecommerce,2,I,3,0,*2-I-3-0-9,*2-I-3-0-9,PICK,FALSE,819
15442,Ecommerce,2,I,3,0,*2-I-3-0-10,*2-I-3-0-10,PICK,FALSE,819
15443,Ecommerce,2,I,3,0,*2-I-3-0-11,*2-I-3-0-11,PICK,FALSE,819
15444,Ecommerce,2,I,3,0,*2-I-3-0-12,*2-I-3-0-12,PICK,FALSE,819
15445,Ecommerce,2,I,3,0,*2-I-3-0-13,*2-I-3-0-13,PICK,FALSE,819
15446,Ecommerce,2,I,3,0,*2-I-3-0-14,*2-I-3-0-14,PICK,FALSE,819
15447,Ecommerce,2,I,3,0,*2-I-3-0-15,*2-I-3-0-15,PICK,FALSE,819
15448,Ecommerce,2,I,3,0,*2-I-3-0-16,*2-I-3-0-16,PICK,FALSE,819
15449,Ecommerce,2,I,3,0,*2-I-3-0-17,*2-I-3-0-17,PICK,FALSE,819
15450,Ecommerce,2,I,3,0,*2-I-3-0-18,*2-I-3-0-18,PICK,FALSE,819
8115,Ecommerce,2,I,3,0,2-I-3-0,2-I-3-0,PICK,FALSE,819
8116,Ecommerce,2,I,3,1,2-I-3-1,2-I-3-1,PICK,FALSE,820
15469,Ecommerce,2,I,3,1,*2-I-3-1-1,*2-I-3-1-1,PICK,FALSE,820
15470,Ecommerce,2,I,3,1,*2-I-3-1-2,*2-I-3-1-2,PICK,FALSE,820
15471,Ecommerce,2,I,3,1,*2-I-3-1-3,*2-I-3-1-3,PICK,FALSE,820
15472,Ecommerce,2,I,3,1,*2-I-3-1-4,*2-I-3-1-4,PICK,FALSE,820
15473,Ecommerce,2,I,3,1,*2-I-3-1-5,*2-I-3-1-5,PICK,FALSE,820
15474,Ecommerce,2,I,3,1,*2-I-3-1-6,*2-I-3-1-6,PICK,FALSE,820
15475,Ecommerce,2,I,3,1,*2-I-3-1-7,*2-I-3-1-7,PICK,FALSE,820
15476,Ecommerce,2,I,3,1,*2-I-3-1-8,*2-I-3-1-8,PICK,FALSE,820
15477,Ecommerce,2,I,3,1,*2-I-3-1-9,*2-I-3-1-9,PICK,FALSE,820
15478,Ecommerce,2,I,3,1,*2-I-3-1-10,*2-I-3-1-10,PICK,FALSE,820
15479,Ecommerce,2,I,3,1,*2-I-3-1-11,*2-I-3-1-11,PICK,FALSE,820
15480,Ecommerce,2,I,3,1,*2-I-3-1-12,*2-I-3-1-12,PICK,FALSE,820
15481,Ecommerce,2,I,3,1,*2-I-3-1-13,*2-I-3-1-13,PICK,FALSE,820
15482,Ecommerce,2,I,3,1,*2-I-3-1-14,*2-I-3-1-14,PICK,FALSE,820
15483,Ecommerce,2,I,3,1,*2-I-3-1-15,*2-I-3-1-15,PICK,FALSE,820
15484,Ecommerce,2,I,3,1,*2-I-3-1-16,*2-I-3-1-16,PICK,FALSE,820
15485,Ecommerce,2,I,3,1,*2-I-3-1-17,*2-I-3-1-17,PICK,FALSE,820
15486,Ecommerce,2,I,3,1,*2-I-3-1-18,*2-I-3-1-18,PICK,FALSE,820
10769,Ecommerce,2,H,4,0,2-H-4-0,2-H-4-0,PICK,FALSE,821
10768,Ecommerce,2,H,4,1,2-H-4-1,2-H-4-1,PICK,FALSE,822
8118,Ecommerce,2,I,4,0,2-I-4-0,2-I-4-0,PICK,FALSE,823
15505,Ecommerce,2,I,4,0,2-I-4-0-1,2-I-4-0-1,PICK,FALSE,823
15506,Ecommerce,2,I,4,0,2-I-4-0-2,2-I-4-0-2,PICK,FALSE,823
15507,Ecommerce,2,I,4,0,2-I-4-0-3,2-I-4-0-3,PICK,FALSE,823
15508,Ecommerce,2,I,4,0,2-I-4-0-4,2-I-4-0-4,PICK,FALSE,823
15509,Ecommerce,2,I,4,0,2-I-4-0-5,2-I-4-0-5,PICK,FALSE,823
15510,Ecommerce,2,I,4,0,2-I-4-0-6,2-I-4-0-6,PICK,FALSE,823
15511,Ecommerce,2,I,4,0,2-I-4-0-7,2-I-4-0-7,PICK,FALSE,823
15512,Ecommerce,2,I,4,0,2-I-4-0-8,2-I-4-0-8,PICK,FALSE,823
15513,Ecommerce,2,I,4,0,2-I-4-0-9,2-I-4-0-9,PICK,FALSE,823
15514,Ecommerce,2,I,4,0,2-I-4-0-10,2-I-4-0-10,PICK,FALSE,823
15515,Ecommerce,2,I,4,0,2-I-4-0-11,2-I-4-0-11,PICK,FALSE,823
15516,Ecommerce,2,I,4,0,2-I-4-0-12,2-I-4-0-12,PICK,FALSE,823
15517,Ecommerce,2,I,4,0,2-I-4-0-13,2-I-4-0-13,PICK,FALSE,823
15518,Ecommerce,2,I,4,0,2-I-4-0-14,2-I-4-0-14,PICK,FALSE,823
15519,Ecommerce,2,I,4,0,2-I-4-0-15,2-I-4-0-15,PICK,FALSE,823
15520,Ecommerce,2,I,4,0,2-I-4-0-16,2-I-4-0-16,PICK,FALSE,823
15521,Ecommerce,2,I,4,0,2-I-4-0-17,2-I-4-0-17,PICK,FALSE,823
15522,Ecommerce,2,I,4,0,2-I-4-0-18,2-I-4-0-18,PICK,FALSE,823
8119,Ecommerce,2,I,4,1,2-I-4-1,2-I-4-1,PICK,FALSE,824
15541,Ecommerce,2,I,4,1,*2-I-4-1-1,*2-I-4-1-1,PICK,FALSE,824
15542,Ecommerce,2,I,4,1,*2-I-4-1-2,*2-I-4-1-2,PICK,FALSE,824
15543,Ecommerce,2,I,4,1,*2-I-4-1-3,*2-I-4-1-3,PICK,FALSE,824
15544,Ecommerce,2,I,4,1,*2-I-4-1-4,*2-I-4-1-4,PICK,FALSE,824
15545,Ecommerce,2,I,4,1,*2-I-4-1-5,*2-I-4-1-5,PICK,FALSE,824
15546,Ecommerce,2,I,4,1,*2-I-4-1-6,*2-I-4-1-6,PICK,FALSE,824
15547,Ecommerce,2,I,4,1,*2-I-4-1-7,*2-I-4-1-7,PICK,FALSE,824
15548,Ecommerce,2,I,4,1,*2-I-4-1-8,*2-I-4-1-8,PICK,FALSE,824
15549,Ecommerce,2,I,4,1,*2-I-4-1-9,*2-I-4-1-9,PICK,FALSE,824
15550,Ecommerce,2,I,4,1,*2-I-4-1-10,*2-I-4-1-10,PICK,FALSE,824
15551,Ecommerce,2,I,4,1,*2-I-4-1-11,*2-I-4-1-11,PICK,FALSE,824
15552,Ecommerce,2,I,4,1,*2-I-4-1-12,*2-I-4-1-12,PICK,FALSE,824
15553,Ecommerce,2,I,4,1,*2-I-4-1-13,*2-I-4-1-13,PICK,FALSE,824
15554,Ecommerce,2,I,4,1,*2-I-4-1-14,*2-I-4-1-14,PICK,FALSE,824
15555,Ecommerce,2,I,4,1,*2-I-4-1-15,*2-I-4-1-15,PICK,FALSE,824
15556,Ecommerce,2,I,4,1,*2-I-4-1-16,*2-I-4-1-16,PICK,FALSE,824
15557,Ecommerce,2,I,4,1,*2-I-4-1-17,*2-I-4-1-17,PICK,FALSE,824
15558,Ecommerce,2,I,4,1,*2-I-4-1-18,*2-I-4-1-18,PICK,FALSE,824
4314,Ecommerce,2,H,5,0,2-H-5-0,2-H-5-0,PICK,FALSE,825
4315,Ecommerce,2,H,5,1,2-H-5-1,2-H-5-1,PICK,FALSE,826
15577,Ecommerce,2,I,5,0,*2-I-5-0-1,*2-I-5-0-1,PICK,FALSE,827
15578,Ecommerce,2,I,5,0,*2-I-5-0-2,*2-I-5-0-2,PICK,FALSE,827
15579,Ecommerce,2,I,5,0,*2-I-5-0-3,*2-I-5-0-3,PICK,FALSE,827
15580,Ecommerce,2,I,5,0,*2-I-5-0-4,*2-I-5-0-4,PICK,FALSE,827
15581,Ecommerce,2,I,5,0,*2-I-5-0-5,*2-I-5-0-5,PICK,FALSE,827
15582,Ecommerce,2,I,5,0,*2-I-5-0-6,*2-I-5-0-6,PICK,FALSE,827
15583,Ecommerce,2,I,5,0,*2-I-5-0-7,*2-I-5-0-7,PICK,FALSE,827
15584,Ecommerce,2,I,5,0,*2-I-5-0-8,*2-I-5-0-8,PICK,FALSE,827
15585,Ecommerce,2,I,5,0,*2-I-5-0-9,*2-I-5-0-9,PICK,FALSE,827
15586,Ecommerce,2,I,5,0,*2-I-5-0-10,*2-I-5-0-10,PICK,FALSE,827
15587,Ecommerce,2,I,5,0,*2-I-5-0-11,*2-I-5-0-11,PICK,FALSE,827
15588,Ecommerce,2,I,5,0,*2-I-5-0-12,*2-I-5-0-12,PICK,FALSE,827
15589,Ecommerce,2,I,5,0,*2-I-5-0-13,*2-I-5-0-13,PICK,FALSE,827
15590,Ecommerce,2,I,5,0,*2-I-5-0-14,*2-I-5-0-14,PICK,FALSE,827
15591,Ecommerce,2,I,5,0,*2-I-5-0-15,*2-I-5-0-15,PICK,FALSE,827
15592,Ecommerce,2,I,5,0,*2-I-5-0-16,*2-I-5-0-16,PICK,FALSE,827
15593,Ecommerce,2,I,5,0,*2-I-5-0-17,*2-I-5-0-17,PICK,FALSE,827
15594,Ecommerce,2,I,5,0,*2-I-5-0-18,*2-I-5-0-18,PICK,FALSE,827
8121,Ecommerce,2,I,5,0,2-I-5-0,2-I-5-0,PICK,FALSE,827
8122,Ecommerce,2,I,5,1,2-I-5-1,2-I-5-1,PICK,FALSE,828
15613,Ecommerce,2,I,5,1,*2-I-5-1-1,*2-I-5-1-1,PICK,FALSE,828
15614,Ecommerce,2,I,5,1,*2-I-5-1-2,*2-I-5-1-2,PICK,FALSE,828
15615,Ecommerce,2,I,5,1,*2-I-5-1-3,*2-I-5-1-3,PICK,FALSE,828
15616,Ecommerce,2,I,5,1,*2-I-5-1-4,*2-I-5-1-4,PICK,FALSE,828
15617,Ecommerce,2,I,5,1,*2-I-5-1-5,*2-I-5-1-5,PICK,FALSE,828
15618,Ecommerce,2,I,5,1,*2-I-5-1-6,*2-I-5-1-6,PICK,FALSE,828
15619,Ecommerce,2,I,5,1,*2-I-5-1-7,*2-I-5-1-7,PICK,FALSE,828
15620,Ecommerce,2,I,5,1,*2-I-5-1-8,*2-I-5-1-8,PICK,FALSE,828
15621,Ecommerce,2,I,5,1,*2-I-5-1-9,*2-I-5-1-9,PICK,FALSE,828
15622,Ecommerce,2,I,5,1,*2-I-5-1-10,*2-I-5-1-10,PICK,FALSE,828
15623,Ecommerce,2,I,5,1,*2-I-5-1-11,*2-I-5-1-11,PICK,FALSE,828
15624,Ecommerce,2,I,5,1,*2-I-5-1-12,*2-I-5-1-12,PICK,FALSE,828
15625,Ecommerce,2,I,5,1,*2-I-5-1-13,*2-I-5-1-13,PICK,FALSE,828
15626,Ecommerce,2,I,5,1,*2-I-5-1-14,*2-I-5-1-14,PICK,FALSE,828
15627,Ecommerce,2,I,5,1,*2-I-5-1-15,*2-I-5-1-15,PICK,FALSE,828
15628,Ecommerce,2,I,5,1,*2-I-5-1-16,*2-I-5-1-16,PICK,FALSE,828
15629,Ecommerce,2,I,5,1,*2-I-5-1-17,*2-I-5-1-17,PICK,FALSE,828
15630,Ecommerce,2,I,5,1,*2-I-5-1-18,*2-I-5-1-18,PICK,FALSE,828
4316,Ecommerce,2,H,6,0,2-H-6-0,2-H-6-0,PICK,FALSE,829
4317,Ecommerce,2,H,6,1,2-H-6-1,2-H-6-1,PICK,FALSE,830
10767,Ecommerce,2,I,6,0,2-I-6-0,2-I-6-0,PICK,FALSE,831
15649,Ecommerce,2,I,6,0,2-I-6-0-1,2-I-6-0-1,PICK,FALSE,831
15650,Ecommerce,2,I,6,0,2-I-6-0-2,2-I-6-0-2,PICK,FALSE,831
15651,Ecommerce,2,I,6,0,2-I-6-0-3,2-I-6-0-3,PICK,FALSE,831
15652,Ecommerce,2,I,6,0,2-I-6-0-4,2-I-6-0-4,PICK,FALSE,831
15653,Ecommerce,2,I,6,0,2-I-6-0-5,2-I-6-0-5,PICK,FALSE,831
15654,Ecommerce,2,I,6,0,2-I-6-0-6,2-I-6-0-6,PICK,FALSE,831
15655,Ecommerce,2,I,6,0,2-I-6-0-7,2-I-6-0-7,PICK,FALSE,831
15656,Ecommerce,2,I,6,0,2-I-6-0-8,2-I-6-0-8,PICK,FALSE,831
15657,Ecommerce,2,I,6,0,2-I-6-0-9,2-I-6-0-9,PICK,FALSE,831
15658,Ecommerce,2,I,6,0,2-I-6-0-10,2-I-6-0-10,PICK,FALSE,831
15659,Ecommerce,2,I,6,0,2-I-6-0-11,2-I-6-0-11,PICK,FALSE,831
15660,Ecommerce,2,I,6,0,2-I-6-0-12,2-I-6-0-12,PICK,FALSE,831
15661,Ecommerce,2,I,6,0,2-I-6-0-13,2-I-6-0-13,PICK,FALSE,831
15662,Ecommerce,2,I,6,0,2-I-6-0-14,2-I-6-0-14,PICK,FALSE,831
15663,Ecommerce,2,I,6,0,2-I-6-0-15,2-I-6-0-15,PICK,FALSE,831
15664,Ecommerce,2,I,6,0,2-I-6-0-16,2-I-6-0-16,PICK,FALSE,831
15665,Ecommerce,2,I,6,0,2-I-6-0-17,2-I-6-0-17,PICK,FALSE,831
15666,Ecommerce,2,I,6,0,2-I-6-0-18,2-I-6-0-18,PICK,FALSE,831
10766,Ecommerce,2,I,6,1,2-I-6-1,2-I-6-1,PICK,FALSE,832
15685,Ecommerce,2,I,6,1,*2-I-6-1-1,*2-I-6-1-1,PICK,FALSE,832
15686,Ecommerce,2,I,6,1,*2-I-6-1-2,*2-I-6-1-2,PICK,FALSE,832
15687,Ecommerce,2,I,6,1,*2-I-6-1-3,*2-I-6-1-3,PICK,FALSE,832
15688,Ecommerce,2,I,6,1,*2-I-6-1-4,*2-I-6-1-4,PICK,FALSE,832
15689,Ecommerce,2,I,6,1,*2-I-6-1-5,*2-I-6-1-5,PICK,FALSE,832
15690,Ecommerce,2,I,6,1,*2-I-6-1-6,*2-I-6-1-6,PICK,FALSE,832
15691,Ecommerce,2,I,6,1,*2-I-6-1-7,*2-I-6-1-7,PICK,FALSE,832
15692,Ecommerce,2,I,6,1,*2-I-6-1-8,*2-I-6-1-8,PICK,FALSE,832
15693,Ecommerce,2,I,6,1,*2-I-6-1-9,*2-I-6-1-9,PICK,FALSE,832
15694,Ecommerce,2,I,6,1,*2-I-6-1-10,*2-I-6-1-10,PICK,FALSE,832
15695,Ecommerce,2,I,6,1,*2-I-6-1-11,*2-I-6-1-11,PICK,FALSE,832
15696,Ecommerce,2,I,6,1,*2-I-6-1-12,*2-I-6-1-12,PICK,FALSE,832
15697,Ecommerce,2,I,6,1,*2-I-6-1-13,*2-I-6-1-13,PICK,FALSE,832
15698,Ecommerce,2,I,6,1,*2-I-6-1-14,*2-I-6-1-14,PICK,FALSE,832
15699,Ecommerce,2,I,6,1,*2-I-6-1-15,*2-I-6-1-15,PICK,FALSE,832
15700,Ecommerce,2,I,6,1,*2-I-6-1-16,*2-I-6-1-16,PICK,FALSE,832
15701,Ecommerce,2,I,6,1,*2-I-6-1-17,*2-I-6-1-17,PICK,FALSE,832
15702,Ecommerce,2,I,6,1,*2-I-6-1-18,*2-I-6-1-18,PICK,FALSE,832
4318,Ecommerce,2,H,7,0,2-H-7-0,2-H-7-0,PICK,FALSE,833
4319,Ecommerce,2,H,7,1,2-H-7-1,2-H-7-1,PICK,FALSE,834
15721,Ecommerce,2,I,7,0,*2-I-7-0-1,*2-I-7-0-1,PICK,FALSE,835
15722,Ecommerce,2,I,7,0,*2-I-7-0-2,*2-I-7-0-2,PICK,FALSE,835
15723,Ecommerce,2,I,7,0,*2-I-7-0-3,*2-I-7-0-3,PICK,FALSE,835
15724,Ecommerce,2,I,7,0,*2-I-7-0-4,*2-I-7-0-4,PICK,FALSE,835
15725,Ecommerce,2,I,7,0,*2-I-7-0-5,*2-I-7-0-5,PICK,FALSE,835
15726,Ecommerce,2,I,7,0,*2-I-7-0-6,*2-I-7-0-6,PICK,FALSE,835
15727,Ecommerce,2,I,7,0,*2-I-7-0-7,*2-I-7-0-7,PICK,FALSE,835
15728,Ecommerce,2,I,7,0,*2-I-7-0-8,*2-I-7-0-8,PICK,FALSE,835
15729,Ecommerce,2,I,7,0,*2-I-7-0-9,*2-I-7-0-9,PICK,FALSE,835
15730,Ecommerce,2,I,7,0,*2-I-7-0-10,*2-I-7-0-10,PICK,FALSE,835
15731,Ecommerce,2,I,7,0,*2-I-7-0-11,*2-I-7-0-11,PICK,FALSE,835
15732,Ecommerce,2,I,7,0,*2-I-7-0-12,*2-I-7-0-12,PICK,FALSE,835
15733,Ecommerce,2,I,7,0,*2-I-7-0-13,*2-I-7-0-13,PICK,FALSE,835
15734,Ecommerce,2,I,7,0,*2-I-7-0-14,*2-I-7-0-14,PICK,FALSE,835
15735,Ecommerce,2,I,7,0,*2-I-7-0-15,*2-I-7-0-15,PICK,FALSE,835
15736,Ecommerce,2,I,7,0,*2-I-7-0-16,*2-I-7-0-16,PICK,FALSE,835
15737,Ecommerce,2,I,7,0,*2-I-7-0-17,*2-I-7-0-17,PICK,FALSE,835
15738,Ecommerce,2,I,7,0,*2-I-7-0-18,*2-I-7-0-18,PICK,FALSE,835
10765,Ecommerce,2,I,7,0,2-I-7-0,2-I-7-0,PICK,FALSE,835
15757,Ecommerce,2,I,7,1,*2-I-7-1-1,*2-I-7-1-1,PICK,FALSE,836
15758,Ecommerce,2,I,7,1,*2-I-7-1-2,*2-I-7-1-2,PICK,FALSE,836
15759,Ecommerce,2,I,7,1,*2-I-7-1-3,*2-I-7-1-3,PICK,FALSE,836
15760,Ecommerce,2,I,7,1,*2-I-7-1-4,*2-I-7-1-4,PICK,FALSE,836
15761,Ecommerce,2,I,7,1,*2-I-7-1-5,*2-I-7-1-5,PICK,FALSE,836
15762,Ecommerce,2,I,7,1,*2-I-7-1-6,*2-I-7-1-6,PICK,FALSE,836
15763,Ecommerce,2,I,7,1,*2-I-7-1-7,*2-I-7-1-7,PICK,FALSE,836
15764,Ecommerce,2,I,7,1,*2-I-7-1-8,*2-I-7-1-8,PICK,FALSE,836
15765,Ecommerce,2,I,7,1,*2-I-7-1-9,*2-I-7-1-9,PICK,FALSE,836
15766,Ecommerce,2,I,7,1,*2-I-7-1-10,*2-I-7-1-10,PICK,FALSE,836
15767,Ecommerce,2,I,7,1,*2-I-7-1-11,*2-I-7-1-11,PICK,FALSE,836
15768,Ecommerce,2,I,7,1,*2-I-7-1-12,*2-I-7-1-12,PICK,FALSE,836
15769,Ecommerce,2,I,7,1,*2-I-7-1-13,*2-I-7-1-13,PICK,FALSE,836
15770,Ecommerce,2,I,7,1,*2-I-7-1-14,*2-I-7-1-14,PICK,FALSE,836
15771,Ecommerce,2,I,7,1,*2-I-7-1-15,*2-I-7-1-15,PICK,FALSE,836
15772,Ecommerce,2,I,7,1,*2-I-7-1-16,*2-I-7-1-16,PICK,FALSE,836
15773,Ecommerce,2,I,7,1,*2-I-7-1-17,*2-I-7-1-17,PICK,FALSE,836
15774,Ecommerce,2,I,7,1,*2-I-7-1-18,*2-I-7-1-18,PICK,FALSE,836
10764,Ecommerce,2,I,7,1,2-I-7-1,2-I-7-1,PICK,FALSE,836
4321,Ecommerce,2,H,8,0,2-H-8-0,2-H-8-0,PICK,FALSE,837
4322,Ecommerce,2,H,8,1,2-H-8-1,2-H-8-1,PICK,FALSE,838
10763,Ecommerce,2,I,8,0,2-I-8-0,2-I-8-0,PICK,FALSE,839
15793,Ecommerce,2,I,8,0,*2-I-8-0-1,*2-I-8-0-1,PICK,FALSE,839
15794,Ecommerce,2,I,8,0,*2-I-8-0-2,*2-I-8-0-2,PICK,FALSE,839
15795,Ecommerce,2,I,8,0,*2-I-8-0-3,*2-I-8-0-3,PICK,FALSE,839
15796,Ecommerce,2,I,8,0,*2-I-8-0-4,*2-I-8-0-4,PICK,FALSE,839
15797,Ecommerce,2,I,8,0,*2-I-8-0-5,*2-I-8-0-5,PICK,FALSE,839
15798,Ecommerce,2,I,8,0,*2-I-8-0-6,*2-I-8-0-6,PICK,FALSE,839
15799,Ecommerce,2,I,8,0,*2-I-8-0-7,*2-I-8-0-7,PICK,FALSE,839
15800,Ecommerce,2,I,8,0,*2-I-8-0-8,*2-I-8-0-8,PICK,FALSE,839
15801,Ecommerce,2,I,8,0,*2-I-8-0-9,*2-I-8-0-9,PICK,FALSE,839
15802,Ecommerce,2,I,8,0,*2-I-8-0-10,*2-I-8-0-10,PICK,FALSE,839
15803,Ecommerce,2,I,8,0,*2-I-8-0-11,*2-I-8-0-11,PICK,FALSE,839
15804,Ecommerce,2,I,8,0,*2-I-8-0-12,*2-I-8-0-12,PICK,FALSE,839
15805,Ecommerce,2,I,8,0,*2-I-8-0-13,*2-I-8-0-13,PICK,FALSE,839
15806,Ecommerce,2,I,8,0,*2-I-8-0-14,*2-I-8-0-14,PICK,FALSE,839
15807,Ecommerce,2,I,8,0,*2-I-8-0-15,*2-I-8-0-15,PICK,FALSE,839
15808,Ecommerce,2,I,8,0,*2-I-8-0-16,*2-I-8-0-16,PICK,FALSE,839
15809,Ecommerce,2,I,8,0,*2-I-8-0-17,*2-I-8-0-17,PICK,FALSE,839
15810,Ecommerce,2,I,8,0,*2-I-8-0-18,*2-I-8-0-18,PICK,FALSE,839
10762,Ecommerce,2,I,8,1,2-I-8-1,2-I-8-1,PICK,FALSE,840
15811,Ecommerce,2,I,8,1,*2-I-8-1-1,*2-I-8-1-1,PICK,FALSE,840
15812,Ecommerce,2,I,8,1,*2-I-8-1-2,*2-I-8-1-2,PICK,FALSE,840
15813,Ecommerce,2,I,8,1,*2-I-8-1-3,*2-I-8-1-3,PICK,FALSE,840
15814,Ecommerce,2,I,8,1,*2-I-8-1-4,*2-I-8-1-4,PICK,FALSE,840
15815,Ecommerce,2,I,8,1,*2-I-8-1-5,*2-I-8-1-5,PICK,FALSE,840
15816,Ecommerce,2,I,8,1,*2-I-8-1-6,*2-I-8-1-6,PICK,FALSE,840
15817,Ecommerce,2,I,8,1,*2-I-8-1-7,*2-I-8-1-7,PICK,FALSE,840
15818,Ecommerce,2,I,8,1,*2-I-8-1-8,*2-I-8-1-8,PICK,FALSE,840
15819,Ecommerce,2,I,8,1,*2-I-8-1-9,*2-I-8-1-9,PICK,FALSE,840
15820,Ecommerce,2,I,8,1,*2-I-8-1-10,*2-I-8-1-10,PICK,FALSE,840
15821,Ecommerce,2,I,8,1,*2-I-8-1-11,*2-I-8-1-11,PICK,FALSE,840
15822,Ecommerce,2,I,8,1,*2-I-8-1-12,*2-I-8-1-12,PICK,FALSE,840
15823,Ecommerce,2,I,8,1,*2-I-8-1-13,*2-I-8-1-13,PICK,FALSE,840
15824,Ecommerce,2,I,8,1,*2-I-8-1-14,*2-I-8-1-14,PICK,FALSE,840
15825,Ecommerce,2,I,8,1,*2-I-8-1-15,*2-I-8-1-15,PICK,FALSE,840
15826,Ecommerce,2,I,8,1,*2-I-8-1-16,*2-I-8-1-16,PICK,FALSE,840
15827,Ecommerce,2,I,8,1,*2-I-8-1-17,*2-I-8-1-17,PICK,FALSE,840
15828,Ecommerce,2,I,8,1,*2-I-8-1-18,*2-I-8-1-18,PICK,FALSE,840
10761,Ecommerce,2,H,9,0,2-H-9-0,2-H-9-0,PICK,FALSE,841
10760,Ecommerce,2,H,9,1,2-H-9-1,2-H-9-1,PICK,FALSE,842
15829,Ecommerce,2,I,9,0,*2-I-9-0-1,*2-I-9-0-1,PICK,FALSE,843
15830,Ecommerce,2,I,9,0,*2-I-9-0-2,*2-I-9-0-2,PICK,FALSE,843
15831,Ecommerce,2,I,9,0,*2-I-9-0-3,*2-I-9-0-3,PICK,FALSE,843
15832,Ecommerce,2,I,9,0,*2-I-9-0-4,*2-I-9-0-4,PICK,FALSE,843
15833,Ecommerce,2,I,9,0,*2-I-9-0-5,*2-I-9-0-5,PICK,FALSE,843
15834,Ecommerce,2,I,9,0,*2-I-9-0-6,*2-I-9-0-6,PICK,FALSE,843
15835,Ecommerce,2,I,9,0,*2-I-9-0-7,*2-I-9-0-7,PICK,FALSE,843
15836,Ecommerce,2,I,9,0,*2-I-9-0-8,*2-I-9-0-8,PICK,FALSE,843
15837,Ecommerce,2,I,9,0,*2-I-9-0-9,*2-I-9-0-9,PICK,FALSE,843
15838,Ecommerce,2,I,9,0,*2-I-9-0-10,*2-I-9-0-10,PICK,FALSE,843
15839,Ecommerce,2,I,9,0,*2-I-9-0-11,*2-I-9-0-11,PICK,FALSE,843
15840,Ecommerce,2,I,9,0,*2-I-9-0-12,*2-I-9-0-12,PICK,FALSE,843
15841,Ecommerce,2,I,9,0,*2-I-9-0-13,*2-I-9-0-13,PICK,FALSE,843
15842,Ecommerce,2,I,9,0,*2-I-9-0-14,*2-I-9-0-14,PICK,FALSE,843
15843,Ecommerce,2,I,9,0,*2-I-9-0-15,*2-I-9-0-15,PICK,FALSE,843
15844,Ecommerce,2,I,9,0,*2-I-9-0-16,*2-I-9-0-16,PICK,FALSE,843
15845,Ecommerce,2,I,9,0,*2-I-9-0-17,*2-I-9-0-17,PICK,FALSE,843
15846,Ecommerce,2,I,9,0,*2-I-9-0-18,*2-I-9-0-18,PICK,FALSE,843
10759,Ecommerce,2,I,9,0,2-I-9-0,2-I-9-0,PICK,FALSE,843
10758,Ecommerce,2,I,9,1,2-I-9-1,2-I-9-1,PICK,FALSE,844
15847,Ecommerce,2,I,9,1,*2-I-9-1-1,*2-I-9-1-1,PICK,FALSE,844
15848,Ecommerce,2,I,9,1,*2-I-9-1-2,*2-I-9-1-2,PICK,FALSE,844
15849,Ecommerce,2,I,9,1,*2-I-9-1-3,*2-I-9-1-3,PICK,FALSE,844
15850,Ecommerce,2,I,9,1,*2-I-9-1-4,*2-I-9-1-4,PICK,FALSE,844
15851,Ecommerce,2,I,9,1,*2-I-9-1-5,*2-I-9-1-5,PICK,FALSE,844
15852,Ecommerce,2,I,9,1,*2-I-9-1-6,*2-I-9-1-6,PICK,FALSE,844
15853,Ecommerce,2,I,9,1,*2-I-9-1-7,*2-I-9-1-7,PICK,FALSE,844
15854,Ecommerce,2,I,9,1,*2-I-9-1-8,*2-I-9-1-8,PICK,FALSE,844
15855,Ecommerce,2,I,9,1,*2-I-9-1-9,*2-I-9-1-9,PICK,FALSE,844
15856,Ecommerce,2,I,9,1,*2-I-9-1-10,*2-I-9-1-10,PICK,FALSE,844
15857,Ecommerce,2,I,9,1,*2-I-9-1-11,*2-I-9-1-11,PICK,FALSE,844
15858,Ecommerce,2,I,9,1,*2-I-9-1-12,*2-I-9-1-12,PICK,FALSE,844
15859,Ecommerce,2,I,9,1,*2-I-9-1-13,*2-I-9-1-13,PICK,FALSE,844
15860,Ecommerce,2,I,9,1,*2-I-9-1-14,*2-I-9-1-14,PICK,FALSE,844
15861,Ecommerce,2,I,9,1,*2-I-9-1-15,*2-I-9-1-15,PICK,FALSE,844
15862,Ecommerce,2,I,9,1,*2-I-9-1-16,*2-I-9-1-16,PICK,FALSE,844
15863,Ecommerce,2,I,9,1,*2-I-9-1-17,*2-I-9-1-17,PICK,FALSE,844
15864,Ecommerce,2,I,9,1,*2-I-9-1-18,*2-I-9-1-18,PICK,FALSE,844
10757,Ecommerce,2,H,10,0,2-H-10-0,2-H-10-0,PICK,FALSE,845
10756,Ecommerce,2,H,10,1,2-H-10-1,2-H-10-1,PICK,FALSE,846
10755,Ecommerce,2,I,10,0,2-I-10-0,2-I-10-0,PICK,FALSE,847
15865,Ecommerce,2,I,10,0,*2-I-10-0-1,*2-I-10-0-1,PICK,FALSE,847
15866,Ecommerce,2,I,10,0,*2-I-10-0-2,*2-I-10-0-2,PICK,FALSE,847
15867,Ecommerce,2,I,10,0,*2-I-10-0-3,*2-I-10-0-3,PICK,FALSE,847
15868,Ecommerce,2,I,10,0,*2-I-10-0-4,*2-I-10-0-4,PICK,FALSE,847
15869,Ecommerce,2,I,10,0,*2-I-10-0-5,*2-I-10-0-5,PICK,FALSE,847
15870,Ecommerce,2,I,10,0,*2-I-10-0-6,*2-I-10-0-6,PICK,FALSE,847
15871,Ecommerce,2,I,10,0,*2-I-10-0-7,*2-I-10-0-7,PICK,FALSE,847
15872,Ecommerce,2,I,10,0,*2-I-10-0-8,*2-I-10-0-8,PICK,FALSE,847
15873,Ecommerce,2,I,10,0,*2-I-10-0-9,*2-I-10-0-9,PICK,FALSE,847
15874,Ecommerce,2,I,10,0,*2-I-10-0-10,*2-I-10-0-10,PICK,FALSE,847
15875,Ecommerce,2,I,10,0,*2-I-10-0-11,*2-I-10-0-11,PICK,FALSE,847
15876,Ecommerce,2,I,10,0,*2-I-10-0-12,*2-I-10-0-12,PICK,FALSE,847
15877,Ecommerce,2,I,10,0,*2-I-10-0-13,*2-I-10-0-13,PICK,FALSE,847
15878,Ecommerce,2,I,10,0,*2-I-10-0-14,*2-I-10-0-14,PICK,FALSE,847
15879,Ecommerce,2,I,10,0,*2-I-10-0-15,*2-I-10-0-15,PICK,FALSE,847
15880,Ecommerce,2,I,10,0,*2-I-10-0-16,*2-I-10-0-16,PICK,FALSE,847
15881,Ecommerce,2,I,10,0,*2-I-10-0-17,*2-I-10-0-17,PICK,FALSE,847
15882,Ecommerce,2,I,10,0,*2-I-10-0-18,*2-I-10-0-18,PICK,FALSE,847
10754,Ecommerce,2,I,10,1,2-I-10-1,2-I-10-1,PICK,FALSE,848
15883,Ecommerce,2,I,10,1,*2-I-10-1-1,*2-I-10-1-1,PICK,FALSE,848
15884,Ecommerce,2,I,10,1,*2-I-10-1-2,*2-I-10-1-2,PICK,FALSE,848
15885,Ecommerce,2,I,10,1,*2-I-10-1-3,*2-I-10-1-3,PICK,FALSE,848
15886,Ecommerce,2,I,10,1,*2-I-10-1-4,*2-I-10-1-4,PICK,FALSE,848
15887,Ecommerce,2,I,10,1,*2-I-10-1-5,*2-I-10-1-5,PICK,FALSE,848
15888,Ecommerce,2,I,10,1,*2-I-10-1-6,*2-I-10-1-6,PICK,FALSE,848
15889,Ecommerce,2,I,10,1,*2-I-10-1-7,*2-I-10-1-7,PICK,FALSE,848
15890,Ecommerce,2,I,10,1,*2-I-10-1-8,*2-I-10-1-8,PICK,FALSE,848
15891,Ecommerce,2,I,10,1,*2-I-10-1-9,*2-I-10-1-9,PICK,FALSE,848
15892,Ecommerce,2,I,10,1,*2-I-10-1-10,*2-I-10-1-10,PICK,FALSE,848
15893,Ecommerce,2,I,10,1,*2-I-10-1-11,*2-I-10-1-11,PICK,FALSE,848
15894,Ecommerce,2,I,10,1,*2-I-10-1-12,*2-I-10-1-12,PICK,FALSE,848
15895,Ecommerce,2,I,10,1,*2-I-10-1-13,*2-I-10-1-13,PICK,FALSE,848
15896,Ecommerce,2,I,10,1,*2-I-10-1-14,*2-I-10-1-14,PICK,FALSE,848
15897,Ecommerce,2,I,10,1,*2-I-10-1-15,*2-I-10-1-15,PICK,FALSE,848
15898,Ecommerce,2,I,10,1,*2-I-10-1-16,*2-I-10-1-16,PICK,FALSE,848
15899,Ecommerce,2,I,10,1,*2-I-10-1-17,*2-I-10-1-17,PICK,FALSE,848
15900,Ecommerce,2,I,10,1,*2-I-10-1-18,*2-I-10-1-18,PICK,FALSE,848
10753,Ecommerce,2,H,11,0,2-H-11-0,2-H-11-0,PICK,FALSE,849
10752,Ecommerce,2,H,11,1,2-H-11-1,2-H-11-1,PICK,FALSE,850
15901,Ecommerce,2,I,11,0,*2-I-11-0-1,*2-I-11-0-1,PICK,FALSE,851
15902,Ecommerce,2,I,11,0,*2-I-11-0-2,*2-I-11-0-2,PICK,FALSE,851
15903,Ecommerce,2,I,11,0,*2-I-11-0-3,*2-I-11-0-3,PICK,FALSE,851
15904,Ecommerce,2,I,11,0,*2-I-11-0-4,*2-I-11-0-4,PICK,FALSE,851
15905,Ecommerce,2,I,11,0,*2-I-11-0-5,*2-I-11-0-5,PICK,FALSE,851
15906,Ecommerce,2,I,11,0,*2-I-11-0-6,*2-I-11-0-6,PICK,FALSE,851
15907,Ecommerce,2,I,11,0,*2-I-11-0-7,*2-I-11-0-7,PICK,FALSE,851
15908,Ecommerce,2,I,11,0,*2-I-11-0-8,*2-I-11-0-8,PICK,FALSE,851
15909,Ecommerce,2,I,11,0,*2-I-11-0-9,*2-I-11-0-9,PICK,FALSE,851
15910,Ecommerce,2,I,11,0,*2-I-11-0-10,*2-I-11-0-10,PICK,FALSE,851
15911,Ecommerce,2,I,11,0,*2-I-11-0-11,*2-I-11-0-11,PICK,FALSE,851
15912,Ecommerce,2,I,11,0,*2-I-11-0-12,*2-I-11-0-12,PICK,FALSE,851
15913,Ecommerce,2,I,11,0,*2-I-11-0-13,*2-I-11-0-13,PICK,FALSE,851
15914,Ecommerce,2,I,11,0,*2-I-11-0-14,*2-I-11-0-14,PICK,FALSE,851
15915,Ecommerce,2,I,11,0,*2-I-11-0-15,*2-I-11-0-15,PICK,FALSE,851
15916,Ecommerce,2,I,11,0,*2-I-11-0-16,*2-I-11-0-16,PICK,FALSE,851
15917,Ecommerce,2,I,11,0,*2-I-11-0-17,*2-I-11-0-17,PICK,FALSE,851
15918,Ecommerce,2,I,11,0,*2-I-11-0-18,*2-I-11-0-18,PICK,FALSE,851
10751,Ecommerce,2,I,11,0,2-I-11-0,2-I-11-0,PICK,FALSE,851
15919,Ecommerce,2,I,11,1,*2-I-11-1-1,*2-I-11-1-1,PICK,FALSE,852
15920,Ecommerce,2,I,11,1,*2-I-11-1-2,*2-I-11-1-2,PICK,FALSE,852
15921,Ecommerce,2,I,11,1,*2-I-11-1-3,*2-I-11-1-3,PICK,FALSE,852
15922,Ecommerce,2,I,11,1,*2-I-11-1-4,*2-I-11-1-4,PICK,FALSE,852
15923,Ecommerce,2,I,11,1,*2-I-11-1-5,*2-I-11-1-5,PICK,FALSE,852
15924,Ecommerce,2,I,11,1,*2-I-11-1-6,*2-I-11-1-6,PICK,FALSE,852
15925,Ecommerce,2,I,11,1,*2-I-11-1-7,*2-I-11-1-7,PICK,FALSE,852
15926,Ecommerce,2,I,11,1,*2-I-11-1-8,*2-I-11-1-8,PICK,FALSE,852
15927,Ecommerce,2,I,11,1,*2-I-11-1-9,*2-I-11-1-9,PICK,FALSE,852
15928,Ecommerce,2,I,11,1,*2-I-11-1-10,*2-I-11-1-10,PICK,FALSE,852
15929,Ecommerce,2,I,11,1,*2-I-11-1-11,*2-I-11-1-11,PICK,FALSE,852
15930,Ecommerce,2,I,11,1,*2-I-11-1-12,*2-I-11-1-12,PICK,FALSE,852
15931,Ecommerce,2,I,11,1,*2-I-11-1-13,*2-I-11-1-13,PICK,FALSE,852
15932,Ecommerce,2,I,11,1,*2-I-11-1-14,*2-I-11-1-14,PICK,FALSE,852
15933,Ecommerce,2,I,11,1,*2-I-11-1-15,*2-I-11-1-15,PICK,FALSE,852
15934,Ecommerce,2,I,11,1,*2-I-11-1-16,*2-I-11-1-16,PICK,FALSE,852
15935,Ecommerce,2,I,11,1,*2-I-11-1-17,*2-I-11-1-17,PICK,FALSE,852
15936,Ecommerce,2,I,11,1,*2-I-11-1-18,*2-I-11-1-18,PICK,FALSE,852
10750,Ecommerce,2,I,11,1,2-I-11-1,2-I-11-1,PICK,FALSE,852
10749,Ecommerce,2,H,12,0,2-H-12-0,2-H-12-0,PICK,FALSE,853
15937,Ecommerce,2,H,12,0,2-H-12-0-1,2-H-12-0-1,PICK,FALSE,853
15938,Ecommerce,2,H,12,0,2-H-12-0-2,2-H-12-0-2,PICK,FALSE,853
15939,Ecommerce,2,H,12,0,2-H-12-0-3,2-H-12-0-3,PICK,FALSE,853
15940,Ecommerce,2,H,12,0,2-H-12-0-4,2-H-12-0-4,PICK,FALSE,853
15941,Ecommerce,2,H,12,0,2-H-12-0-5,2-H-12-0-5,PICK,FALSE,853
15942,Ecommerce,2,H,12,0,2-H-12-0-6,2-H-12-0-6,PICK,FALSE,853
15943,Ecommerce,2,H,12,0,2-H-12-0-7,2-H-12-0-7,PICK,FALSE,853
15944,Ecommerce,2,H,12,0,2-H-12-0-8,2-H-12-0-8,PICK,FALSE,853
15945,Ecommerce,2,H,12,0,2-H-12-0-9,2-H-12-0-9,PICK,FALSE,853
15946,Ecommerce,2,H,12,0,2-H-12-0-10,2-H-12-0-10,PICK,FALSE,853
15947,Ecommerce,2,H,12,0,2-H-12-0-11,2-H-12-0-11,PICK,FALSE,853
15948,Ecommerce,2,H,12,0,2-H-12-0-12,2-H-12-0-12,PICK,FALSE,853
15949,Ecommerce,2,H,12,0,2-H-12-0-13,2-H-12-0-13,PICK,FALSE,853
15950,Ecommerce,2,H,12,0,2-H-12-0-14,2-H-12-0-14,PICK,FALSE,853
15951,Ecommerce,2,H,12,0,2-H-12-0-15,2-H-12-0-15,PICK,FALSE,853
15952,Ecommerce,2,H,12,0,2-H-12-0-16,2-H-12-0-16,PICK,FALSE,853
15953,Ecommerce,2,H,12,0,2-H-12-0-17,2-H-12-0-17,PICK,FALSE,853
15954,Ecommerce,2,H,12,0,2-H-12-0-18,2-H-12-0-18,PICK,FALSE,853
10748,Ecommerce,2,H,12,1,2-H-12-1,2-H-12-1,PICK,FALSE,854
15955,Ecommerce,2,H,12,1,2-H-12-1-1,2-H-12-1-1,PICK,FALSE,854
15956,Ecommerce,2,H,12,1,2-H-12-1-2,2-H-12-1-2,PICK,FALSE,854
15957,Ecommerce,2,H,12,1,2-H-12-1-3,2-H-12-1-3,PICK,FALSE,854
15958,Ecommerce,2,H,12,1,2-H-12-1-4,2-H-12-1-4,PICK,FALSE,854
15959,Ecommerce,2,H,12,1,2-H-12-1-5,2-H-12-1-5,PICK,FALSE,854
15960,Ecommerce,2,H,12,1,2-H-12-1-6,2-H-12-1-6,PICK,FALSE,854
15961,Ecommerce,2,H,12,1,2-H-12-1-7,2-H-12-1-7,PICK,FALSE,854
15962,Ecommerce,2,H,12,1,2-H-12-1-8,2-H-12-1-8,PICK,FALSE,854
15963,Ecommerce,2,H,12,1,2-H-12-1-9,2-H-12-1-9,PICK,FALSE,854
15964,Ecommerce,2,H,12,1,2-H-12-1-10,2-H-12-1-10,PICK,FALSE,854
15965,Ecommerce,2,H,12,1,2-H-12-1-11,2-H-12-1-11,PICK,FALSE,854
15966,Ecommerce,2,H,12,1,2-H-12-1-12,2-H-12-1-12,PICK,FALSE,854
15967,Ecommerce,2,H,12,1,2-H-12-1-13,2-H-12-1-13,PICK,FALSE,854
15968,Ecommerce,2,H,12,1,2-H-12-1-14,2-H-12-1-14,PICK,FALSE,854
15969,Ecommerce,2,H,12,1,2-H-12-1-15,2-H-12-1-15,PICK,FALSE,854
15970,Ecommerce,2,H,12,1,2-H-12-1-16,2-H-12-1-16,PICK,FALSE,854
15971,Ecommerce,2,H,12,1,2-H-12-1-17,2-H-12-1-17,PICK,FALSE,854
15972,Ecommerce,2,H,12,1,2-H-12-1-18,2-H-12-1-18,PICK,FALSE,854
4400,Ecommerce,2,I,12,0,2-I-12-0,2-I-12-0,PICK,FALSE,855
15973,Ecommerce,2,I,12,0,2-I-12-0-1,2-I-12-0-1,PICK,FALSE,855
15974,Ecommerce,2,I,12,0,2-I-12-0-2,2-I-12-0-2,PICK,FALSE,855
15975,Ecommerce,2,I,12,0,2-I-12-0-3,2-I-12-0-3,PICK,FALSE,855
15976,Ecommerce,2,I,12,0,2-I-12-0-4,2-I-12-0-4,PICK,FALSE,855
15977,Ecommerce,2,I,12,0,2-I-12-0-5,2-I-12-0-5,PICK,FALSE,855
15978,Ecommerce,2,I,12,0,2-I-12-0-6,2-I-12-0-6,PICK,FALSE,855
15979,Ecommerce,2,I,12,0,2-I-12-0-7,2-I-12-0-7,PICK,FALSE,855
15980,Ecommerce,2,I,12,0,2-I-12-0-8,2-I-12-0-8,PICK,FALSE,855
15981,Ecommerce,2,I,12,0,2-I-12-0-9,2-I-12-0-9,PICK,FALSE,855
15982,Ecommerce,2,I,12,0,2-I-12-0-10,2-I-12-0-10,PICK,FALSE,855
15983,Ecommerce,2,I,12,0,2-I-12-0-11,2-I-12-0-11,PICK,FALSE,855
15984,Ecommerce,2,I,12,0,2-I-12-0-12,2-I-12-0-12,PICK,FALSE,855
15985,Ecommerce,2,I,12,0,2-I-12-0-13,2-I-12-0-13,PICK,FALSE,855
15986,Ecommerce,2,I,12,0,2-I-12-0-14,2-I-12-0-14,PICK,FALSE,855
15987,Ecommerce,2,I,12,0,2-I-12-0-15,2-I-12-0-15,PICK,FALSE,855
15988,Ecommerce,2,I,12,0,2-I-12-0-16,2-I-12-0-16,PICK,FALSE,855
15989,Ecommerce,2,I,12,0,2-I-12-0-17,2-I-12-0-17,PICK,FALSE,855
15990,Ecommerce,2,I,12,0,2-I-12-0-18,2-I-12-0-18,PICK,FALSE,855
15991,Ecommerce,2,I,12,1,2-I-12-1-1,2-I-12-1-1,PICK,FALSE,856
15992,Ecommerce,2,I,12,1,2-I-12-1-2,2-I-12-1-2,PICK,FALSE,856
15993,Ecommerce,2,I,12,1,2-I-12-1-3,2-I-12-1-3,PICK,FALSE,856
15994,Ecommerce,2,I,12,1,2-I-12-1-4,2-I-12-1-4,PICK,FALSE,856
15995,Ecommerce,2,I,12,1,2-I-12-1-5,2-I-12-1-5,PICK,FALSE,856
15996,Ecommerce,2,I,12,1,2-I-12-1-6,2-I-12-1-6,PICK,FALSE,856
15997,Ecommerce,2,I,12,1,2-I-12-1-7,2-I-12-1-7,PICK,FALSE,856
15998,Ecommerce,2,I,12,1,2-I-12-1-8,2-I-12-1-8,PICK,FALSE,856
15999,Ecommerce,2,I,12,1,2-I-12-1-9,2-I-12-1-9,PICK,FALSE,856
16000,Ecommerce,2,I,12,1,2-I-12-1-10,2-I-12-1-10,PICK,FALSE,856
16001,Ecommerce,2,I,12,1,2-I-12-1-11,2-I-12-1-11,PICK,FALSE,856
16002,Ecommerce,2,I,12,1,2-I-12-1-12,2-I-12-1-12,PICK,FALSE,856
16003,Ecommerce,2,I,12,1,2-I-12-1-13,2-I-12-1-13,PICK,FALSE,856
16004,Ecommerce,2,I,12,1,2-I-12-1-14,2-I-12-1-14,PICK,FALSE,856
16005,Ecommerce,2,I,12,1,2-I-12-1-15,2-I-12-1-15,PICK,FALSE,856
16006,Ecommerce,2,I,12,1,2-I-12-1-16,2-I-12-1-16,PICK,FALSE,856
16007,Ecommerce,2,I,12,1,2-I-12-1-17,2-I-12-1-17,PICK,FALSE,856
16008,Ecommerce,2,I,12,1,2-I-12-1-18,2-I-12-1-18,PICK,FALSE,856
4403,Ecommerce,2,I,12,1,2-I-12-1,2-I-12-1,PICK,FALSE,856
8491,Ecommerce,2,J,12,0,2-J-12-0-1,2-J-12-0-1,PICK,FALSE,857
8492,Ecommerce,2,J,12,0,2-J-12-0-2,2-J-12-0-2,PICK,FALSE,857
8493,Ecommerce,2,J,12,0,2-J-12-0-3,2-J-12-0-3,PICK,FALSE,857
8494,Ecommerce,2,J,12,0,2-J-12-0-4,2-J-12-0-4,PICK,FALSE,857
8495,Ecommerce,2,J,12,0,2-J-12-0-5,2-J-12-0-5,PICK,FALSE,857
8496,Ecommerce,2,J,12,0,2-J-12-0-6,2-J-12-0-6,PICK,FALSE,857
8497,Ecommerce,2,J,12,0,2-J-12-0-7,2-J-12-0-7,PICK,FALSE,857
8498,Ecommerce,2,J,12,0,2-J-12-0-8,2-J-12-0-8,PICK,FALSE,857
8499,Ecommerce,2,J,12,0,2-J-12-0-9,2-J-12-0-9,PICK,FALSE,857
8500,Ecommerce,2,J,12,0,2-J-12-0-10,2-J-12-0-10,PICK,FALSE,857
8501,Ecommerce,2,J,12,0,2-J-12-0-11,2-J-12-0-11,PICK,FALSE,857
8502,Ecommerce,2,J,12,0,2-J-12-0-12,2-J-12-0-12,PICK,FALSE,857
8503,Ecommerce,2,J,12,0,2-J-12-0-13,2-J-12-0-13,PICK,FALSE,857
8504,Ecommerce,2,J,12,0,2-J-12-0-14,2-J-12-0-14,PICK,FALSE,857
8505,Ecommerce,2,J,12,0,2-J-12-0-15,2-J-12-0-15,PICK,FALSE,857
8506,Ecommerce,2,J,12,0,2-J-12-0-16,2-J-12-0-16,PICK,FALSE,857
8507,Ecommerce,2,J,12,0,2-J-12-0-17,2-J-12-0-17,PICK,FALSE,857
8508,Ecommerce,2,J,12,0,2-J-12-0-18,2-J-12-0-18,PICK,FALSE,857
4406,Ecommerce,2,J,12,0,2-J-12-0,2-J-12-0,PICK,FALSE,857
4405,Ecommerce,2,J,12,1,2-J-12-1,2-J-12-1,PICK,FALSE,858
8509,Ecommerce,2,J,12,1,2-J-12-1-1,2-J-12-1-1,PICK,FALSE,858
8510,Ecommerce,2,J,12,1,2-J-12-1-2,2-J-12-1-2,PICK,FALSE,858
8511,Ecommerce,2,J,12,1,2-J-12-1-3,2-J-12-1-3,PICK,FALSE,858
8512,Ecommerce,2,J,12,1,2-J-12-1-4,2-J-12-1-4,PICK,FALSE,858
8513,Ecommerce,2,J,12,1,2-J-12-1-5,2-J-12-1-5,PICK,FALSE,858
8514,Ecommerce,2,J,12,1,2-J-12-1-6,2-J-12-1-6,PICK,FALSE,858
8515,Ecommerce,2,J,12,1,2-J-12-1-7,2-J-12-1-7,PICK,FALSE,858
8516,Ecommerce,2,J,12,1,2-J-12-1-8,2-J-12-1-8,PICK,FALSE,858
8517,Ecommerce,2,J,12,1,2-J-12-1-9,2-J-12-1-9,PICK,FALSE,858
8518,Ecommerce,2,J,12,1,2-J-12-1-10,2-J-12-1-10,PICK,FALSE,858
8519,Ecommerce,2,J,12,1,2-J-12-1-11,2-J-12-1-11,PICK,FALSE,858
8520,Ecommerce,2,J,12,1,2-J-12-1-12,2-J-12-1-12,PICK,FALSE,858
8521,Ecommerce,2,J,12,1,2-J-12-1-13,2-J-12-1-13,PICK,FALSE,858
8522,Ecommerce,2,J,12,1,2-J-12-1-14,2-J-12-1-14,PICK,FALSE,858
8523,Ecommerce,2,J,12,1,2-J-12-1-15,2-J-12-1-15,PICK,FALSE,858
8524,Ecommerce,2,J,12,1,2-J-12-1-16,2-J-12-1-16,PICK,FALSE,858
8525,Ecommerce,2,J,12,1,2-J-12-1-17,2-J-12-1-17,PICK,FALSE,858
8526,Ecommerce,2,J,12,1,2-J-12-1-18,2-J-12-1-18,PICK,FALSE,858
4397,Ecommerce,2,K,12,0,2-K-12-0,2-K-12-0,PICK,FALSE,859
12211,Ecommerce,2,K,12,0,2-K-12-0-1,2-K-12-0-1,PICK,FALSE,859
12212,Ecommerce,2,K,12,0,2-K-12-0-2,2-K-12-0-2,PICK,FALSE,859
12213,Ecommerce,2,K,12,0,2-K-12-0-3,2-K-12-0-3,PICK,FALSE,859
12214,Ecommerce,2,K,12,0,2-K-12-0-4,2-K-12-0-4,PICK,FALSE,859
12215,Ecommerce,2,K,12,0,2-K-12-0-5,2-K-12-0-5,PICK,FALSE,859
12216,Ecommerce,2,K,12,0,2-K-12-0-6,2-K-12-0-6,PICK,FALSE,859
12217,Ecommerce,2,K,12,0,2-K-12-0-7,2-K-12-0-7,PICK,FALSE,859
12218,Ecommerce,2,K,12,0,2-K-12-0-8,2-K-12-0-8,PICK,FALSE,859
12219,Ecommerce,2,K,12,0,2-K-12-0-9,2-K-12-0-9,PICK,FALSE,859
12220,Ecommerce,2,K,12,0,2-K-12-0-10,2-K-12-0-10,PICK,FALSE,859
12221,Ecommerce,2,K,12,0,2-K-12-0-11,2-K-12-0-11,PICK,FALSE,859
12222,Ecommerce,2,K,12,0,2-K-12-0-12,2-K-12-0-12,PICK,FALSE,859
12223,Ecommerce,2,K,12,0,2-K-12-0-13,2-K-12-0-13,PICK,FALSE,859
12224,Ecommerce,2,K,12,0,2-K-12-0-14,2-K-12-0-14,PICK,FALSE,859
12225,Ecommerce,2,K,12,0,2-K-12-0-15,2-K-12-0-15,PICK,FALSE,859
12226,Ecommerce,2,K,12,0,2-K-12-0-16,2-K-12-0-16,PICK,FALSE,859
12227,Ecommerce,2,K,12,0,2-K-12-0-17,2-K-12-0-17,PICK,FALSE,859
12228,Ecommerce,2,K,12,0,2-K-12-0-18,2-K-12-0-18,PICK,FALSE,859
4398,Ecommerce,2,K,12,1,2-K-12-1,2-K-12-1,PICK,FALSE,860
12229,Ecommerce,2,K,12,1,2-K-12-1-1,2-K-12-1-1,PICK,FALSE,860
12230,Ecommerce,2,K,12,1,2-K-12-1-2,2-K-12-1-2,PICK,FALSE,860
12231,Ecommerce,2,K,12,1,2-K-12-1-3,2-K-12-1-3,PICK,FALSE,860
12232,Ecommerce,2,K,12,1,2-K-12-1-4,2-K-12-1-4,PICK,FALSE,860
12233,Ecommerce,2,K,12,1,2-K-12-1-5,2-K-12-1-5,PICK,FALSE,860
12234,Ecommerce,2,K,12,1,2-K-12-1-6,2-K-12-1-6,PICK,FALSE,860
12235,Ecommerce,2,K,12,1,2-K-12-1-7,2-K-12-1-7,PICK,FALSE,860
12236,Ecommerce,2,K,12,1,2-K-12-1-8,2-K-12-1-8,PICK,FALSE,860
12237,Ecommerce,2,K,12,1,2-K-12-1-9,2-K-12-1-9,PICK,FALSE,860
12238,Ecommerce,2,K,12,1,2-K-12-1-10,2-K-12-1-10,PICK,FALSE,860
12239,Ecommerce,2,K,12,1,2-K-12-1-11,2-K-12-1-11,PICK,FALSE,860
12240,Ecommerce,2,K,12,1,2-K-12-1-12,2-K-12-1-12,PICK,FALSE,860
12241,Ecommerce,2,K,12,1,2-K-12-1-13,2-K-12-1-13,PICK,FALSE,860
12242,Ecommerce,2,K,12,1,2-K-12-1-14,2-K-12-1-14,PICK,FALSE,860
12243,Ecommerce,2,K,12,1,2-K-12-1-15,2-K-12-1-15,PICK,FALSE,860
12244,Ecommerce,2,K,12,1,2-K-12-1-16,2-K-12-1-16,PICK,FALSE,860
12245,Ecommerce,2,K,12,1,2-K-12-1-17,2-K-12-1-17,PICK,FALSE,860
12246,Ecommerce,2,K,12,1,2-K-12-1-18,2-K-12-1-18,PICK,FALSE,860
10747,Ecommerce,2,J,11,0,2-J-11-0,2-J-11-0,PICK,FALSE,861
13844,Ecommerce,2,J,11,0,2-J-11-0-1,2-J-11-0-1,PICK,FALSE,861
13845,Ecommerce,2,J,11,0,2-J-11-0-2,2-J-11-0-2,PICK,FALSE,861
13846,Ecommerce,2,J,11,0,2-J-11-0-3,2-J-11-0-3,PICK,FALSE,861
13847,Ecommerce,2,J,11,0,2-J-11-0-4,2-J-11-0-4,PICK,FALSE,861
13848,Ecommerce,2,J,11,0,2-J-11-0-5,2-J-11-0-5,PICK,FALSE,861
13849,Ecommerce,2,J,11,0,2-J-11-0-6,2-J-11-0-6,PICK,FALSE,861
13850,Ecommerce,2,J,11,0,2-J-11-0-7,2-J-11-0-7,PICK,FALSE,861
13851,Ecommerce,2,J,11,0,2-J-11-0-8,2-J-11-0-8,PICK,FALSE,861
13852,Ecommerce,2,J,11,0,2-J-11-0-9,2-J-11-0-9,PICK,FALSE,861
13853,Ecommerce,2,J,11,0,2-J-11-0-10,2-J-11-0-10,PICK,FALSE,861
13854,Ecommerce,2,J,11,0,2-J-11-0-11,2-J-11-0-11,PICK,FALSE,861
13855,Ecommerce,2,J,11,0,2-J-11-0-12,2-J-11-0-12,PICK,FALSE,861
13856,Ecommerce,2,J,11,0,2-J-11-0-13,2-J-11-0-13,PICK,FALSE,861
13857,Ecommerce,2,J,11,0,2-J-11-0-14,2-J-11-0-14,PICK,FALSE,861
13858,Ecommerce,2,J,11,0,2-J-11-0-15,2-J-11-0-15,PICK,FALSE,861
13859,Ecommerce,2,J,11,0,2-J-11-0-16,2-J-11-0-16,PICK,FALSE,861
13860,Ecommerce,2,J,11,0,2-J-11-0-17,2-J-11-0-17,PICK,FALSE,861
13861,Ecommerce,2,J,11,0,2-J-11-0-18,2-J-11-0-18,PICK,FALSE,861
4408,Ecommerce,2,J,11,1,2-J-11-1,2-J-11-1,PICK,FALSE,862
13808,Ecommerce,2,J,11,1,2-J-11-1-1,2-J-11-1-1,PICK,FALSE,862
13809,Ecommerce,2,J,11,1,2-J-11-1-2,2-J-11-1-2,PICK,FALSE,862
13810,Ecommerce,2,J,11,1,2-J-11-1-3,2-J-11-1-3,PICK,FALSE,862
13811,Ecommerce,2,J,11,1,2-J-11-1-4,2-J-11-1-4,PICK,FALSE,862
13812,Ecommerce,2,J,11,1,2-J-11-1-5,2-J-11-1-5,PICK,FALSE,862
13813,Ecommerce,2,J,11,1,2-J-11-1-6,2-J-11-1-6,PICK,FALSE,862
13814,Ecommerce,2,J,11,1,2-J-11-1-7,2-J-11-1-7,PICK,FALSE,862
13815,Ecommerce,2,J,11,1,2-J-11-1-8,2-J-11-1-8,PICK,FALSE,862
13816,Ecommerce,2,J,11,1,2-J-11-1-9,2-J-11-1-9,PICK,FALSE,862
13817,Ecommerce,2,J,11,1,2-J-11-1-10,2-J-11-1-10,PICK,FALSE,862
13818,Ecommerce,2,J,11,1,2-J-11-1-11,2-J-11-1-11,PICK,FALSE,862
13819,Ecommerce,2,J,11,1,2-J-11-1-12,2-J-11-1-12,PICK,FALSE,862
13820,Ecommerce,2,J,11,1,2-J-11-1-13,2-J-11-1-13,PICK,FALSE,862
13821,Ecommerce,2,J,11,1,2-J-11-1-14,2-J-11-1-14,PICK,FALSE,862
13822,Ecommerce,2,J,11,1,2-J-11-1-15,2-J-11-1-15,PICK,FALSE,862
13823,Ecommerce,2,J,11,1,2-J-11-1-16,2-J-11-1-16,PICK,FALSE,862
13824,Ecommerce,2,J,11,1,2-J-11-1-17,2-J-11-1-17,PICK,FALSE,862
13825,Ecommerce,2,J,11,1,2-J-11-1-18,2-J-11-1-18,PICK,FALSE,862
10728,Ecommerce,2,K,11,0,2-K-11-0,2-K-11-0,PICK,FALSE,863
10729,Ecommerce,2,K,11,0,2-K-11-0-1,2-K-11-0-1,BINS,FALSE,863
10730,Ecommerce,2,K,11,0,2-K-11-0-2,2-K-11-0-2,BINS,FALSE,863
10731,Ecommerce,2,K,11,0,2-K-11-0-3,2-K-11-0-3,BINS,FALSE,863
10732,Ecommerce,2,K,11,0,2-K-11-0-4,2-K-11-0-4,BINS,FALSE,863
10733,Ecommerce,2,K,11,0,2-K-11-0-5,2-K-11-0-5,BINS,FALSE,863
10734,Ecommerce,2,K,11,0,2-K-11-0-6,2-K-11-0-6,BINS,FALSE,863
10735,Ecommerce,2,K,11,0,2-K-11-0-7,2-K-11-0-7,BINS,FALSE,863
10736,Ecommerce,2,K,11,0,2-K-11-0-8,2-K-11-0-8,BINS,FALSE,863
10737,Ecommerce,2,K,11,0,2-K-11-0-9,2-K-11-0-9,BINS,FALSE,863
10738,Ecommerce,2,K,11,0,2-K-11-0-10,2-K-11-0-10,BINS,FALSE,863
10739,Ecommerce,2,K,11,0,2-K-11-0-11,2-K-11-0-11,BINS,FALSE,863
10740,Ecommerce,2,K,11,0,2-K-11-0-12,2-K-11-0-12,BINS,FALSE,863
10741,Ecommerce,2,K,11,0,2-K-11-0-13,2-K-11-0-13,BINS,FALSE,863
10742,Ecommerce,2,K,11,0,2-K-11-0-14,2-K-11-0-14,BINS,FALSE,863
10743,Ecommerce,2,K,11,0,2-K-11-0-15,2-K-11-0-15,BINS,FALSE,863
10744,Ecommerce,2,K,11,0,2-K-11-0-16,2-K-11-0-16,BINS,FALSE,863
10745,Ecommerce,2,K,11,0,2-K-11-0-17,2-K-11-0-17,BINS,FALSE,863
10746,Ecommerce,2,K,11,0,2-K-11-0-18,2-K-11-0-18,BINS,FALSE,863
10709,Ecommerce,2,K,11,1,2-K-11-1,2-K-11-1,PICK,FALSE,864
10710,Ecommerce,2,K,11,1,2-K-11-1-1,2-K-11-1-1,BINS,FALSE,864
10711,Ecommerce,2,K,11,1,2-K-11-1-2,2-K-11-1-2,BINS,FALSE,864
10712,Ecommerce,2,K,11,1,2-K-11-1-3,2-K-11-1-3,BINS,FALSE,864
10713,Ecommerce,2,K,11,1,2-K-11-1-4,2-K-11-1-4,BINS,FALSE,864
10714,Ecommerce,2,K,11,1,2-K-11-1-5,2-K-11-1-5,BINS,FALSE,864
10715,Ecommerce,2,K,11,1,2-K-11-1-6,2-K-11-1-6,BINS,FALSE,864
10716,Ecommerce,2,K,11,1,2-K-11-1-7,2-K-11-1-7,BINS,FALSE,864
10717,Ecommerce,2,K,11,1,2-K-11-1-8,2-K-11-1-8,BINS,FALSE,864
10718,Ecommerce,2,K,11,1,2-K-11-1-9,2-K-11-1-9,BINS,FALSE,864
10719,Ecommerce,2,K,11,1,2-K-11-1-10,2-K-11-1-10,BINS,FALSE,864
10720,Ecommerce,2,K,11,1,2-K-11-1-11,2-K-11-1-11,BINS,FALSE,864
10721,Ecommerce,2,K,11,1,2-K-11-1-12,2-K-11-1-12,BINS,FALSE,864
10722,Ecommerce,2,K,11,1,2-K-11-1-13,2-K-11-1-13,BINS,FALSE,864
10723,Ecommerce,2,K,11,1,2-K-11-1-14,2-K-11-1-14,BINS,FALSE,864
10724,Ecommerce,2,K,11,1,2-K-11-1-15,2-K-11-1-15,BINS,FALSE,864
10725,Ecommerce,2,K,11,1,2-K-11-1-16,2-K-11-1-16,BINS,FALSE,864
10726,Ecommerce,2,K,11,1,2-K-11-1-17,2-K-11-1-17,BINS,FALSE,864
10727,Ecommerce,2,K,11,1,2-K-11-1-18,2-K-11-1-18,BINS,FALSE,864
10708,Ecommerce,2,J,10,0,2-J-10-0,2-J-10-0,PICK,FALSE,865
10707,Ecommerce,2,J,10,1,2-J-10-1,2-J-10-1,PICK,FALSE,866
10688,Ecommerce,2,K,10,0,2-K-10-0-1,2-K-10-0-1,BINS,FALSE,867
10689,Ecommerce,2,K,10,0,2-K-10-0-2,2-K-10-0-2,BINS,FALSE,867
10690,Ecommerce,2,K,10,0,2-K-10-0-3,2-K-10-0-3,BINS,FALSE,867
10691,Ecommerce,2,K,10,0,2-K-10-0-4,2-K-10-0-4,BINS,FALSE,867
10692,Ecommerce,2,K,10,0,2-K-10-0-5,2-K-10-0-5,BINS,FALSE,867
10693,Ecommerce,2,K,10,0,2-K-10-0-6,2-K-10-0-6,BINS,FALSE,867
10694,Ecommerce,2,K,10,0,2-K-10-0-7,2-K-10-0-7,BINS,FALSE,867
10695,Ecommerce,2,K,10,0,2-K-10-0-8,2-K-10-0-8,BINS,FALSE,867
10696,Ecommerce,2,K,10,0,2-K-10-0-9,2-K-10-0-9,BINS,FALSE,867
10697,Ecommerce,2,K,10,0,2-K-10-0-10,2-K-10-0-10,BINS,FALSE,867
10698,Ecommerce,2,K,10,0,2-K-10-0-11,2-K-10-0-11,BINS,FALSE,867
10699,Ecommerce,2,K,10,0,2-K-10-0-12,2-K-10-0-12,BINS,FALSE,867
10700,Ecommerce,2,K,10,0,2-K-10-0-13,2-K-10-0-13,BINS,FALSE,867
10701,Ecommerce,2,K,10,0,2-K-10-0-14,2-K-10-0-14,BINS,FALSE,867
10702,Ecommerce,2,K,10,0,2-K-10-0-15,2-K-10-0-15,BINS,FALSE,867
10703,Ecommerce,2,K,10,0,2-K-10-0-16,2-K-10-0-16,BINS,FALSE,867
10704,Ecommerce,2,K,10,0,2-K-10-0-17,2-K-10-0-17,BINS,FALSE,867
10705,Ecommerce,2,K,10,0,2-K-10-0-18,2-K-10-0-18,BINS,FALSE,867
10706,Ecommerce,2,K,10,0,2-K-10-0,2-K-10-0,PICK,FALSE,867
10669,Ecommerce,2,K,10,1,2-K-10-1,2-K-10-1,PICK,FALSE,868
10670,Ecommerce,2,K,10,1,2-K-10-1-1,2-K-10-1-1,BINS,FALSE,868
10671,Ecommerce,2,K,10,1,2-K-10-1-2,2-K-10-1-2,BINS,FALSE,868
10672,Ecommerce,2,K,10,1,2-K-10-1-3,2-K-10-1-3,BINS,FALSE,868
10673,Ecommerce,2,K,10,1,2-K-10-1-4,2-K-10-1-4,BINS,FALSE,868
10674,Ecommerce,2,K,10,1,2-K-10-1-5,2-K-10-1-5,BINS,FALSE,868
10675,Ecommerce,2,K,10,1,2-K-10-1-6,2-K-10-1-6,BINS,FALSE,868
10676,Ecommerce,2,K,10,1,2-K-10-1-7,2-K-10-1-7,BINS,FALSE,868
10677,Ecommerce,2,K,10,1,2-K-10-1-8,2-K-10-1-8,BINS,FALSE,868
10678,Ecommerce,2,K,10,1,2-K-10-1-9,2-K-10-1-9,BINS,FALSE,868
10679,Ecommerce,2,K,10,1,2-K-10-1-10,2-K-10-1-10,BINS,FALSE,868
10680,Ecommerce,2,K,10,1,2-K-10-1-11,2-K-10-1-11,BINS,FALSE,868
10681,Ecommerce,2,K,10,1,2-K-10-1-12,2-K-10-1-12,BINS,FALSE,868
10682,Ecommerce,2,K,10,1,2-K-10-1-13,2-K-10-1-13,BINS,FALSE,868
10683,Ecommerce,2,K,10,1,2-K-10-1-14,2-K-10-1-14,BINS,FALSE,868
10684,Ecommerce,2,K,10,1,2-K-10-1-15,2-K-10-1-15,BINS,FALSE,868
10685,Ecommerce,2,K,10,1,2-K-10-1-16,2-K-10-1-16,BINS,FALSE,868
10686,Ecommerce,2,K,10,1,2-K-10-1-17,2-K-10-1-17,BINS,FALSE,868
10687,Ecommerce,2,K,10,1,2-K-10-1-18,2-K-10-1-18,BINS,FALSE,868
13826,Ecommerce,2,J,9,0,2-J-9-0-1,2-J-9-0-1,PICK,FALSE,869
13827,Ecommerce,2,J,9,0,2-J-9-0-2,2-J-9-0-2,PICK,FALSE,869
13828,Ecommerce,2,J,9,0,2-J-9-0-3,2-J-9-0-3,PICK,FALSE,869
13829,Ecommerce,2,J,9,0,2-J-9-0-4,2-J-9-0-4,PICK,FALSE,869
13830,Ecommerce,2,J,9,0,2-J-9-0-5,2-J-9-0-5,PICK,FALSE,869
13831,Ecommerce,2,J,9,0,2-J-9-0-6,2-J-9-0-6,PICK,FALSE,869
13832,Ecommerce,2,J,9,0,2-J-9-0-7,2-J-9-0-7,PICK,FALSE,869
13833,Ecommerce,2,J,9,0,2-J-9-0-8,2-J-9-0-8,PICK,FALSE,869
13834,Ecommerce,2,J,9,0,2-J-9-0-9,2-J-9-0-9,PICK,FALSE,869
13835,Ecommerce,2,J,9,0,2-J-9-0-10,2-J-9-0-10,PICK,FALSE,869
13836,Ecommerce,2,J,9,0,2-J-9-0-11,2-J-9-0-11,PICK,FALSE,869
13837,Ecommerce,2,J,9,0,2-J-9-0-12,2-J-9-0-12,PICK,FALSE,869
13838,Ecommerce,2,J,9,0,2-J-9-0-13,2-J-9-0-13,PICK,FALSE,869
13839,Ecommerce,2,J,9,0,2-J-9-0-14,2-J-9-0-14,PICK,FALSE,869
13840,Ecommerce,2,J,9,0,2-J-9-0-15,2-J-9-0-15,PICK,FALSE,869
13841,Ecommerce,2,J,9,0,2-J-9-0-16,2-J-9-0-16,PICK,FALSE,869
13842,Ecommerce,2,J,9,0,2-J-9-0-17,2-J-9-0-17,PICK,FALSE,869
13843,Ecommerce,2,J,9,0,2-J-9-0-18,2-J-9-0-18,PICK,FALSE,869
10668,Ecommerce,2,J,9,0,2-J-9-0,2-J-9-0,PICK,FALSE,869
10667,Ecommerce,2,J,9,1,2-J-9-1,2-J-9-1,PICK,FALSE,870
11346,Ecommerce,2,J,9,1,2-J-9-1-1,2-J-9-1-1,PICK,FALSE,870
11347,Ecommerce,2,J,9,1,2-J-9-1-2,2-J-9-1-2,PICK,FALSE,870
11348,Ecommerce,2,J,9,1,2-J-9-1-3,2-J-9-1-3,PICK,FALSE,870
11349,Ecommerce,2,J,9,1,2-J-9-1-4,2-J-9-1-4,PICK,FALSE,870
11350,Ecommerce,2,J,9,1,2-J-9-1-5,2-J-9-1-5,PICK,FALSE,870
11351,Ecommerce,2,J,9,1,2-J-9-1-6,2-J-9-1-6,PICK,FALSE,870
11352,Ecommerce,2,J,9,1,2-J-9-1-7,2-J-9-1-7,PICK,FALSE,870
11353,Ecommerce,2,J,9,1,2-J-9-1-8,2-J-9-1-8,PICK,FALSE,870
11354,Ecommerce,2,J,9,1,2-J-9-1-9,2-J-9-1-9,PICK,FALSE,870
11355,Ecommerce,2,J,9,1,2-J-9-1-10,2-J-9-1-10,PICK,FALSE,870
11356,Ecommerce,2,J,9,1,2-J-9-1-11,2-J-9-1-11,PICK,FALSE,870
11357,Ecommerce,2,J,9,1,2-J-9-1-12,2-J-9-1-12,PICK,FALSE,870
11358,Ecommerce,2,J,9,1,2-J-9-1-13,2-J-9-1-13,PICK,FALSE,870
11359,Ecommerce,2,J,9,1,2-J-9-1-14,2-J-9-1-14,PICK,FALSE,870
11360,Ecommerce,2,J,9,1,2-J-9-1-15,2-J-9-1-15,PICK,FALSE,870
11361,Ecommerce,2,J,9,1,2-J-9-1-16,2-J-9-1-16,PICK,FALSE,870
11362,Ecommerce,2,J,9,1,2-J-9-1-17,2-J-9-1-17,PICK,FALSE,870
11363,Ecommerce,2,J,9,1,2-J-9-1-18,2-J-9-1-18,PICK,FALSE,870
10648,Ecommerce,2,K,9,0,2-K-9-0,2-K-9-0,PICK,FALSE,871
10649,Ecommerce,2,K,9,0,2-K-9-0-1,2-K-9-0-1,BINS,FALSE,871
10650,Ecommerce,2,K,9,0,2-K-9-0-2,2-K-9-0-2,BINS,FALSE,871
10651,Ecommerce,2,K,9,0,2-K-9-0-3,2-K-9-0-3,BINS,FALSE,871
10652,Ecommerce,2,K,9,0,2-K-9-0-4,2-K-9-0-4,BINS,FALSE,871
10653,Ecommerce,2,K,9,0,2-K-9-0-5,2-K-9-0-5,BINS,FALSE,871
10654,Ecommerce,2,K,9,0,2-K-9-0-6,2-K-9-0-6,BINS,FALSE,871
10655,Ecommerce,2,K,9,0,2-K-9-0-7,2-K-9-0-7,BINS,FALSE,871
10656,Ecommerce,2,K,9,0,2-K-9-0-8,2-K-9-0-8,BINS,FALSE,871
10657,Ecommerce,2,K,9,0,2-K-9-0-9,2-K-9-0-9,BINS,FALSE,871
10658,Ecommerce,2,K,9,0,2-K-9-0-10,2-K-9-0-10,BINS,FALSE,871
10659,Ecommerce,2,K,9,0,2-K-9-0-11,2-K-9-0-11,BINS,FALSE,871
10660,Ecommerce,2,K,9,0,2-K-9-0-12,2-K-9-0-12,BINS,FALSE,871
10661,Ecommerce,2,K,9,0,2-K-9-0-13,2-K-9-0-13,BINS,FALSE,871
10662,Ecommerce,2,K,9,0,2-K-9-0-14,2-K-9-0-14,BINS,FALSE,871
10663,Ecommerce,2,K,9,0,2-K-9-0-15,2-K-9-0-15,BINS,FALSE,871
10664,Ecommerce,2,K,9,0,2-K-9-0-16,2-K-9-0-16,BINS,FALSE,871
10665,Ecommerce,2,K,9,0,2-K-9-0-17,2-K-9-0-17,BINS,FALSE,871
10666,Ecommerce,2,K,9,0,2-K-9-0-18,2-K-9-0-18,BINS,FALSE,871
10629,Ecommerce,2,K,9,1,2-K-9-1,2-K-9-1,PICK,FALSE,872
10630,Ecommerce,2,K,9,1,2-K-9-1-1,2-K-9-1-1,BINS,FALSE,872
10631,Ecommerce,2,K,9,1,2-K-9-1-2,2-K-9-1-2,BINS,FALSE,872
10632,Ecommerce,2,K,9,1,2-K-9-1-3,2-K-9-1-3,BINS,FALSE,872
10633,Ecommerce,2,K,9,1,2-K-9-1-4,2-K-9-1-4,BINS,FALSE,872
10634,Ecommerce,2,K,9,1,2-K-9-1-5,2-K-9-1-5,BINS,FALSE,872
10635,Ecommerce,2,K,9,1,2-K-9-1-6,2-K-9-1-6,BINS,FALSE,872
10636,Ecommerce,2,K,9,1,2-K-9-1-7,2-K-9-1-7,BINS,FALSE,872
10637,Ecommerce,2,K,9,1,2-K-9-1-8,2-K-9-1-8,BINS,FALSE,872
10638,Ecommerce,2,K,9,1,2-K-9-1-9,2-K-9-1-9,BINS,FALSE,872
10639,Ecommerce,2,K,9,1,2-K-9-1-10,2-K-9-1-10,BINS,FALSE,872
10640,Ecommerce,2,K,9,1,2-K-9-1-11,2-K-9-1-11,BINS,FALSE,872
10641,Ecommerce,2,K,9,1,2-K-9-1-12,2-K-9-1-12,BINS,FALSE,872
10642,Ecommerce,2,K,9,1,2-K-9-1-13,2-K-9-1-13,BINS,FALSE,872
10643,Ecommerce,2,K,9,1,2-K-9-1-14,2-K-9-1-14,BINS,FALSE,872
10644,Ecommerce,2,K,9,1,2-K-9-1-15,2-K-9-1-15,BINS,FALSE,872
10645,Ecommerce,2,K,9,1,2-K-9-1-16,2-K-9-1-16,BINS,FALSE,872
10646,Ecommerce,2,K,9,1,2-K-9-1-17,2-K-9-1-17,BINS,FALSE,872
10647,Ecommerce,2,K,9,1,2-K-9-1-18,2-K-9-1-18,BINS,FALSE,872
10628,Ecommerce,2,J,8,0,2-J-8-0,2-J-8-0,PICK,FALSE,873
16009,Ecommerce,2,J,8,0,2-J-8-0-1,2-J-8-0-1,PICK,FALSE,873
16010,Ecommerce,2,J,8,0,2-J-8-0-2,2-J-8-0-2,PICK,FALSE,873
16011,Ecommerce,2,J,8,0,2-J-8-0-3,2-J-8-0-3,PICK,FALSE,873
16012,Ecommerce,2,J,8,0,2-J-8-0-4,2-J-8-0-4,PICK,FALSE,873
16013,Ecommerce,2,J,8,0,2-J-8-0-5,2-J-8-0-5,PICK,FALSE,873
16014,Ecommerce,2,J,8,0,2-J-8-0-6,2-J-8-0-6,PICK,FALSE,873
16015,Ecommerce,2,J,8,0,2-J-8-0-7,2-J-8-0-7,PICK,FALSE,873
16016,Ecommerce,2,J,8,0,2-J-8-0-8,2-J-8-0-8,PICK,FALSE,873
16017,Ecommerce,2,J,8,0,2-J-8-0-9,2-J-8-0-9,PICK,FALSE,873
16018,Ecommerce,2,J,8,0,2-J-8-0-10,2-J-8-0-10,PICK,FALSE,873
16019,Ecommerce,2,J,8,0,2-J-8-0-11,2-J-8-0-11,PICK,FALSE,873
16020,Ecommerce,2,J,8,0,2-J-8-0-12,2-J-8-0-12,PICK,FALSE,873
16021,Ecommerce,2,J,8,0,2-J-8-0-13,2-J-8-0-13,PICK,FALSE,873
16022,Ecommerce,2,J,8,0,2-J-8-0-14,2-J-8-0-14,PICK,FALSE,873
16023,Ecommerce,2,J,8,0,2-J-8-0-15,2-J-8-0-15,PICK,FALSE,873
16024,Ecommerce,2,J,8,0,2-J-8-0-16,2-J-8-0-16,PICK,FALSE,873
16025,Ecommerce,2,J,8,0,2-J-8-0-17,2-J-8-0-17,PICK,FALSE,873
16026,Ecommerce,2,J,8,0,2-J-8-0-18,2-J-8-0-18,PICK,FALSE,873
10627,Ecommerce,2,J,8,1,2-J-8-1,2-J-8-1,PICK,FALSE,874
16027,Ecommerce,2,J,8,1,2-J-8-1-1,2-J-8-1-1,PICK,FALSE,874
16028,Ecommerce,2,J,8,1,2-J-8-1-2,2-J-8-1-2,PICK,FALSE,874
16029,Ecommerce,2,J,8,1,2-J-8-1-3,2-J-8-1-3,PICK,FALSE,874
16030,Ecommerce,2,J,8,1,2-J-8-1-4,2-J-8-1-4,PICK,FALSE,874
16031,Ecommerce,2,J,8,1,2-J-8-1-5,2-J-8-1-5,PICK,FALSE,874
16032,Ecommerce,2,J,8,1,2-J-8-1-6,2-J-8-1-6,PICK,FALSE,874
16033,Ecommerce,2,J,8,1,2-J-8-1-7,2-J-8-1-7,PICK,FALSE,874
16034,Ecommerce,2,J,8,1,2-J-8-1-8,2-J-8-1-8,PICK,FALSE,874
16035,Ecommerce,2,J,8,1,2-J-8-1-9,2-J-8-1-9,PICK,FALSE,874
16036,Ecommerce,2,J,8,1,2-J-8-1-10,2-J-8-1-10,PICK,FALSE,874
16037,Ecommerce,2,J,8,1,2-J-8-1-11,2-J-8-1-11,PICK,FALSE,874
16038,Ecommerce,2,J,8,1,2-J-8-1-12,2-J-8-1-12,PICK,FALSE,874
16039,Ecommerce,2,J,8,1,2-J-8-1-13,2-J-8-1-13,PICK,FALSE,874
16040,Ecommerce,2,J,8,1,2-J-8-1-14,2-J-8-1-14,PICK,FALSE,874
16041,Ecommerce,2,J,8,1,2-J-8-1-15,2-J-8-1-15,PICK,FALSE,874
16042,Ecommerce,2,J,8,1,2-J-8-1-16,2-J-8-1-16,PICK,FALSE,874
16043,Ecommerce,2,J,8,1,2-J-8-1-17,2-J-8-1-17,PICK,FALSE,874
16044,Ecommerce,2,J,8,1,2-J-8-1-18,2-J-8-1-18,PICK,FALSE,874
10608,Ecommerce,2,K,8,0,2-K-8-0-1,2-K-8-0-1,BINS,FALSE,875
10609,Ecommerce,2,K,8,0,2-K-8-0-2,2-K-8-0-2,BINS,FALSE,875
10610,Ecommerce,2,K,8,0,2-K-8-0-3,2-K-8-0-3,BINS,FALSE,875
10611,Ecommerce,2,K,8,0,2-K-8-0-4,2-K-8-0-4,BINS,FALSE,875
10612,Ecommerce,2,K,8,0,2-K-8-0-5,2-K-8-0-5,BINS,FALSE,875
10613,Ecommerce,2,K,8,0,2-K-8-0-6,2-K-8-0-6,BINS,FALSE,875
10614,Ecommerce,2,K,8,0,2-K-8-0-7,2-K-8-0-7,BINS,FALSE,875
10615,Ecommerce,2,K,8,0,2-K-8-0-8,2-K-8-0-8,BINS,FALSE,875
10616,Ecommerce,2,K,8,0,2-K-8-0-9,2-K-8-0-9,BINS,FALSE,875
10617,Ecommerce,2,K,8,0,2-K-8-0-10,2-K-8-0-10,BINS,FALSE,875
10618,Ecommerce,2,K,8,0,2-K-8-0-11,2-K-8-0-11,BINS,FALSE,875
10619,Ecommerce,2,K,8,0,2-K-8-0-12,2-K-8-0-12,BINS,FALSE,875
10620,Ecommerce,2,K,8,0,2-K-8-0-13,2-K-8-0-13,BINS,FALSE,875
10621,Ecommerce,2,K,8,0,2-K-8-0-14,2-K-8-0-14,BINS,FALSE,875
10622,Ecommerce,2,K,8,0,2-K-8-0-15,2-K-8-0-15,BINS,FALSE,875
10623,Ecommerce,2,K,8,0,2-K-8-0-16,2-K-8-0-16,BINS,FALSE,875
10624,Ecommerce,2,K,8,0,2-K-8-0-17,2-K-8-0-17,BINS,FALSE,875
10625,Ecommerce,2,K,8,0,2-K-8-0-18,2-K-8-0-18,BINS,FALSE,875
10626,Ecommerce,2,K,8,0,2-K-8-0,2-K-8-0,PICK,FALSE,875
10589,Ecommerce,2,K,8,1,2-K-8-1,2-K-8-1,PICK,FALSE,876
10590,Ecommerce,2,K,8,1,2-K-8-1-1,2-K-8-1-1,BINS,FALSE,876
10591,Ecommerce,2,K,8,1,2-K-8-1-2,2-K-8-1-2,BINS,FALSE,876
10592,Ecommerce,2,K,8,1,2-K-8-1-3,2-K-8-1-3,BINS,FALSE,876
10593,Ecommerce,2,K,8,1,2-K-8-1-4,2-K-8-1-4,BINS,FALSE,876
10594,Ecommerce,2,K,8,1,2-K-8-1-5,2-K-8-1-5,BINS,FALSE,876
10595,Ecommerce,2,K,8,1,2-K-8-1-6,2-K-8-1-6,BINS,FALSE,876
10596,Ecommerce,2,K,8,1,2-K-8-1-7,2-K-8-1-7,BINS,FALSE,876
10597,Ecommerce,2,K,8,1,2-K-8-1-8,2-K-8-1-8,BINS,FALSE,876
10598,Ecommerce,2,K,8,1,2-K-8-1-9,2-K-8-1-9,BINS,FALSE,876
10599,Ecommerce,2,K,8,1,2-K-8-1-10,2-K-8-1-10,BINS,FALSE,876
10600,Ecommerce,2,K,8,1,2-K-8-1-11,2-K-8-1-11,BINS,FALSE,876
10601,Ecommerce,2,K,8,1,2-K-8-1-12,2-K-8-1-12,BINS,FALSE,876
10602,Ecommerce,2,K,8,1,2-K-8-1-13,2-K-8-1-13,BINS,FALSE,876
10603,Ecommerce,2,K,8,1,2-K-8-1-14,2-K-8-1-14,BINS,FALSE,876
10604,Ecommerce,2,K,8,1,2-K-8-1-15,2-K-8-1-15,BINS,FALSE,876
10605,Ecommerce,2,K,8,1,2-K-8-1-16,2-K-8-1-16,BINS,FALSE,876
10606,Ecommerce,2,K,8,1,2-K-8-1-17,2-K-8-1-17,BINS,FALSE,876
10607,Ecommerce,2,K,8,1,2-K-8-1-18,2-K-8-1-18,BINS,FALSE,876
16045,Ecommerce,2,J,7,0,2-J-7-0-1,2-J-7-0-1,PICK,FALSE,877
16046,Ecommerce,2,J,7,0,2-J-7-0-2,2-J-7-0-2,PICK,FALSE,877
16047,Ecommerce,2,J,7,0,2-J-7-0-3,2-J-7-0-3,PICK,FALSE,877
16048,Ecommerce,2,J,7,0,2-J-7-0-4,2-J-7-0-4,PICK,FALSE,877
16049,Ecommerce,2,J,7,0,2-J-7-0-5,2-J-7-0-5,PICK,FALSE,877
16050,Ecommerce,2,J,7,0,2-J-7-0-6,2-J-7-0-6,PICK,FALSE,877
16051,Ecommerce,2,J,7,0,2-J-7-0-7,2-J-7-0-7,PICK,FALSE,877
16052,Ecommerce,2,J,7,0,2-J-7-0-8,2-J-7-0-8,PICK,FALSE,877
16053,Ecommerce,2,J,7,0,2-J-7-0-9,2-J-7-0-9,PICK,FALSE,877
16054,Ecommerce,2,J,7,0,2-J-7-0-10,2-J-7-0-10,PICK,FALSE,877
16055,Ecommerce,2,J,7,0,2-J-7-0-11,2-J-7-0-11,PICK,FALSE,877
16056,Ecommerce,2,J,7,0,2-J-7-0-12,2-J-7-0-12,PICK,FALSE,877
16057,Ecommerce,2,J,7,0,2-J-7-0-13,2-J-7-0-13,PICK,FALSE,877
16058,Ecommerce,2,J,7,0,2-J-7-0-14,2-J-7-0-14,PICK,FALSE,877
16059,Ecommerce,2,J,7,0,2-J-7-0-15,2-J-7-0-15,PICK,FALSE,877
16060,Ecommerce,2,J,7,0,2-J-7-0-16,2-J-7-0-16,PICK,FALSE,877
16061,Ecommerce,2,J,7,0,2-J-7-0-17,2-J-7-0-17,PICK,FALSE,877
16062,Ecommerce,2,J,7,0,2-J-7-0-18,2-J-7-0-18,PICK,FALSE,877
10588,Ecommerce,2,J,7,0,2-J-7-0,2-J-7-0,PICK,FALSE,877
10587,Ecommerce,2,J,7,1,2-J-7-1,2-J-7-1,PICK,FALSE,878
16063,Ecommerce,2,J,7,1,2-J-7-1-1,2-J-7-1-1,PICK,FALSE,878
16064,Ecommerce,2,J,7,1,2-J-7-1-2,2-J-7-1-2,PICK,FALSE,878
16065,Ecommerce,2,J,7,1,2-J-7-1-3,2-J-7-1-3,PICK,FALSE,878
16066,Ecommerce,2,J,7,1,2-J-7-1-4,2-J-7-1-4,PICK,FALSE,878
16067,Ecommerce,2,J,7,1,2-J-7-1-5,2-J-7-1-5,PICK,FALSE,878
16068,Ecommerce,2,J,7,1,2-J-7-1-6,2-J-7-1-6,PICK,FALSE,878
16069,Ecommerce,2,J,7,1,2-J-7-1-7,2-J-7-1-7,PICK,FALSE,878
16070,Ecommerce,2,J,7,1,2-J-7-1-8,2-J-7-1-8,PICK,FALSE,878
16071,Ecommerce,2,J,7,1,2-J-7-1-9,2-J-7-1-9,PICK,FALSE,878
16072,Ecommerce,2,J,7,1,2-J-7-1-10,2-J-7-1-10,PICK,FALSE,878
16073,Ecommerce,2,J,7,1,2-J-7-1-11,2-J-7-1-11,PICK,FALSE,878
16074,Ecommerce,2,J,7,1,2-J-7-1-12,2-J-7-1-12,PICK,FALSE,878
16075,Ecommerce,2,J,7,1,2-J-7-1-13,2-J-7-1-13,PICK,FALSE,878
16076,Ecommerce,2,J,7,1,2-J-7-1-14,2-J-7-1-14,PICK,FALSE,878
16077,Ecommerce,2,J,7,1,2-J-7-1-15,2-J-7-1-15,PICK,FALSE,878
16078,Ecommerce,2,J,7,1,2-J-7-1-16,2-J-7-1-16,PICK,FALSE,878
16079,Ecommerce,2,J,7,1,2-J-7-1-17,2-J-7-1-17,PICK,FALSE,878
16080,Ecommerce,2,J,7,1,2-J-7-1-18,2-J-7-1-18,PICK,FALSE,878
10568,Ecommerce,2,K,7,0,2-K-7-0,2-K-7-0,PICK,FALSE,879
10569,Ecommerce,2,K,7,0,2-K-7-0-1,2-K-7-0-1,BINS,FALSE,879
10570,Ecommerce,2,K,7,0,2-K-7-0-2,2-K-7-0-2,BINS,FALSE,879
10571,Ecommerce,2,K,7,0,2-K-7-0-3,2-K-7-0-3,BINS,FALSE,879
10572,Ecommerce,2,K,7,0,2-K-7-0-4,2-K-7-0-4,BINS,FALSE,879
10573,Ecommerce,2,K,7,0,2-K-7-0-5,2-K-7-0-5,BINS,FALSE,879
10574,Ecommerce,2,K,7,0,2-K-7-0-6,2-K-7-0-6,BINS,FALSE,879
10575,Ecommerce,2,K,7,0,2-K-7-0-7,2-K-7-0-7,BINS,FALSE,879
10576,Ecommerce,2,K,7,0,2-K-7-0-8,2-K-7-0-8,BINS,FALSE,879
10577,Ecommerce,2,K,7,0,2-K-7-0-9,2-K-7-0-9,BINS,FALSE,879
10578,Ecommerce,2,K,7,0,2-K-7-0-10,2-K-7-0-10,BINS,FALSE,879
10579,Ecommerce,2,K,7,0,2-K-7-0-11,2-K-7-0-11,BINS,FALSE,879
10580,Ecommerce,2,K,7,0,2-K-7-0-12,2-K-7-0-12,BINS,FALSE,879
10581,Ecommerce,2,K,7,0,2-K-7-0-13,2-K-7-0-13,BINS,FALSE,879
10582,Ecommerce,2,K,7,0,2-K-7-0-14,2-K-7-0-14,BINS,FALSE,879
10583,Ecommerce,2,K,7,0,2-K-7-0-15,2-K-7-0-15,BINS,FALSE,879
10584,Ecommerce,2,K,7,0,2-K-7-0-16,2-K-7-0-16,BINS,FALSE,879
10585,Ecommerce,2,K,7,0,2-K-7-0-17,2-K-7-0-17,BINS,FALSE,879
10586,Ecommerce,2,K,7,0,2-K-7-0-18,2-K-7-0-18,BINS,FALSE,879
10549,Ecommerce,2,K,7,1,2-K-7-1,2-K-7-1,PICK,FALSE,880
10550,Ecommerce,2,K,7,1,2-K-7-1-1,2-K-7-1-1,BINS,FALSE,880
10551,Ecommerce,2,K,7,1,2-K-7-1-2,2-K-7-1-2,BINS,FALSE,880
10552,Ecommerce,2,K,7,1,2-K-7-1-3,2-K-7-1-3,BINS,FALSE,880
10553,Ecommerce,2,K,7,1,2-K-7-1-4,2-K-7-1-4,BINS,FALSE,880
10554,Ecommerce,2,K,7,1,2-K-7-1-5,2-K-7-1-5,BINS,FALSE,880
10555,Ecommerce,2,K,7,1,2-K-7-1-6,2-K-7-1-6,BINS,FALSE,880
10556,Ecommerce,2,K,7,1,2-K-7-1-7,2-K-7-1-7,BINS,FALSE,880
10557,Ecommerce,2,K,7,1,2-K-7-1-8,2-K-7-1-8,BINS,FALSE,880
10558,Ecommerce,2,K,7,1,2-K-7-1-9,2-K-7-1-9,BINS,FALSE,880
10559,Ecommerce,2,K,7,1,2-K-7-1-10,2-K-7-1-10,BINS,FALSE,880
10560,Ecommerce,2,K,7,1,2-K-7-1-11,2-K-7-1-11,BINS,FALSE,880
10561,Ecommerce,2,K,7,1,2-K-7-1-12,2-K-7-1-12,BINS,FALSE,880
10562,Ecommerce,2,K,7,1,2-K-7-1-13,2-K-7-1-13,BINS,FALSE,880
10563,Ecommerce,2,K,7,1,2-K-7-1-14,2-K-7-1-14,BINS,FALSE,880
10564,Ecommerce,2,K,7,1,2-K-7-1-15,2-K-7-1-15,BINS,FALSE,880
10565,Ecommerce,2,K,7,1,2-K-7-1-16,2-K-7-1-16,BINS,FALSE,880
10566,Ecommerce,2,K,7,1,2-K-7-1-17,2-K-7-1-17,BINS,FALSE,880
10567,Ecommerce,2,K,7,1,2-K-7-1-18,2-K-7-1-18,BINS,FALSE,880
10548,Ecommerce,2,J,6,0,2-J-6-0,2-J-6-0,PICK,FALSE,881
16081,Ecommerce,2,J,6,0,2-J-6-0-1,2-J-6-0-1,PICK,FALSE,881
16082,Ecommerce,2,J,6,0,2-J-6-0-2,2-J-6-0-2,PICK,FALSE,881
16083,Ecommerce,2,J,6,0,2-J-6-0-3,2-J-6-0-3,PICK,FALSE,881
16084,Ecommerce,2,J,6,0,2-J-6-0-4,2-J-6-0-4,PICK,FALSE,881
16085,Ecommerce,2,J,6,0,2-J-6-0-5,2-J-6-0-5,PICK,FALSE,881
16086,Ecommerce,2,J,6,0,2-J-6-0-6,2-J-6-0-6,PICK,FALSE,881
16087,Ecommerce,2,J,6,0,2-J-6-0-7,2-J-6-0-7,PICK,FALSE,881
16088,Ecommerce,2,J,6,0,2-J-6-0-8,2-J-6-0-8,PICK,FALSE,881
16089,Ecommerce,2,J,6,0,2-J-6-0-9,2-J-6-0-9,PICK,FALSE,881
16090,Ecommerce,2,J,6,0,2-J-6-0-10,2-J-6-0-10,PICK,FALSE,881
16091,Ecommerce,2,J,6,0,2-J-6-0-11,2-J-6-0-11,PICK,FALSE,881
16092,Ecommerce,2,J,6,0,2-J-6-0-12,2-J-6-0-12,PICK,FALSE,881
16093,Ecommerce,2,J,6,0,2-J-6-0-13,2-J-6-0-13,PICK,FALSE,881
16094,Ecommerce,2,J,6,0,2-J-6-0-14,2-J-6-0-14,PICK,FALSE,881
16095,Ecommerce,2,J,6,0,2-J-6-0-15,2-J-6-0-15,PICK,FALSE,881
16096,Ecommerce,2,J,6,0,2-J-6-0-16,2-J-6-0-16,PICK,FALSE,881
16097,Ecommerce,2,J,6,0,2-J-6-0-17,2-J-6-0-17,PICK,FALSE,881
16098,Ecommerce,2,J,6,0,2-J-6-0-18,2-J-6-0-18,PICK,FALSE,881
10547,Ecommerce,2,J,6,1,2-J-6-1,2-J-6-1,PICK,FALSE,882
16099,Ecommerce,2,J,6,1,2-J-6-1-1,2-J-6-1-1,PICK,FALSE,882
16100,Ecommerce,2,J,6,1,2-J-6-1-2,2-J-6-1-2,PICK,FALSE,882
16101,Ecommerce,2,J,6,1,2-J-6-1-3,2-J-6-1-3,PICK,FALSE,882
16102,Ecommerce,2,J,6,1,2-J-6-1-4,2-J-6-1-4,PICK,FALSE,882
16103,Ecommerce,2,J,6,1,2-J-6-1-5,2-J-6-1-5,PICK,FALSE,882
16104,Ecommerce,2,J,6,1,2-J-6-1-6,2-J-6-1-6,PICK,FALSE,882
16105,Ecommerce,2,J,6,1,2-J-6-1-7,2-J-6-1-7,PICK,FALSE,882
16106,Ecommerce,2,J,6,1,2-J-6-1-8,2-J-6-1-8,PICK,FALSE,882
16107,Ecommerce,2,J,6,1,2-J-6-1-9,2-J-6-1-9,PICK,FALSE,882
16108,Ecommerce,2,J,6,1,2-J-6-1-10,2-J-6-1-10,PICK,FALSE,882
16109,Ecommerce,2,J,6,1,2-J-6-1-11,2-J-6-1-11,PICK,FALSE,882
16110,Ecommerce,2,J,6,1,2-J-6-1-12,2-J-6-1-12,PICK,FALSE,882
16111,Ecommerce,2,J,6,1,2-J-6-1-13,2-J-6-1-13,PICK,FALSE,882
16112,Ecommerce,2,J,6,1,2-J-6-1-14,2-J-6-1-14,PICK,FALSE,882
16113,Ecommerce,2,J,6,1,2-J-6-1-15,2-J-6-1-15,PICK,FALSE,882
16114,Ecommerce,2,J,6,1,2-J-6-1-16,2-J-6-1-16,PICK,FALSE,882
16115,Ecommerce,2,J,6,1,2-J-6-1-17,2-J-6-1-17,PICK,FALSE,882
16116,Ecommerce,2,J,6,1,2-J-6-1-18,2-J-6-1-18,PICK,FALSE,882
10546,Ecommerce,2,K,6,0,2-K-6-0,2-K-6-0,PICK,FALSE,883
16117,Ecommerce,2,K,6,0,2-K-6-0-1,2-K-6-0-1,PICK,FALSE,883
16118,Ecommerce,2,K,6,0,2-K-6-0-2,2-K-6-0-2,PICK,FALSE,883
16119,Ecommerce,2,K,6,0,2-K-6-0-3,2-K-6-0-3,PICK,FALSE,883
16120,Ecommerce,2,K,6,0,2-K-6-0-4,2-K-6-0-4,PICK,FALSE,883
16121,Ecommerce,2,K,6,0,2-K-6-0-5,2-K-6-0-5,PICK,FALSE,883
16122,Ecommerce,2,K,6,0,2-K-6-0-6,2-K-6-0-6,PICK,FALSE,883
16123,Ecommerce,2,K,6,0,2-K-6-0-7,2-K-6-0-7,PICK,FALSE,883
16124,Ecommerce,2,K,6,0,2-K-6-0-8,2-K-6-0-8,PICK,FALSE,883
16125,Ecommerce,2,K,6,0,2-K-6-0-9,2-K-6-0-9,PICK,FALSE,883
16126,Ecommerce,2,K,6,0,2-K-6-0-10,2-K-6-0-10,PICK,FALSE,883
16127,Ecommerce,2,K,6,0,2-K-6-0-11,2-K-6-0-11,PICK,FALSE,883
16128,Ecommerce,2,K,6,0,2-K-6-0-12,2-K-6-0-12,PICK,FALSE,883
16129,Ecommerce,2,K,6,0,2-K-6-0-13,2-K-6-0-13,PICK,FALSE,883
16130,Ecommerce,2,K,6,0,2-K-6-0-14,2-K-6-0-14,PICK,FALSE,883
16131,Ecommerce,2,K,6,0,2-K-6-0-15,2-K-6-0-15,PICK,FALSE,883
16132,Ecommerce,2,K,6,0,2-K-6-0-16,2-K-6-0-16,PICK,FALSE,883
16133,Ecommerce,2,K,6,0,2-K-6-0-17,2-K-6-0-17,PICK,FALSE,883
16134,Ecommerce,2,K,6,0,2-K-6-0-18,2-K-6-0-18,PICK,FALSE,883
16135,Ecommerce,2,K,6,1,2-K-6-1-1,2-K-6-1-1,PICK,FALSE,884
16136,Ecommerce,2,K,6,1,2-K-6-1-2,2-K-6-1-2,PICK,FALSE,884
16137,Ecommerce,2,K,6,1,2-K-6-1-3,2-K-6-1-3,PICK,FALSE,884
16138,Ecommerce,2,K,6,1,2-K-6-1-4,2-K-6-1-4,PICK,FALSE,884
16139,Ecommerce,2,K,6,1,2-K-6-1-5,2-K-6-1-5,PICK,FALSE,884
16140,Ecommerce,2,K,6,1,2-K-6-1-6,2-K-6-1-6,PICK,FALSE,884
16141,Ecommerce,2,K,6,1,2-K-6-1-7,2-K-6-1-7,PICK,FALSE,884
16142,Ecommerce,2,K,6,1,2-K-6-1-8,2-K-6-1-8,PICK,FALSE,884
16143,Ecommerce,2,K,6,1,2-K-6-1-9,2-K-6-1-9,PICK,FALSE,884
16144,Ecommerce,2,K,6,1,2-K-6-1-10,2-K-6-1-10,PICK,FALSE,884
16145,Ecommerce,2,K,6,1,2-K-6-1-11,2-K-6-1-11,PICK,FALSE,884
16146,Ecommerce,2,K,6,1,2-K-6-1-12,2-K-6-1-12,PICK,FALSE,884
16147,Ecommerce,2,K,6,1,2-K-6-1-13,2-K-6-1-13,PICK,FALSE,884
16148,Ecommerce,2,K,6,1,2-K-6-1-14,2-K-6-1-14,PICK,FALSE,884
16149,Ecommerce,2,K,6,1,2-K-6-1-15,2-K-6-1-15,PICK,FALSE,884
16150,Ecommerce,2,K,6,1,2-K-6-1-16,2-K-6-1-16,PICK,FALSE,884
16151,Ecommerce,2,K,6,1,2-K-6-1-17,2-K-6-1-17,PICK,FALSE,884
16152,Ecommerce,2,K,6,1,2-K-6-1-18,2-K-6-1-18,PICK,FALSE,884
10545,Ecommerce,2,K,6,1,2-K-6-1,2-K-6-1,PICK,FALSE,884
16153,Ecommerce,2,J,5,0,2-J-5-0-1,2-J-5-0-1,PICK,FALSE,885
16154,Ecommerce,2,J,5,0,2-J-5-0-2,2-J-5-0-2,PICK,FALSE,885
16155,Ecommerce,2,J,5,0,2-J-5-0-3,2-J-5-0-3,PICK,FALSE,885
16156,Ecommerce,2,J,5,0,2-J-5-0-4,2-J-5-0-4,PICK,FALSE,885
16157,Ecommerce,2,J,5,0,2-J-5-0-5,2-J-5-0-5,PICK,FALSE,885
16158,Ecommerce,2,J,5,0,2-J-5-0-6,2-J-5-0-6,PICK,FALSE,885
16159,Ecommerce,2,J,5,0,2-J-5-0-7,2-J-5-0-7,PICK,FALSE,885
16160,Ecommerce,2,J,5,0,2-J-5-0-8,2-J-5-0-8,PICK,FALSE,885
16161,Ecommerce,2,J,5,0,2-J-5-0-9,2-J-5-0-9,PICK,FALSE,885
16162,Ecommerce,2,J,5,0,2-J-5-0-10,2-J-5-0-10,PICK,FALSE,885
16163,Ecommerce,2,J,5,0,2-J-5-0-11,2-J-5-0-11,PICK,FALSE,885
16164,Ecommerce,2,J,5,0,2-J-5-0-12,2-J-5-0-12,PICK,FALSE,885
16165,Ecommerce,2,J,5,0,2-J-5-0-13,2-J-5-0-13,PICK,FALSE,885
16166,Ecommerce,2,J,5,0,2-J-5-0-14,2-J-5-0-14,PICK,FALSE,885
16167,Ecommerce,2,J,5,0,2-J-5-0-15,2-J-5-0-15,PICK,FALSE,885
16168,Ecommerce,2,J,5,0,2-J-5-0-16,2-J-5-0-16,PICK,FALSE,885
16169,Ecommerce,2,J,5,0,2-J-5-0-17,2-J-5-0-17,PICK,FALSE,885
16170,Ecommerce,2,J,5,0,2-J-5-0-18,2-J-5-0-18,PICK,FALSE,885
8136,Ecommerce,2,J,5,0,2-J-5-0,2-J-5-0,PICK,FALSE,885
8137,Ecommerce,2,J,5,1,2-J-5-1,2-J-5-1,PICK,FALSE,886
16171,Ecommerce,2,J,5,1,2-J-5-1-1,2-J-5-1-1,PICK,FALSE,886
16172,Ecommerce,2,J,5,1,2-J-5-1-2,2-J-5-1-2,PICK,FALSE,886
16173,Ecommerce,2,J,5,1,2-J-5-1-3,2-J-5-1-3,PICK,FALSE,886
16174,Ecommerce,2,J,5,1,2-J-5-1-4,2-J-5-1-4,PICK,FALSE,886
16175,Ecommerce,2,J,5,1,2-J-5-1-5,2-J-5-1-5,PICK,FALSE,886
16176,Ecommerce,2,J,5,1,2-J-5-1-6,2-J-5-1-6,PICK,FALSE,886
16177,Ecommerce,2,J,5,1,2-J-5-1-7,2-J-5-1-7,PICK,FALSE,886
16178,Ecommerce,2,J,5,1,2-J-5-1-8,2-J-5-1-8,PICK,FALSE,886
16179,Ecommerce,2,J,5,1,2-J-5-1-9,2-J-5-1-9,PICK,FALSE,886
16180,Ecommerce,2,J,5,1,2-J-5-1-10,2-J-5-1-10,PICK,FALSE,886
16181,Ecommerce,2,J,5,1,2-J-5-1-11,2-J-5-1-11,PICK,FALSE,886
16182,Ecommerce,2,J,5,1,2-J-5-1-12,2-J-5-1-12,PICK,FALSE,886
16183,Ecommerce,2,J,5,1,2-J-5-1-13,2-J-5-1-13,PICK,FALSE,886
16184,Ecommerce,2,J,5,1,2-J-5-1-14,2-J-5-1-14,PICK,FALSE,886
16185,Ecommerce,2,J,5,1,2-J-5-1-15,2-J-5-1-15,PICK,FALSE,886
16186,Ecommerce,2,J,5,1,2-J-5-1-16,2-J-5-1-16,PICK,FALSE,886
16187,Ecommerce,2,J,5,1,2-J-5-1-17,2-J-5-1-17,PICK,FALSE,886
16188,Ecommerce,2,J,5,1,2-J-5-1-18,2-J-5-1-18,PICK,FALSE,886
10544,Ecommerce,2,K,5,0,2-K-5-0,2-K-5-0,PICK,FALSE,887
10543,Ecommerce,2,K,5,1,2-K-5-1,2-K-5-1,PICK,FALSE,888
16189,Ecommerce,2,K,5,1,2-K-5-1-1,2-K-5-1-1,PICK,FALSE,888
16190,Ecommerce,2,K,5,1,2-K-5-1-2,2-K-5-1-2,PICK,FALSE,888
16191,Ecommerce,2,K,5,1,2-K-5-1-3,2-K-5-1-3,PICK,FALSE,888
16192,Ecommerce,2,K,5,1,2-K-5-1-4,2-K-5-1-4,PICK,FALSE,888
16193,Ecommerce,2,K,5,1,2-K-5-1-5,2-K-5-1-5,PICK,FALSE,888
16194,Ecommerce,2,K,5,1,2-K-5-1-6,2-K-5-1-6,PICK,FALSE,888
16195,Ecommerce,2,K,5,1,2-K-5-1-7,2-K-5-1-7,PICK,FALSE,888
16196,Ecommerce,2,K,5,1,2-K-5-1-8,2-K-5-1-8,PICK,FALSE,888
16197,Ecommerce,2,K,5,1,2-K-5-1-9,2-K-5-1-9,PICK,FALSE,888
16198,Ecommerce,2,K,5,1,2-K-5-1-10,2-K-5-1-10,PICK,FALSE,888
16199,Ecommerce,2,K,5,1,2-K-5-1-11,2-K-5-1-11,PICK,FALSE,888
16200,Ecommerce,2,K,5,1,2-K-5-1-12,2-K-5-1-12,PICK,FALSE,888
16201,Ecommerce,2,K,5,1,2-K-5-1-13,2-K-5-1-13,PICK,FALSE,888
16202,Ecommerce,2,K,5,1,2-K-5-1-14,2-K-5-1-14,PICK,FALSE,888
16203,Ecommerce,2,K,5,1,2-K-5-1-15,2-K-5-1-15,PICK,FALSE,888
16204,Ecommerce,2,K,5,1,2-K-5-1-16,2-K-5-1-16,PICK,FALSE,888
16205,Ecommerce,2,K,5,1,2-K-5-1-17,2-K-5-1-17,PICK,FALSE,888
16206,Ecommerce,2,K,5,1,2-K-5-1-18,2-K-5-1-18,PICK,FALSE,888
8133,Ecommerce,2,J,4,0,2-J-4-0,2-J-4-0,PICK,FALSE,889
16207,Ecommerce,2,J,4,0,2-J-4-0-1,2-J-4-0-1,PICK,FALSE,889
16208,Ecommerce,2,J,4,0,2-J-4-0-2,2-J-4-0-2,PICK,FALSE,889
16209,Ecommerce,2,J,4,0,2-J-4-0-3,2-J-4-0-3,PICK,FALSE,889
16210,Ecommerce,2,J,4,0,2-J-4-0-4,2-J-4-0-4,PICK,FALSE,889
16211,Ecommerce,2,J,4,0,2-J-4-0-5,2-J-4-0-5,PICK,FALSE,889
16212,Ecommerce,2,J,4,0,2-J-4-0-6,2-J-4-0-6,PICK,FALSE,889
16213,Ecommerce,2,J,4,0,2-J-4-0-7,2-J-4-0-7,PICK,FALSE,889
16214,Ecommerce,2,J,4,0,2-J-4-0-8,2-J-4-0-8,PICK,FALSE,889
16215,Ecommerce,2,J,4,0,2-J-4-0-9,2-J-4-0-9,PICK,FALSE,889
16216,Ecommerce,2,J,4,0,2-J-4-0-10,2-J-4-0-10,PICK,FALSE,889
16217,Ecommerce,2,J,4,0,2-J-4-0-11,2-J-4-0-11,PICK,FALSE,889
16218,Ecommerce,2,J,4,0,2-J-4-0-12,2-J-4-0-12,PICK,FALSE,889
16219,Ecommerce,2,J,4,0,2-J-4-0-13,2-J-4-0-13,PICK,FALSE,889
16220,Ecommerce,2,J,4,0,2-J-4-0-14,2-J-4-0-14,PICK,FALSE,889
16221,Ecommerce,2,J,4,0,2-J-4-0-15,2-J-4-0-15,PICK,FALSE,889
16222,Ecommerce,2,J,4,0,2-J-4-0-16,2-J-4-0-16,PICK,FALSE,889
16223,Ecommerce,2,J,4,0,2-J-4-0-17,2-J-4-0-17,PICK,FALSE,889
16224,Ecommerce,2,J,4,0,2-J-4-0-18,2-J-4-0-18,PICK,FALSE,889
8134,Ecommerce,2,J,4,1,2-J-4-1,2-J-4-1,PICK,FALSE,890
16225,Ecommerce,2,J,4,1,2-J-4-1-1,2-J-4-1-1,PICK,FALSE,890
16226,Ecommerce,2,J,4,1,2-J-4-1-2,2-J-4-1-2,PICK,FALSE,890
16227,Ecommerce,2,J,4,1,2-J-4-1-3,2-J-4-1-3,PICK,FALSE,890
16228,Ecommerce,2,J,4,1,2-J-4-1-4,2-J-4-1-4,PICK,FALSE,890
16229,Ecommerce,2,J,4,1,2-J-4-1-5,2-J-4-1-5,PICK,FALSE,890
16230,Ecommerce,2,J,4,1,2-J-4-1-6,2-J-4-1-6,PICK,FALSE,890
16231,Ecommerce,2,J,4,1,2-J-4-1-7,2-J-4-1-7,PICK,FALSE,890
16232,Ecommerce,2,J,4,1,2-J-4-1-8,2-J-4-1-8,PICK,FALSE,890
16233,Ecommerce,2,J,4,1,2-J-4-1-9,2-J-4-1-9,PICK,FALSE,890
16234,Ecommerce,2,J,4,1,2-J-4-1-10,2-J-4-1-10,PICK,FALSE,890
16235,Ecommerce,2,J,4,1,2-J-4-1-11,2-J-4-1-11,PICK,FALSE,890
16236,Ecommerce,2,J,4,1,2-J-4-1-12,2-J-4-1-12,PICK,FALSE,890
16237,Ecommerce,2,J,4,1,2-J-4-1-13,2-J-4-1-13,PICK,FALSE,890
16238,Ecommerce,2,J,4,1,2-J-4-1-14,2-J-4-1-14,PICK,FALSE,890
16239,Ecommerce,2,J,4,1,2-J-4-1-15,2-J-4-1-15,PICK,FALSE,890
16240,Ecommerce,2,J,4,1,2-J-4-1-16,2-J-4-1-16,PICK,FALSE,890
16241,Ecommerce,2,J,4,1,2-J-4-1-17,2-J-4-1-17,PICK,FALSE,890
16242,Ecommerce,2,J,4,1,2-J-4-1-18,2-J-4-1-18,PICK,FALSE,890
10542,Ecommerce,2,K,4,0,2-K-4-0,2-K-4-0,PICK,FALSE,891
16243,Ecommerce,2,K,4,1,2-K-4-1-1,2-K-4-1-1,PICK,FALSE,892
16244,Ecommerce,2,K,4,1,2-K-4-1-2,2-K-4-1-2,PICK,FALSE,892
16245,Ecommerce,2,K,4,1,2-K-4-1-3,2-K-4-1-3,PICK,FALSE,892
16246,Ecommerce,2,K,4,1,2-K-4-1-4,2-K-4-1-4,PICK,FALSE,892
16247,Ecommerce,2,K,4,1,2-K-4-1-5,2-K-4-1-5,PICK,FALSE,892
16248,Ecommerce,2,K,4,1,2-K-4-1-6,2-K-4-1-6,PICK,FALSE,892
16249,Ecommerce,2,K,4,1,2-K-4-1-7,2-K-4-1-7,PICK,FALSE,892
16250,Ecommerce,2,K,4,1,2-K-4-1-8,2-K-4-1-8,PICK,FALSE,892
16251,Ecommerce,2,K,4,1,2-K-4-1-9,2-K-4-1-9,PICK,FALSE,892
16252,Ecommerce,2,K,4,1,2-K-4-1-10,2-K-4-1-10,PICK,FALSE,892
16253,Ecommerce,2,K,4,1,2-K-4-1-11,2-K-4-1-11,PICK,FALSE,892
16254,Ecommerce,2,K,4,1,2-K-4-1-12,2-K-4-1-12,PICK,FALSE,892
16255,Ecommerce,2,K,4,1,2-K-4-1-13,2-K-4-1-13,PICK,FALSE,892
16256,Ecommerce,2,K,4,1,2-K-4-1-14,2-K-4-1-14,PICK,FALSE,892
16257,Ecommerce,2,K,4,1,2-K-4-1-15,2-K-4-1-15,PICK,FALSE,892
16258,Ecommerce,2,K,4,1,2-K-4-1-16,2-K-4-1-16,PICK,FALSE,892
16259,Ecommerce,2,K,4,1,2-K-4-1-17,2-K-4-1-17,PICK,FALSE,892
16260,Ecommerce,2,K,4,1,2-K-4-1-18,2-K-4-1-18,PICK,FALSE,892
10541,Ecommerce,2,K,4,1,2-K-4-1,2-K-4-1,PICK,FALSE,892
8130,Ecommerce,2,J,3,0,2-J-3-0,2-J-3-0,PICK,FALSE,893
11148,Ecommerce,2,J,3,0,2-J-3-0-1,2-J-3-0-1,PICK,FALSE,893
11149,Ecommerce,2,J,3,0,2-J-3-0-2,2-J-3-0-2,PICK,FALSE,893
11150,Ecommerce,2,J,3,0,2-J-3-0-3,2-J-3-0-3,PICK,FALSE,893
11151,Ecommerce,2,J,3,0,2-J-3-0-4,2-J-3-0-4,PICK,FALSE,893
11152,Ecommerce,2,J,3,0,2-J-3-0-5,2-J-3-0-5,PICK,FALSE,893
11153,Ecommerce,2,J,3,0,2-J-3-0-6,2-J-3-0-6,PICK,FALSE,893
11154,Ecommerce,2,J,3,0,2-J-3-0-7,2-J-3-0-7,PICK,FALSE,893
11155,Ecommerce,2,J,3,0,2-J-3-0-8,2-J-3-0-8,PICK,FALSE,893
11156,Ecommerce,2,J,3,0,2-J-3-0-9,2-J-3-0-9,PICK,FALSE,893
11157,Ecommerce,2,J,3,0,2-J-3-0-10,2-J-3-0-10,PICK,FALSE,893
11158,Ecommerce,2,J,3,0,2-J-3-0-11,2-J-3-0-11,PICK,FALSE,893
11159,Ecommerce,2,J,3,0,2-J-3-0-12,2-J-3-0-12,PICK,FALSE,893
11160,Ecommerce,2,J,3,0,2-J-3-0-13,2-J-3-0-13,PICK,FALSE,893
11161,Ecommerce,2,J,3,0,2-J-3-0-14,2-J-3-0-14,PICK,FALSE,893
11162,Ecommerce,2,J,3,0,2-J-3-0-15,2-J-3-0-15,PICK,FALSE,893
11163,Ecommerce,2,J,3,0,2-J-3-0-16,2-J-3-0-16,PICK,FALSE,893
11164,Ecommerce,2,J,3,0,2-J-3-0-17,2-J-3-0-17,PICK,FALSE,893
11165,Ecommerce,2,J,3,0,2-J-3-0-18,2-J-3-0-18,PICK,FALSE,893
8131,Ecommerce,2,J,3,1,2-J-3-1,2-J-3-1,PICK,FALSE,894
11166,Ecommerce,2,J,3,1,2-J-3-1-1,2-J-3-1-1,PICK,FALSE,894
11167,Ecommerce,2,J,3,1,2-J-3-1-2,2-J-3-1-2,PICK,FALSE,894
11168,Ecommerce,2,J,3,1,2-J-3-1-3,2-J-3-1-3,PICK,FALSE,894
11169,Ecommerce,2,J,3,1,2-J-3-1-4,2-J-3-1-4,PICK,FALSE,894
11170,Ecommerce,2,J,3,1,2-J-3-1-5,2-J-3-1-5,PICK,FALSE,894
11171,Ecommerce,2,J,3,1,2-J-3-1-6,2-J-3-1-6,PICK,FALSE,894
11172,Ecommerce,2,J,3,1,2-J-3-1-7,2-J-3-1-7,PICK,FALSE,894
11173,Ecommerce,2,J,3,1,2-J-3-1-8,2-J-3-1-8,PICK,FALSE,894
11174,Ecommerce,2,J,3,1,2-J-3-1-9,2-J-3-1-9,PICK,FALSE,894
11175,Ecommerce,2,J,3,1,2-J-3-1-10,2-J-3-1-10,PICK,FALSE,894
11176,Ecommerce,2,J,3,1,2-J-3-1-11,2-J-3-1-11,PICK,FALSE,894
11177,Ecommerce,2,J,3,1,2-J-3-1-12,2-J-3-1-12,PICK,FALSE,894
11178,Ecommerce,2,J,3,1,2-J-3-1-13,2-J-3-1-13,PICK,FALSE,894
11179,Ecommerce,2,J,3,1,2-J-3-1-14,2-J-3-1-14,PICK,FALSE,894
11180,Ecommerce,2,J,3,1,2-J-3-1-15,2-J-3-1-15,PICK,FALSE,894
11181,Ecommerce,2,J,3,1,2-J-3-1-16,2-J-3-1-16,PICK,FALSE,894
11182,Ecommerce,2,J,3,1,2-J-3-1-17,2-J-3-1-17,PICK,FALSE,894
11183,Ecommerce,2,J,3,1,2-J-3-1-18,2-J-3-1-18,PICK,FALSE,894
10540,Ecommerce,2,K,3,0,2-K-3-0,2-K-3-0,PICK,FALSE,895
16261,Ecommerce,2,K,3,0,2-K-3-0-1,2-K-3-0-1,PICK,FALSE,895
16262,Ecommerce,2,K,3,0,2-K-3-0-2,2-K-3-0-2,PICK,FALSE,895
16263,Ecommerce,2,K,3,0,2-K-3-0-3,2-K-3-0-3,PICK,FALSE,895
16264,Ecommerce,2,K,3,0,2-K-3-0-4,2-K-3-0-4,PICK,FALSE,895
16265,Ecommerce,2,K,3,0,2-K-3-0-5,2-K-3-0-5,PICK,FALSE,895
16266,Ecommerce,2,K,3,0,2-K-3-0-6,2-K-3-0-6,PICK,FALSE,895
16267,Ecommerce,2,K,3,0,2-K-3-0-7,2-K-3-0-7,PICK,FALSE,895
16268,Ecommerce,2,K,3,0,2-K-3-0-8,2-K-3-0-8,PICK,FALSE,895
16269,Ecommerce,2,K,3,0,2-K-3-0-9,2-K-3-0-9,PICK,FALSE,895
16270,Ecommerce,2,K,3,0,2-K-3-0-10,2-K-3-0-10,PICK,FALSE,895
16271,Ecommerce,2,K,3,0,2-K-3-0-11,2-K-3-0-11,PICK,FALSE,895
16272,Ecommerce,2,K,3,0,2-K-3-0-12,2-K-3-0-12,PICK,FALSE,895
16273,Ecommerce,2,K,3,0,2-K-3-0-13,2-K-3-0-13,PICK,FALSE,895
16274,Ecommerce,2,K,3,0,2-K-3-0-14,2-K-3-0-14,PICK,FALSE,895
16275,Ecommerce,2,K,3,0,2-K-3-0-15,2-K-3-0-15,PICK,FALSE,895
16276,Ecommerce,2,K,3,0,2-K-3-0-16,2-K-3-0-16,PICK,FALSE,895
16277,Ecommerce,2,K,3,0,2-K-3-0-17,2-K-3-0-17,PICK,FALSE,895
16278,Ecommerce,2,K,3,0,2-K-3-0-18,2-K-3-0-18,PICK,FALSE,895
10539,Ecommerce,2,K,3,1,2-K-3-1,2-K-3-1,PICK,FALSE,896
16279,Ecommerce,2,K,3,1,2-K-3-1-1,2-K-3-1-1,PICK,FALSE,896
16280,Ecommerce,2,K,3,1,2-K-3-1-2,2-K-3-1-2,PICK,FALSE,896
16281,Ecommerce,2,K,3,1,2-K-3-1-3,2-K-3-1-3,PICK,FALSE,896
16282,Ecommerce,2,K,3,1,2-K-3-1-4,2-K-3-1-4,PICK,FALSE,896
16283,Ecommerce,2,K,3,1,2-K-3-1-5,2-K-3-1-5,PICK,FALSE,896
16284,Ecommerce,2,K,3,1,2-K-3-1-6,2-K-3-1-6,PICK,FALSE,896
16285,Ecommerce,2,K,3,1,2-K-3-1-7,2-K-3-1-7,PICK,FALSE,896
16286,Ecommerce,2,K,3,1,2-K-3-1-8,2-K-3-1-8,PICK,FALSE,896
16287,Ecommerce,2,K,3,1,2-K-3-1-9,2-K-3-1-9,PICK,FALSE,896
16288,Ecommerce,2,K,3,1,2-K-3-1-10,2-K-3-1-10,PICK,FALSE,896
16289,Ecommerce,2,K,3,1,2-K-3-1-11,2-K-3-1-11,PICK,FALSE,896
16290,Ecommerce,2,K,3,1,2-K-3-1-12,2-K-3-1-12,PICK,FALSE,896
16291,Ecommerce,2,K,3,1,2-K-3-1-13,2-K-3-1-13,PICK,FALSE,896
16292,Ecommerce,2,K,3,1,2-K-3-1-14,2-K-3-1-14,PICK,FALSE,896
16293,Ecommerce,2,K,3,1,2-K-3-1-15,2-K-3-1-15,PICK,FALSE,896
16294,Ecommerce,2,K,3,1,2-K-3-1-16,2-K-3-1-16,PICK,FALSE,896
16295,Ecommerce,2,K,3,1,2-K-3-1-17,2-K-3-1-17,PICK,FALSE,896
16296,Ecommerce,2,K,3,1,2-K-3-1-18,2-K-3-1-18,PICK,FALSE,896
11220,Ecommerce,2,J,2,0,2-J-2-0-1,2-J-2-0-1,PICK,FALSE,897
11221,Ecommerce,2,J,2,0,2-J-2-0-2,2-J-2-0-2,PICK,FALSE,897
11222,Ecommerce,2,J,2,0,2-J-2-0-3,2-J-2-0-3,PICK,FALSE,897
11223,Ecommerce,2,J,2,0,2-J-2-0-4,2-J-2-0-4,PICK,FALSE,897
11224,Ecommerce,2,J,2,0,2-J-2-0-5,2-J-2-0-5,PICK,FALSE,897
11225,Ecommerce,2,J,2,0,2-J-2-0-6,2-J-2-0-6,PICK,FALSE,897
11226,Ecommerce,2,J,2,0,2-J-2-0-7,2-J-2-0-7,PICK,FALSE,897
11227,Ecommerce,2,J,2,0,2-J-2-0-8,2-J-2-0-8,PICK,FALSE,897
11228,Ecommerce,2,J,2,0,2-J-2-0-9,2-J-2-0-9,PICK,FALSE,897
11229,Ecommerce,2,J,2,0,2-J-2-0-10,2-J-2-0-10,PICK,FALSE,897
11230,Ecommerce,2,J,2,0,2-J-2-0-11,2-J-2-0-11,PICK,FALSE,897
11231,Ecommerce,2,J,2,0,2-J-2-0-12,2-J-2-0-12,PICK,FALSE,897
11232,Ecommerce,2,J,2,0,2-J-2-0-13,2-J-2-0-13,PICK,FALSE,897
11233,Ecommerce,2,J,2,0,2-J-2-0-14,2-J-2-0-14,PICK,FALSE,897
11234,Ecommerce,2,J,2,0,2-J-2-0-15,2-J-2-0-15,PICK,FALSE,897
11235,Ecommerce,2,J,2,0,2-J-2-0-16,2-J-2-0-16,PICK,FALSE,897
11236,Ecommerce,2,J,2,0,2-J-2-0-17,2-J-2-0-17,PICK,FALSE,897
11237,Ecommerce,2,J,2,0,2-J-2-0-18,2-J-2-0-18,PICK,FALSE,897
8127,Ecommerce,2,J,2,0,2-J-2-0,2-J-2-0,PICK,FALSE,897
8128,Ecommerce,2,J,2,1,2-J-2-1,2-J-2-1,PICK,FALSE,898
11238,Ecommerce,2,J,2,1,2-J-2-1-1,2-J-2-1-1,PICK,FALSE,898
11239,Ecommerce,2,J,2,1,2-J-2-1-2,2-J-2-1-2,PICK,FALSE,898
11240,Ecommerce,2,J,2,1,2-J-2-1-3,2-J-2-1-3,PICK,FALSE,898
11241,Ecommerce,2,J,2,1,2-J-2-1-4,2-J-2-1-4,PICK,FALSE,898
11242,Ecommerce,2,J,2,1,2-J-2-1-5,2-J-2-1-5,PICK,FALSE,898
11243,Ecommerce,2,J,2,1,2-J-2-1-6,2-J-2-1-6,PICK,FALSE,898
11244,Ecommerce,2,J,2,1,2-J-2-1-7,2-J-2-1-7,PICK,FALSE,898
11245,Ecommerce,2,J,2,1,2-J-2-1-8,2-J-2-1-8,PICK,FALSE,898
11246,Ecommerce,2,J,2,1,2-J-2-1-9,2-J-2-1-9,PICK,FALSE,898
11247,Ecommerce,2,J,2,1,2-J-2-1-10,2-J-2-1-10,PICK,FALSE,898
11248,Ecommerce,2,J,2,1,2-J-2-1-11,2-J-2-1-11,PICK,FALSE,898
11249,Ecommerce,2,J,2,1,2-J-2-1-12,2-J-2-1-12,PICK,FALSE,898
11250,Ecommerce,2,J,2,1,2-J-2-1-13,2-J-2-1-13,PICK,FALSE,898
11251,Ecommerce,2,J,2,1,2-J-2-1-14,2-J-2-1-14,PICK,FALSE,898
11252,Ecommerce,2,J,2,1,2-J-2-1-15,2-J-2-1-15,PICK,FALSE,898
11253,Ecommerce,2,J,2,1,2-J-2-1-16,2-J-2-1-16,PICK,FALSE,898
11254,Ecommerce,2,J,2,1,2-J-2-1-17,2-J-2-1-17,PICK,FALSE,898
11255,Ecommerce,2,J,2,1,2-J-2-1-18,2-J-2-1-18,PICK,FALSE,898
9213,Ecommerce,2,K,2,0,2-K-2-0-1,2-K-2-0-1,PICK,FALSE,899
9214,Ecommerce,2,K,2,0,2-K-2-0-2,2-K-2-0-2,PICK,FALSE,899
9215,Ecommerce,2,K,2,0,2-K-2-0-3,2-K-2-0-3,PICK,FALSE,899
9216,Ecommerce,2,K,2,0,2-K-2-0-4,2-K-2-0-4,PICK,FALSE,899
9217,Ecommerce,2,K,2,0,2-K-2-0-5,2-K-2-0-5,PICK,FALSE,899
9218,Ecommerce,2,K,2,0,2-K-2-0-6,2-K-2-0-6,PICK,FALSE,899
9219,Ecommerce,2,K,2,0,2-K-2-0-7,2-K-2-0-7,PICK,FALSE,899
9220,Ecommerce,2,K,2,0,2-K-2-0-8,2-K-2-0-8,PICK,FALSE,899
9221,Ecommerce,2,K,2,0,2-K-2-0-9,2-K-2-0-9,PICK,FALSE,899
9222,Ecommerce,2,K,2,0,2-K-2-0-10,2-K-2-0-10,PICK,FALSE,899
9223,Ecommerce,2,K,2,0,2-K-2-0-11,2-K-2-0-11,PICK,FALSE,899
9224,Ecommerce,2,K,2,0,2-K-2-0-12,2-K-2-0-12,PICK,FALSE,899
9225,Ecommerce,2,K,2,0,2-K-2-0-13,2-K-2-0-13,PICK,FALSE,899
9226,Ecommerce,2,K,2,0,2-K-2-0-14,2-K-2-0-14,PICK,FALSE,899
9227,Ecommerce,2,K,2,0,2-K-2-0-15,2-K-2-0-15,PICK,FALSE,899
9228,Ecommerce,2,K,2,0,2-K-2-0-16,2-K-2-0-16,PICK,FALSE,899
9229,Ecommerce,2,K,2,0,2-K-2-0-17,2-K-2-0-17,PICK,FALSE,899
9230,Ecommerce,2,K,2,0,2-K-2-0-18,2-K-2-0-18,PICK,FALSE,899
10538,Ecommerce,2,K,2,0,2-K-2-0,2-K-2-0,PICK,FALSE,899
10537,Ecommerce,2,K,2,1,2-K-2-1,2-K-2-1,PICK,FALSE,900
9231,Ecommerce,2,K,2,1,2-K-2-1-1,2-K-2-1-1,PICK,FALSE,900
9232,Ecommerce,2,K,2,1,2-K-2-1-2,2-K-2-1-2,PICK,FALSE,900
9233,Ecommerce,2,K,2,1,2-K-2-1-3,2-K-2-1-3,PICK,FALSE,900
9234,Ecommerce,2,K,2,1,2-K-2-1-4,2-K-2-1-4,PICK,FALSE,900
9235,Ecommerce,2,K,2,1,2-K-2-1-5,2-K-2-1-5,PICK,FALSE,900
9236,Ecommerce,2,K,2,1,2-K-2-1-6,2-K-2-1-6,PICK,FALSE,900
9237,Ecommerce,2,K,2,1,2-K-2-1-7,2-K-2-1-7,PICK,FALSE,900
9238,Ecommerce,2,K,2,1,2-K-2-1-8,2-K-2-1-8,PICK,FALSE,900
9239,Ecommerce,2,K,2,1,2-K-2-1-9,2-K-2-1-9,PICK,FALSE,900
9240,Ecommerce,2,K,2,1,2-K-2-1-10,2-K-2-1-10,PICK,FALSE,900
9241,Ecommerce,2,K,2,1,2-K-2-1-11,2-K-2-1-11,PICK,FALSE,900
9242,Ecommerce,2,K,2,1,2-K-2-1-12,2-K-2-1-12,PICK,FALSE,900
9243,Ecommerce,2,K,2,1,2-K-2-1-13,2-K-2-1-13,PICK,FALSE,900
9244,Ecommerce,2,K,2,1,2-K-2-1-14,2-K-2-1-14,PICK,FALSE,900
9245,Ecommerce,2,K,2,1,2-K-2-1-15,2-K-2-1-15,PICK,FALSE,900
9246,Ecommerce,2,K,2,1,2-K-2-1-16,2-K-2-1-16,PICK,FALSE,900
9247,Ecommerce,2,K,2,1,2-K-2-1-17,2-K-2-1-17,PICK,FALSE,900
9248,Ecommerce,2,K,2,1,2-K-2-1-18,2-K-2-1-18,PICK,FALSE,900
8124,Ecommerce,2,J,1,0,2-J-1-0,2-J-1-0,PICK,FALSE,901
11256,Ecommerce,2,J,1,0,2-J-1-0-1,2-J-1-0-1,PICK,FALSE,901
11257,Ecommerce,2,J,1,0,2-J-1-0-2,2-J-1-0-2,PICK,FALSE,901
11258,Ecommerce,2,J,1,0,2-J-1-0-3,2-J-1-0-3,PICK,FALSE,901
11259,Ecommerce,2,J,1,0,2-J-1-0-4,2-J-1-0-4,PICK,FALSE,901
11260,Ecommerce,2,J,1,0,2-J-1-0-5,2-J-1-0-5,PICK,FALSE,901
11261,Ecommerce,2,J,1,0,2-J-1-0-6,2-J-1-0-6,PICK,FALSE,901
11262,Ecommerce,2,J,1,0,2-J-1-0-7,2-J-1-0-7,PICK,FALSE,901
11263,Ecommerce,2,J,1,0,2-J-1-0-8,2-J-1-0-8,PICK,FALSE,901
11264,Ecommerce,2,J,1,0,2-J-1-0-9,2-J-1-0-9,PICK,FALSE,901
11265,Ecommerce,2,J,1,0,2-J-1-0-10,2-J-1-0-10,PICK,FALSE,901
11266,Ecommerce,2,J,1,0,2-J-1-0-11,2-J-1-0-11,PICK,FALSE,901
11267,Ecommerce,2,J,1,0,2-J-1-0-12,2-J-1-0-12,PICK,FALSE,901
11268,Ecommerce,2,J,1,0,2-J-1-0-13,2-J-1-0-13,PICK,FALSE,901
11269,Ecommerce,2,J,1,0,2-J-1-0-14,2-J-1-0-14,PICK,FALSE,901
11270,Ecommerce,2,J,1,0,2-J-1-0-15,2-J-1-0-15,PICK,FALSE,901
11271,Ecommerce,2,J,1,0,2-J-1-0-16,2-J-1-0-16,PICK,FALSE,901
11272,Ecommerce,2,J,1,0,2-J-1-0-17,2-J-1-0-17,PICK,FALSE,901
11273,Ecommerce,2,J,1,0,2-J-1-0-18,2-J-1-0-18,PICK,FALSE,901
8125,Ecommerce,2,J,1,1,2-J-1-1,2-J-1-1,PICK,FALSE,902
11274,Ecommerce,2,J,1,1,2-J-1-1-1,2-J-1-1-1,PICK,FALSE,902
11275,Ecommerce,2,J,1,1,2-J-1-1-2,2-J-1-1-2,PICK,FALSE,902
11276,Ecommerce,2,J,1,1,2-J-1-1-3,2-J-1-1-3,PICK,FALSE,902
11277,Ecommerce,2,J,1,1,2-J-1-1-4,2-J-1-1-4,PICK,FALSE,902
11278,Ecommerce,2,J,1,1,2-J-1-1-5,2-J-1-1-5,PICK,FALSE,902
11279,Ecommerce,2,J,1,1,2-J-1-1-6,2-J-1-1-6,PICK,FALSE,902
11280,Ecommerce,2,J,1,1,2-J-1-1-7,2-J-1-1-7,PICK,FALSE,902
11281,Ecommerce,2,J,1,1,2-J-1-1-8,2-J-1-1-8,PICK,FALSE,902
11282,Ecommerce,2,J,1,1,2-J-1-1-9,2-J-1-1-9,PICK,FALSE,902
11283,Ecommerce,2,J,1,1,2-J-1-1-10,2-J-1-1-10,PICK,FALSE,902
11284,Ecommerce,2,J,1,1,2-J-1-1-11,2-J-1-1-11,PICK,FALSE,902
11285,Ecommerce,2,J,1,1,2-J-1-1-12,2-J-1-1-12,PICK,FALSE,902
11286,Ecommerce,2,J,1,1,2-J-1-1-13,2-J-1-1-13,PICK,FALSE,902
11287,Ecommerce,2,J,1,1,2-J-1-1-14,2-J-1-1-14,PICK,FALSE,902
11288,Ecommerce,2,J,1,1,2-J-1-1-15,2-J-1-1-15,PICK,FALSE,902
11289,Ecommerce,2,J,1,1,2-J-1-1-16,2-J-1-1-16,PICK,FALSE,902
11290,Ecommerce,2,J,1,1,2-J-1-1-17,2-J-1-1-17,PICK,FALSE,902
11291,Ecommerce,2,J,1,1,2-J-1-1-18,2-J-1-1-18,PICK,FALSE,902
10536,Ecommerce,2,K,1,0,2-K-1-0,2-K-1-0,PICK,FALSE,903
9177,Ecommerce,2,K,1,0,2-K-1-0-1,2-K-1-0-1,PICK,FALSE,903
9178,Ecommerce,2,K,1,0,2-K-1-0-2,2-K-1-0-2,PICK,FALSE,903
9179,Ecommerce,2,K,1,0,2-K-1-0-3,2-K-1-0-3,PICK,FALSE,903
9180,Ecommerce,2,K,1,0,2-K-1-0-4,2-K-1-0-4,PICK,FALSE,903
9181,Ecommerce,2,K,1,0,2-K-1-0-5,2-K-1-0-5,PICK,FALSE,903
9182,Ecommerce,2,K,1,0,2-K-1-0-6,2-K-1-0-6,PICK,FALSE,903
9183,Ecommerce,2,K,1,0,2-K-1-0-7,2-K-1-0-7,PICK,FALSE,903
9184,Ecommerce,2,K,1,0,2-K-1-0-8,2-K-1-0-8,PICK,FALSE,903
9185,Ecommerce,2,K,1,0,2-K-1-0-9,2-K-1-0-9,PICK,FALSE,903
9186,Ecommerce,2,K,1,0,2-K-1-0-10,2-K-1-0-10,PICK,FALSE,903
9187,Ecommerce,2,K,1,0,2-K-1-0-11,2-K-1-0-11,PICK,FALSE,903
9188,Ecommerce,2,K,1,0,2-K-1-0-12,2-K-1-0-12,PICK,FALSE,903
9189,Ecommerce,2,K,1,0,2-K-1-0-13,2-K-1-0-13,PICK,FALSE,903
9190,Ecommerce,2,K,1,0,2-K-1-0-14,2-K-1-0-14,PICK,FALSE,903
9191,Ecommerce,2,K,1,0,2-K-1-0-15,2-K-1-0-15,PICK,FALSE,903
9192,Ecommerce,2,K,1,0,2-K-1-0-16,2-K-1-0-16,PICK,FALSE,903
9193,Ecommerce,2,K,1,0,2-K-1-0-17,2-K-1-0-17,PICK,FALSE,903
9194,Ecommerce,2,K,1,0,2-K-1-0-18,2-K-1-0-18,PICK,FALSE,903
10535,Ecommerce,2,K,1,1,2-K-1-1,2-K-1-1,PICK,FALSE,904
9195,Ecommerce,2,I,10,1,2-K-1-1-1,2-K-1-1-1,PICK,FALSE,904
9196,Ecommerce,2,I,10,1,2-K-1-1-2,2-K-1-1-2,PICK,FALSE,904
9197,Ecommerce,2,I,10,1,2-K-1-1-3,2-K-1-1-3,PICK,FALSE,904
9198,Ecommerce,2,I,10,1,2-K-1-1-4,2-K-1-1-4,PICK,FALSE,904
9199,Ecommerce,2,I,10,1,2-K-1-1-5,2-K-1-1-5,PICK,FALSE,904
9200,Ecommerce,2,I,10,1,2-K-1-1-6,2-K-1-1-6,PICK,FALSE,904
9201,Ecommerce,2,I,10,1,2-K-1-1-7,2-K-1-1-7,PICK,FALSE,904
9202,Ecommerce,2,I,10,1,2-K-1-1-8,2-K-1-1-8,PICK,FALSE,904
9203,Ecommerce,2,I,10,1,2-K-1-1-9,2-K-1-1-9,PICK,FALSE,904
9204,Ecommerce,2,I,10,1,2-K-1-1-10,2-K-1-1-10,PICK,FALSE,904
9205,Ecommerce,2,I,10,1,2-K-1-1-11,2-K-1-1-11,PICK,FALSE,904
9206,Ecommerce,2,I,10,1,2-K-1-1-12,2-K-1-1-12,PICK,FALSE,904
9207,Ecommerce,2,I,10,1,2-K-1-1-13,2-K-1-1-13,PICK,FALSE,904
9208,Ecommerce,2,I,10,1,2-K-1-1-14,2-K-1-1-14,PICK,FALSE,904
9209,Ecommerce,2,I,10,1,2-K-1-1-15,2-K-1-1-15,PICK,FALSE,904
9210,Ecommerce,2,I,10,1,2-K-1-1-16,2-K-1-1-16,PICK,FALSE,904
9211,Ecommerce,2,I,10,1,2-K-1-1-17,2-K-1-1-17,PICK,FALSE,904
9212,Ecommerce,2,I,10,1,2-K-1-1-18,2-K-1-1-18,PICK,FALSE,904
16297,Ecommerce,2,I,10,0,2-L-1-0-1,2-L-1-0-1,PICK,FALSE,905
16298,Ecommerce,2,I,10,0,2-L-1-0-2,2-L-1-0-2,PICK,FALSE,905
16299,Ecommerce,2,I,10,0,2-L-1-0-3,2-L-1-0-3,PICK,FALSE,905
16300,Ecommerce,2,I,10,0,2-L-1-0-4,2-L-1-0-4,PICK,FALSE,905
16301,Ecommerce,2,I,10,0,2-L-1-0-5,2-L-1-0-5,PICK,FALSE,905
16302,Ecommerce,2,I,10,0,2-L-1-0-6,2-L-1-0-6,PICK,FALSE,905
16303,Ecommerce,2,I,10,0,2-L-1-0-7,2-L-1-0-7,PICK,FALSE,905
16304,Ecommerce,2,I,10,0,2-L-1-0-8,2-L-1-0-8,PICK,FALSE,905
16305,Ecommerce,2,I,10,0,2-L-1-0-9,2-L-1-0-9,PICK,FALSE,905
16306,Ecommerce,2,I,10,0,2-L-1-0-10,2-L-1-0-10,PICK,FALSE,905
16307,Ecommerce,2,I,10,0,2-L-1-0-11,2-L-1-0-11,PICK,FALSE,905
16308,Ecommerce,2,I,10,0,2-L-1-0-12,2-L-1-0-12,PICK,FALSE,905
16309,Ecommerce,2,I,10,0,2-L-1-0-13,2-L-1-0-13,PICK,FALSE,905
16310,Ecommerce,2,I,10,0,2-L-1-0-14,2-L-1-0-14,PICK,FALSE,905
16311,Ecommerce,2,I,10,0,2-L-1-0-15,2-L-1-0-15,PICK,FALSE,905
16312,Ecommerce,2,I,10,0,2-L-1-0-16,2-L-1-0-16,PICK,FALSE,905
16313,Ecommerce,2,I,10,0,2-L-1-0-17,2-L-1-0-17,PICK,FALSE,905
16314,Ecommerce,2,I,10,0,2-L-1-0-18,2-L-1-0-18,PICK,FALSE,905
10534,Ecommerce,2,L,1,0,2-L-1-0,2-L-1-0,PICK,FALSE,905
10533,Ecommerce,2,L,1,1,2-L-1-1,2-L-1-1,PICK,FALSE,906
16315,Ecommerce,2,I,10,1,2-L-1-1-1,2-L-1-1-1,PICK,FALSE,906
16316,Ecommerce,2,I,10,1,2-L-1-1-2,2-L-1-1-2,PICK,FALSE,906
16317,Ecommerce,2,I,10,1,2-L-1-1-3,2-L-1-1-3,PICK,FALSE,906
16318,Ecommerce,2,I,10,1,2-L-1-1-4,2-L-1-1-4,PICK,FALSE,906
16319,Ecommerce,2,I,10,1,2-L-1-1-5,2-L-1-1-5,PICK,FALSE,906
16320,Ecommerce,2,I,10,1,2-L-1-1-6,2-L-1-1-6,PICK,FALSE,906
16321,Ecommerce,2,I,10,1,2-L-1-1-7,2-L-1-1-7,PICK,FALSE,906
16322,Ecommerce,2,I,10,1,2-L-1-1-8,2-L-1-1-8,PICK,FALSE,906
16323,Ecommerce,2,I,10,1,2-L-1-1-9,2-L-1-1-9,PICK,FALSE,906
16324,Ecommerce,2,I,10,1,2-L-1-1-10,2-L-1-1-10,PICK,FALSE,906
16325,Ecommerce,2,I,10,1,2-L-1-1-11,2-L-1-1-11,PICK,FALSE,906
16326,Ecommerce,2,I,10,1,2-L-1-1-12,2-L-1-1-12,PICK,FALSE,906
16327,Ecommerce,2,I,10,1,2-L-1-1-13,2-L-1-1-13,PICK,FALSE,906
16328,Ecommerce,2,I,10,1,2-L-1-1-14,2-L-1-1-14,PICK,FALSE,906
16329,Ecommerce,2,I,10,1,2-L-1-1-15,2-L-1-1-15,PICK,FALSE,906
16330,Ecommerce,2,I,10,1,2-L-1-1-16,2-L-1-1-16,PICK,FALSE,906
16331,Ecommerce,2,I,10,1,2-L-1-1-17,2-L-1-1-17,PICK,FALSE,906
16332,Ecommerce,2,I,10,1,2-L-1-1-18,2-L-1-1-18,PICK,FALSE,906
16333,Ecommerce,2,M,1,0,2-M-1-0-1,2-M-1-0-1,PICK,FALSE,907
16334,Ecommerce,2,M,1,0,2-M-1-0-2,2-M-1-0-2,PICK,FALSE,907
16335,Ecommerce,2,M,1,0,2-M-1-0-3,2-M-1-0-3,PICK,FALSE,907
16336,Ecommerce,2,M,1,0,2-M-1-0-4,2-M-1-0-4,PICK,FALSE,907
16337,Ecommerce,2,M,1,0,2-M-1-0-5,2-M-1-0-5,PICK,FALSE,907
16338,Ecommerce,2,M,1,0,2-M-1-0-6,2-M-1-0-6,PICK,FALSE,907
16339,Ecommerce,2,M,1,0,2-M-1-0-7,2-M-1-0-7,PICK,FALSE,907
16340,Ecommerce,2,M,1,0,2-M-1-0-8,2-M-1-0-8,PICK,FALSE,907
16341,Ecommerce,2,M,1,0,2-M-1-0-9,2-M-1-0-9,PICK,FALSE,907
16342,Ecommerce,2,M,1,0,2-M-1-0-10,2-M-1-0-10,PICK,FALSE,907
16343,Ecommerce,2,M,1,0,2-M-1-0-11,2-M-1-0-11,PICK,FALSE,907
16344,Ecommerce,2,M,1,0,2-M-1-0-12,2-M-1-0-12,PICK,FALSE,907
16345,Ecommerce,2,M,1,0,2-M-1-0-13,2-M-1-0-13,PICK,FALSE,907
16346,Ecommerce,2,M,1,0,2-M-1-0-14,2-M-1-0-14,PICK,FALSE,907
16347,Ecommerce,2,M,1,0,2-M-1-0-15,2-M-1-0-15,PICK,FALSE,907
16348,Ecommerce,2,M,1,0,2-M-1-0-16,2-M-1-0-16,PICK,FALSE,907
16349,Ecommerce,2,M,1,0,2-M-1-0-17,2-M-1-0-17,PICK,FALSE,907
16350,Ecommerce,2,M,1,0,2-M-1-0-18,2-M-1-0-18,PICK,FALSE,907
8367,Ecommerce,2,M,1,0,2-M-1-0,2-M-1-0,PICK,FALSE,907
8379,Ecommerce,2,M,1,1,2-M-1-1,2-M-1-1,PICK,FALSE,908
16351,Ecommerce,2,M,1,1,2-M-1-1-1,2-M-1-1-1,PICK,FALSE,908
16352,Ecommerce,2,M,1,1,2-M-1-1-2,2-M-1-1-2,PICK,FALSE,908
16353,Ecommerce,2,M,1,1,2-M-1-1-3,2-M-1-1-3,PICK,FALSE,908
16354,Ecommerce,2,M,1,1,2-M-1-1-4,2-M-1-1-4,PICK,FALSE,908
16355,Ecommerce,2,M,1,1,2-M-1-1-5,2-M-1-1-5,PICK,FALSE,908
16356,Ecommerce,2,M,1,1,2-M-1-1-6,2-M-1-1-6,PICK,FALSE,908
16357,Ecommerce,2,M,1,1,2-M-1-1-7,2-M-1-1-7,PICK,FALSE,908
16358,Ecommerce,2,M,1,1,2-M-1-1-8,2-M-1-1-8,PICK,FALSE,908
16359,Ecommerce,2,M,1,1,2-M-1-1-9,2-M-1-1-9,PICK,FALSE,908
16360,Ecommerce,2,M,1,1,2-M-1-1-10,2-M-1-1-10,PICK,FALSE,908
16361,Ecommerce,2,M,1,1,2-M-1-1-11,2-M-1-1-11,PICK,FALSE,908
16362,Ecommerce,2,M,1,1,2-M-1-1-12,2-M-1-1-12,PICK,FALSE,908
16363,Ecommerce,2,M,1,1,2-M-1-1-13,2-M-1-1-13,PICK,FALSE,908
16364,Ecommerce,2,M,1,1,2-M-1-1-14,2-M-1-1-14,PICK,FALSE,908
16365,Ecommerce,2,M,1,1,2-M-1-1-15,2-M-1-1-15,PICK,FALSE,908
16366,Ecommerce,2,M,1,1,2-M-1-1-16,2-M-1-1-16,PICK,FALSE,908
16367,Ecommerce,2,M,1,1,2-M-1-1-17,2-M-1-1-17,PICK,FALSE,908
16368,Ecommerce,2,M,1,1,2-M-1-1-18,2-M-1-1-18,PICK,FALSE,908
10532,Ecommerce,2,L,2,0,2-L-2-0,2-L-2-0,PICK,FALSE,909
9250,Ecommerce,2,L,2,0,2-L-2-0-2,2-L-2-0-2,PICK,FALSE,909
9251,Ecommerce,2,L,2,0,2-L-2-0-3,2-L-2-0-3,PICK,FALSE,909
9252,Ecommerce,2,L,2,0,2-L-2-0-4,2-L-2-0-4,PICK,FALSE,909
9253,Ecommerce,2,L,2,0,2-L-2-0-5,2-L-2-0-5,PICK,FALSE,909
9254,Ecommerce,2,L,2,0,2-L-2-0-6,2-L-2-0-6,PICK,FALSE,909
9255,Ecommerce,2,L,2,0,2-L-2-0-7,2-L-2-0-7,PICK,FALSE,909
9256,Ecommerce,2,L,2,0,2-L-2-0-8,2-L-2-0-8,PICK,FALSE,909
9257,Ecommerce,2,L,2,0,2-L-2-0-9,2-L-2-0-9,PICK,FALSE,909
16369,Ecommerce,2,L,2,0,2-L-2-0-1,2-L-2-0-1,PICK,FALSE,909
16370,Ecommerce,2,L,2,0,2-L-2-0-10,2-L-2-0-10,PICK,FALSE,909
16371,Ecommerce,2,L,2,0,2-L-2-0-11,2-L-2-0-11,PICK,FALSE,909
16372,Ecommerce,2,L,2,0,2-L-2-0-12,2-L-2-0-12,PICK,FALSE,909
16373,Ecommerce,2,L,2,0,2-L-2-0-13,2-L-2-0-13,PICK,FALSE,909
16374,Ecommerce,2,L,2,0,2-L-2-0-14,2-L-2-0-14,PICK,FALSE,909
16375,Ecommerce,2,L,2,0,2-L-2-0-15,2-L-2-0-15,PICK,FALSE,909
16376,Ecommerce,2,L,2,0,2-L-2-0-16,2-L-2-0-16,PICK,FALSE,909
16377,Ecommerce,2,L,2,0,2-L-2-0-17,2-L-2-0-17,PICK,FALSE,909
16378,Ecommerce,2,L,2,0,2-L-2-0-18,2-L-2-0-18,PICK,FALSE,909
9267,Ecommerce,2,L,2,1,2-L-2-1-1,2-L-2-1-1,PICK,FALSE,910
9268,Ecommerce,2,L,2,1,2-L-2-1-2,2-L-2-1-2,PICK,FALSE,910
9269,Ecommerce,2,L,2,1,2-L-2-1-3,2-L-2-1-3,PICK,FALSE,910
9270,Ecommerce,2,L,2,1,2-L-2-1-4,2-L-2-1-4,PICK,FALSE,910
9271,Ecommerce,2,L,2,1,2-L-2-1-5,2-L-2-1-5,PICK,FALSE,910
9272,Ecommerce,2,L,2,1,2-L-2-1-6,2-L-2-1-6,PICK,FALSE,910
9273,Ecommerce,2,L,2,1,2-L-2-1-7,2-L-2-1-7,PICK,FALSE,910
9274,Ecommerce,2,L,2,1,2-L-2-1-8,2-L-2-1-8,PICK,FALSE,910
9275,Ecommerce,2,L,2,1,2-L-2-1-9,2-L-2-1-9,PICK,FALSE,910
9276,Ecommerce,2,L,2,1,2-L-2-1-10,2-L-2-1-10,PICK,FALSE,910
9277,Ecommerce,2,L,2,1,2-L-2-1-11,2-L-2-1-11,PICK,FALSE,910
9278,Ecommerce,2,L,2,1,2-L-2-1-12,2-L-2-1-12,PICK,FALSE,910
9279,Ecommerce,2,L,2,1,2-L-2-1-13,2-L-2-1-13,PICK,FALSE,910
9280,Ecommerce,2,L,2,1,2-L-2-1-14,2-L-2-1-14,PICK,FALSE,910
9281,Ecommerce,2,L,2,1,2-L-2-1-15,2-L-2-1-15,PICK,FALSE,910
9282,Ecommerce,2,L,2,1,2-L-2-1-16,2-L-2-1-16,PICK,FALSE,910
9283,Ecommerce,2,L,2,1,2-L-2-1-17,2-L-2-1-17,PICK,FALSE,910
9284,Ecommerce,2,L,2,1,2-L-2-1-18,2-L-2-1-18,PICK,FALSE,910
10531,Ecommerce,2,L,2,1,2-L-2-1,2-L-2-1,PICK,FALSE,910
8368,Ecommerce,2,M,2,0,2-M-2-0,2-M-2-0,PICK,FALSE,911
16379,Ecommerce,2,M,2,0,2-M-2-0-1,2-M-2-0-1,PICK,FALSE,911
16380,Ecommerce,2,M,2,0,2-M-2-0-2,2-M-2-0-2,PICK,FALSE,911
16381,Ecommerce,2,M,2,0,2-M-2-0-3,2-M-2-0-3,PICK,FALSE,911
16382,Ecommerce,2,M,2,0,2-M-2-0-4,2-M-2-0-4,PICK,FALSE,911
16383,Ecommerce,2,M,2,0,2-M-2-0-5,2-M-2-0-5,PICK,FALSE,911
16384,Ecommerce,2,M,2,0,2-M-2-0-6,2-M-2-0-6,PICK,FALSE,911
16385,Ecommerce,2,M,2,0,2-M-2-0-7,2-M-2-0-7,PICK,FALSE,911
16386,Ecommerce,2,M,2,0,2-M-2-0-8,2-M-2-0-8,PICK,FALSE,911
16387,Ecommerce,2,M,2,0,2-M-2-0-9,2-M-2-0-9,PICK,FALSE,911
16388,Ecommerce,2,M,2,0,2-M-2-0-10,2-M-2-0-10,PICK,FALSE,911
16389,Ecommerce,2,M,2,0,2-M-2-0-11,2-M-2-0-11,PICK,FALSE,911
16390,Ecommerce,2,M,2,0,2-M-2-0-12,2-M-2-0-12,PICK,FALSE,911
16391,Ecommerce,2,M,2,0,2-M-2-0-13,2-M-2-0-13,PICK,FALSE,911
16392,Ecommerce,2,M,2,0,2-M-2-0-14,2-M-2-0-14,PICK,FALSE,911
16393,Ecommerce,2,M,2,0,2-M-2-0-15,2-M-2-0-15,PICK,FALSE,911
16394,Ecommerce,2,M,2,0,2-M-2-0-16,2-M-2-0-16,PICK,FALSE,911
16395,Ecommerce,2,M,2,0,2-M-2-0-17,2-M-2-0-17,PICK,FALSE,911
16396,Ecommerce,2,M,2,0,2-M-2-0-18,2-M-2-0-18,PICK,FALSE,911
16397,Ecommerce,2,M,2,1,2-M-2-1-1,2-M-2-1-1,PICK,FALSE,912
16398,Ecommerce,2,M,2,1,2-M-2-1-2,2-M-2-1-2,PICK,FALSE,912
16399,Ecommerce,2,M,2,1,2-M-2-1-3,2-M-2-1-3,PICK,FALSE,912
16400,Ecommerce,2,M,2,1,2-M-2-1-4,2-M-2-1-4,PICK,FALSE,912
16401,Ecommerce,2,M,2,1,2-M-2-1-5,2-M-2-1-5,PICK,FALSE,912
16402,Ecommerce,2,M,2,1,2-M-2-1-6,2-M-2-1-6,PICK,FALSE,912
16403,Ecommerce,2,M,2,1,2-M-2-1-7,2-M-2-1-7,PICK,FALSE,912
16404,Ecommerce,2,M,2,1,2-M-2-1-8,2-M-2-1-8,PICK,FALSE,912
16405,Ecommerce,2,M,2,1,2-M-2-1-9,2-M-2-1-9,PICK,FALSE,912
16406,Ecommerce,2,M,2,1,2-M-2-1-10,2-M-2-1-10,PICK,FALSE,912
16407,Ecommerce,2,M,2,1,2-M-2-1-11,2-M-2-1-11,PICK,FALSE,912
16408,Ecommerce,2,M,2,1,2-M-2-1-12,2-M-2-1-12,PICK,FALSE,912
16409,Ecommerce,2,M,2,1,2-M-2-1-13,2-M-2-1-13,PICK,FALSE,912
16410,Ecommerce,2,M,2,1,2-M-2-1-14,2-M-2-1-14,PICK,FALSE,912
16411,Ecommerce,2,M,2,1,2-M-2-1-15,2-M-2-1-15,PICK,FALSE,912
16412,Ecommerce,2,M,2,1,2-M-2-1-16,2-M-2-1-16,PICK,FALSE,912
16413,Ecommerce,2,M,2,1,2-M-2-1-17,2-M-2-1-17,PICK,FALSE,912
16414,Ecommerce,2,M,2,1,2-M-2-1-18,2-M-2-1-18,PICK,FALSE,912
8380,Ecommerce,2,M,2,1,2-M-2-1,2-M-2-1,PICK,FALSE,912
16415,Ecommerce,2,L,3,0,2-L-3-0-1,2-L-3-0-1,PICK,FALSE,913
16416,Ecommerce,2,L,3,0,2-L-3-0-2,2-L-3-0-2,PICK,FALSE,913
16417,Ecommerce,2,L,3,0,2-L-3-0-3,2-L-3-0-3,PICK,FALSE,913
16418,Ecommerce,2,L,3,0,2-L-3-0-4,2-L-3-0-4,PICK,FALSE,913
16419,Ecommerce,2,L,3,0,2-L-3-0-5,2-L-3-0-5,PICK,FALSE,913
16420,Ecommerce,2,L,3,0,2-L-3-0-6,2-L-3-0-6,PICK,FALSE,913
16421,Ecommerce,2,L,3,0,2-L-3-0-7,2-L-3-0-7,PICK,FALSE,913
16422,Ecommerce,2,L,3,0,2-L-3-0-8,2-L-3-0-8,PICK,FALSE,913
16423,Ecommerce,2,L,3,0,2-L-3-0-9,2-L-3-0-9,PICK,FALSE,913
16424,Ecommerce,2,L,3,0,2-L-3-0-10,2-L-3-0-10,PICK,FALSE,913
16425,Ecommerce,2,L,3,0,2-L-3-0-11,2-L-3-0-11,PICK,FALSE,913
16426,Ecommerce,2,L,3,0,2-L-3-0-12,2-L-3-0-12,PICK,FALSE,913
16427,Ecommerce,2,L,3,0,2-L-3-0-13,2-L-3-0-13,PICK,FALSE,913
16428,Ecommerce,2,L,3,0,2-L-3-0-14,2-L-3-0-14,PICK,FALSE,913
16429,Ecommerce,2,L,3,0,2-L-3-0-15,2-L-3-0-15,PICK,FALSE,913
16430,Ecommerce,2,L,3,0,2-L-3-0-16,2-L-3-0-16,PICK,FALSE,913
16431,Ecommerce,2,L,3,0,2-L-3-0-17,2-L-3-0-17,PICK,FALSE,913
16432,Ecommerce,2,L,3,0,2-L-3-0-18,2-L-3-0-18,PICK,FALSE,913
10530,Ecommerce,2,L,3,0,2-L-3-0,2-L-3-0,PICK,FALSE,913
16433,Ecommerce,2,L,3,1,2-L-3-1-1,2-L-3-1-1,PICK,FALSE,914
16434,Ecommerce,2,L,3,1,2-L-3-1-2,2-L-3-1-2,PICK,FALSE,914
16435,Ecommerce,2,L,3,1,2-L-3-1-3,2-L-3-1-3,PICK,FALSE,914
16436,Ecommerce,2,L,3,1,2-L-3-1-4,2-L-3-1-4,PICK,FALSE,914
16437,Ecommerce,2,L,3,1,2-L-3-1-5,2-L-3-1-5,PICK,FALSE,914
16438,Ecommerce,2,L,3,1,2-L-3-1-6,2-L-3-1-6,PICK,FALSE,914
16439,Ecommerce,2,L,3,1,2-L-3-1-7,2-L-3-1-7,PICK,FALSE,914
16440,Ecommerce,2,L,3,1,2-L-3-1-8,2-L-3-1-8,PICK,FALSE,914
16441,Ecommerce,2,L,3,1,2-L-3-1-9,2-L-3-1-9,PICK,FALSE,914
16442,Ecommerce,2,L,3,1,2-L-3-1-10,2-L-3-1-10,PICK,FALSE,914
16443,Ecommerce,2,L,3,1,2-L-3-1-11,2-L-3-1-11,PICK,FALSE,914
16444,Ecommerce,2,L,3,1,2-L-3-1-12,2-L-3-1-12,PICK,FALSE,914
16445,Ecommerce,2,L,3,1,2-L-3-1-13,2-L-3-1-13,PICK,FALSE,914
16446,Ecommerce,2,L,3,1,2-L-3-1-14,2-L-3-1-14,PICK,FALSE,914
16447,Ecommerce,2,L,3,1,2-L-3-1-15,2-L-3-1-15,PICK,FALSE,914
16448,Ecommerce,2,L,3,1,2-L-3-1-16,2-L-3-1-16,PICK,FALSE,914
16449,Ecommerce,2,L,3,1,2-L-3-1-17,2-L-3-1-17,PICK,FALSE,914
16450,Ecommerce,2,L,3,1,2-L-3-1-18,2-L-3-1-18,PICK,FALSE,914
10529,Ecommerce,2,L,3,1,2-L-3-1,2-L-3-1,PICK,FALSE,914
16451,Ecommerce,2,M,3,0,2-M-3-0-1,2-M-3-0-1,PICK,FALSE,915
16452,Ecommerce,2,M,3,0,2-M-3-0-2,2-M-3-0-2,PICK,FALSE,915
16453,Ecommerce,2,M,3,0,2-M-3-0-3,2-M-3-0-3,PICK,FALSE,915
16454,Ecommerce,2,M,3,0,2-M-3-0-4,2-M-3-0-4,PICK,FALSE,915
16455,Ecommerce,2,M,3,0,2-M-3-0-5,2-M-3-0-5,PICK,FALSE,915
16456,Ecommerce,2,M,3,0,2-M-3-0-6,2-M-3-0-6,PICK,FALSE,915
16457,Ecommerce,2,M,3,0,2-M-3-0-7,2-M-3-0-7,PICK,FALSE,915
16458,Ecommerce,2,M,3,0,2-M-3-0-8,2-M-3-0-8,PICK,FALSE,915
16459,Ecommerce,2,M,3,0,2-M-3-0-9,2-M-3-0-9,PICK,FALSE,915
16460,Ecommerce,2,M,3,0,2-M-3-0-10,2-M-3-0-10,PICK,FALSE,915
16461,Ecommerce,2,M,3,0,2-M-3-0-11,2-M-3-0-11,PICK,FALSE,915
16462,Ecommerce,2,M,3,0,2-M-3-0-12,2-M-3-0-12,PICK,FALSE,915
16463,Ecommerce,2,M,3,0,2-M-3-0-13,2-M-3-0-13,PICK,FALSE,915
16464,Ecommerce,2,M,3,0,2-M-3-0-14,2-M-3-0-14,PICK,FALSE,915
16465,Ecommerce,2,M,3,0,2-M-3-0-15,2-M-3-0-15,PICK,FALSE,915
16466,Ecommerce,2,M,3,0,2-M-3-0-16,2-M-3-0-16,PICK,FALSE,915
16467,Ecommerce,2,M,3,0,2-M-3-0-17,2-M-3-0-17,PICK,FALSE,915
16468,Ecommerce,2,M,3,0,2-M-3-0-18,2-M-3-0-18,PICK,FALSE,915
8369,Ecommerce,2,M,3,0,2-M-3-0,2-M-3-0,PICK,FALSE,915
8381,Ecommerce,2,M,3,1,2-M-3-1,2-M-3-1,PICK,FALSE,916
16469,Ecommerce,2,M,3,1,2-M-3-1-1,2-M-3-1-1,PICK,FALSE,916
16470,Ecommerce,2,M,3,1,2-M-3-1-2,2-M-3-1-2,PICK,FALSE,916
16471,Ecommerce,2,M,3,1,2-M-3-1-3,2-M-3-1-3,PICK,FALSE,916
16472,Ecommerce,2,M,3,1,2-M-3-1-4,2-M-3-1-4,PICK,FALSE,916
16473,Ecommerce,2,M,3,1,2-M-3-1-5,2-M-3-1-5,PICK,FALSE,916
16474,Ecommerce,2,M,3,1,2-M-3-1-6,2-M-3-1-6,PICK,FALSE,916
16475,Ecommerce,2,M,3,1,2-M-3-1-7,2-M-3-1-7,PICK,FALSE,916
16476,Ecommerce,2,M,3,1,2-M-3-1-8,2-M-3-1-8,PICK,FALSE,916
16477,Ecommerce,2,M,3,1,2-M-3-1-9,2-M-3-1-9,PICK,FALSE,916
16478,Ecommerce,2,M,3,1,2-M-3-1-10,2-M-3-1-10,PICK,FALSE,916
16479,Ecommerce,2,M,3,1,2-M-3-1-11,2-M-3-1-11,PICK,FALSE,916
16480,Ecommerce,2,M,3,1,2-M-3-1-12,2-M-3-1-12,PICK,FALSE,916
16481,Ecommerce,2,M,3,1,2-M-3-1-13,2-M-3-1-13,PICK,FALSE,916
16482,Ecommerce,2,M,3,1,2-M-3-1-14,2-M-3-1-14,PICK,FALSE,916
16483,Ecommerce,2,M,3,1,2-M-3-1-15,2-M-3-1-15,PICK,FALSE,916
16484,Ecommerce,2,M,3,1,2-M-3-1-16,2-M-3-1-16,PICK,FALSE,916
16485,Ecommerce,2,M,3,1,2-M-3-1-17,2-M-3-1-17,PICK,FALSE,916
16486,Ecommerce,2,M,3,1,2-M-3-1-18,2-M-3-1-18,PICK,FALSE,916
10528,Ecommerce,2,L,4,0,2-L-4-0,2-L-4-0,PICK,FALSE,917
10527,Ecommerce,2,L,4,1,2-L-4-1,2-L-4-1,PICK,FALSE,918
13790,Ecommerce,2,L,4,1,2-L-4-1-1,2-L-4-1-1,PICK,FALSE,918
13791,Ecommerce,2,L,4,1,2-L-4-1-2,2-L-4-1-2,PICK,FALSE,918
13792,Ecommerce,2,L,4,1,2-L-4-1-3,2-L-4-1-3,PICK,FALSE,918
13793,Ecommerce,2,L,4,1,2-L-4-1-4,2-L-4-1-4,PICK,FALSE,918
13794,Ecommerce,2,L,4,1,2-L-4-1-5,2-L-4-1-5,PICK,FALSE,918
13795,Ecommerce,2,L,4,1,2-L-4-1-6,2-L-4-1-6,PICK,FALSE,918
13796,Ecommerce,2,L,4,1,2-L-4-1-7,2-L-4-1-7,PICK,FALSE,918
13797,Ecommerce,2,L,4,1,2-L-4-1-8,2-L-4-1-8,PICK,FALSE,918
13798,Ecommerce,2,L,4,1,2-L-4-1-9,2-L-4-1-9,PICK,FALSE,918
13799,Ecommerce,2,L,4,1,2-L-4-1-10,2-L-4-1-10,PICK,FALSE,918
13800,Ecommerce,2,L,4,1,2-L-4-1-11,2-L-4-1-11,PICK,FALSE,918
13801,Ecommerce,2,L,4,1,2-L-4-1-12,2-L-4-1-12,PICK,FALSE,918
13802,Ecommerce,2,L,4,1,2-L-4-1-13,2-L-4-1-13,PICK,FALSE,918
13803,Ecommerce,2,L,4,1,2-L-4-1-14,2-L-4-1-14,PICK,FALSE,918
13804,Ecommerce,2,L,4,1,2-L-4-1-15,2-L-4-1-15,PICK,FALSE,918
13805,Ecommerce,2,L,4,1,2-L-4-1-16,2-L-4-1-16,PICK,FALSE,918
13806,Ecommerce,2,L,4,1,2-L-4-1-17,2-L-4-1-17,PICK,FALSE,918
13807,Ecommerce,2,L,4,1,2-L-4-1-18,2-L-4-1-18,PICK,FALSE,918
8370,Ecommerce,2,M,4,0,2-M-4-0,2-M-4-0,PICK,FALSE,919
16487,Ecommerce,2,M,4,0,2-M-4-0-1,2-M-4-0-1,PICK,FALSE,919
16488,Ecommerce,2,M,4,0,2-M-4-0-2,2-M-4-0-2,PICK,FALSE,919
16489,Ecommerce,2,M,4,0,2-M-4-0-3,2-M-4-0-3,PICK,FALSE,919
16490,Ecommerce,2,M,4,0,2-M-4-0-4,2-M-4-0-4,PICK,FALSE,919
16491,Ecommerce,2,M,4,0,2-M-4-0-5,2-M-4-0-5,PICK,FALSE,919
16492,Ecommerce,2,M,4,0,2-M-4-0-6,2-M-4-0-6,PICK,FALSE,919
16493,Ecommerce,2,M,4,0,2-M-4-0-7,2-M-4-0-7,PICK,FALSE,919
16494,Ecommerce,2,M,4,0,2-M-4-0-8,2-M-4-0-8,PICK,FALSE,919
16495,Ecommerce,2,M,4,0,2-M-4-0-9,2-M-4-0-9,PICK,FALSE,919
16496,Ecommerce,2,M,4,0,2-M-4-0-10,2-M-4-0-10,PICK,FALSE,919
16497,Ecommerce,2,M,4,0,2-M-4-0-11,2-M-4-0-11,PICK,FALSE,919
16498,Ecommerce,2,M,4,0,2-M-4-0-12,2-M-4-0-12,PICK,FALSE,919
16499,Ecommerce,2,M,4,0,2-M-4-0-13,2-M-4-0-13,PICK,FALSE,919
16500,Ecommerce,2,M,4,0,2-M-4-0-14,2-M-4-0-14,PICK,FALSE,919
16501,Ecommerce,2,M,4,0,2-M-4-0-15,2-M-4-0-15,PICK,FALSE,919
16502,Ecommerce,2,M,4,0,2-M-4-0-16,2-M-4-0-16,PICK,FALSE,919
16503,Ecommerce,2,M,4,0,2-M-4-0-17,2-M-4-0-17,PICK,FALSE,919
16504,Ecommerce,2,M,4,0,2-M-4-0-18,2-M-4-0-18,PICK,FALSE,919
16505,Ecommerce,2,M,4,1,2-M-4-1-1,2-M-4-1-1,PICK,FALSE,920
16506,Ecommerce,2,M,4,1,2-M-4-1-2,2-M-4-1-2,PICK,FALSE,920
16507,Ecommerce,2,M,4,1,2-M-4-1-3,2-M-4-1-3,PICK,FALSE,920
16508,Ecommerce,2,M,4,1,2-M-4-1-4,2-M-4-1-4,PICK,FALSE,920
16509,Ecommerce,2,M,4,1,2-M-4-1-5,2-M-4-1-5,PICK,FALSE,920
16510,Ecommerce,2,M,4,1,2-M-4-1-6,2-M-4-1-6,PICK,FALSE,920
16511,Ecommerce,2,M,4,1,2-M-4-1-7,2-M-4-1-7,PICK,FALSE,920
16512,Ecommerce,2,M,4,1,2-M-4-1-8,2-M-4-1-8,PICK,FALSE,920
16513,Ecommerce,2,M,4,1,2-M-4-1-9,2-M-4-1-9,PICK,FALSE,920
16514,Ecommerce,2,M,4,1,2-M-4-1-10,2-M-4-1-10,PICK,FALSE,920
16515,Ecommerce,2,M,4,1,2-M-4-1-11,2-M-4-1-11,PICK,FALSE,920
16516,Ecommerce,2,M,4,1,2-M-4-1-12,2-M-4-1-12,PICK,FALSE,920
16517,Ecommerce,2,M,4,1,2-M-4-1-13,2-M-4-1-13,PICK,FALSE,920
16518,Ecommerce,2,M,4,1,2-M-4-1-14,2-M-4-1-14,PICK,FALSE,920
16519,Ecommerce,2,M,4,1,2-M-4-1-15,2-M-4-1-15,PICK,FALSE,920
16520,Ecommerce,2,M,4,1,2-M-4-1-16,2-M-4-1-16,PICK,FALSE,920
16521,Ecommerce,2,M,4,1,2-M-4-1-17,2-M-4-1-17,PICK,FALSE,920
16522,Ecommerce,2,M,4,1,2-M-4-1-18,2-M-4-1-18,PICK,FALSE,920
8382,Ecommerce,2,M,4,1,2-M-4-1,2-M-4-1,PICK,FALSE,920
10526,Ecommerce,2,L,5,0,2-L-5-0,2-L-5-0,PICK,FALSE,921
13772,Ecommerce,2,L,5,1,2-L-5-1-1,2-L-5-1-1,PICK,FALSE,922
13773,Ecommerce,2,L,5,1,2-L-5-1-2,2-L-5-1-2,PICK,FALSE,922
13774,Ecommerce,2,L,5,1,2-L-5-1-3,2-L-5-1-3,PICK,FALSE,922
13775,Ecommerce,2,L,5,1,2-L-5-1-4,2-L-5-1-4,PICK,FALSE,922
13776,Ecommerce,2,L,5,1,2-L-5-1-5,2-L-5-1-5,PICK,FALSE,922
13777,Ecommerce,2,L,5,1,2-L-5-1-6,2-L-5-1-6,PICK,FALSE,922
13778,Ecommerce,2,L,5,1,2-L-5-1-7,2-L-5-1-7,PICK,FALSE,922
13779,Ecommerce,2,L,5,1,2-L-5-1-8,2-L-5-1-8,PICK,FALSE,922
13780,Ecommerce,2,L,5,1,2-L-5-1-9,2-L-5-1-9,PICK,FALSE,922
13781,Ecommerce,2,L,5,1,2-L-5-1-10,2-L-5-1-10,PICK,FALSE,922
13782,Ecommerce,2,L,5,1,2-L-5-1-11,2-L-5-1-11,PICK,FALSE,922
13783,Ecommerce,2,L,5,1,2-L-5-1-12,2-L-5-1-12,PICK,FALSE,922
13784,Ecommerce,2,L,5,1,2-L-5-1-13,2-L-5-1-13,PICK,FALSE,922
13785,Ecommerce,2,L,5,1,2-L-5-1-14,2-L-5-1-14,PICK,FALSE,922
13786,Ecommerce,2,L,5,1,2-L-5-1-15,2-L-5-1-15,PICK,FALSE,922
13787,Ecommerce,2,L,5,1,2-L-5-1-16,2-L-5-1-16,PICK,FALSE,922
13788,Ecommerce,2,L,5,1,2-L-5-1-17,2-L-5-1-17,PICK,FALSE,922
13789,Ecommerce,2,L,5,1,2-L-5-1-18,2-L-5-1-18,PICK,FALSE,922
10525,Ecommerce,2,L,5,1,2-L-5-1,2-L-5-1,PICK,FALSE,922
8371,Ecommerce,2,M,5,0,2-M-5-0,2-M-5-0,PICK,FALSE,923
8383,Ecommerce,2,M,5,1,2-M-5-1,2-M-5-1,PICK,FALSE,924
10524,Ecommerce,2,L,6,0,2-L-6-0,2-L-6-0,PICK,FALSE,925
16523,Ecommerce,2,L,6,0,2-L-6-0-1,2-L-6-0-1,PICK,FALSE,925
16524,Ecommerce,2,L,6,0,2-L-6-0-2,2-L-6-0-2,PICK,FALSE,925
16525,Ecommerce,2,L,6,0,2-L-6-0-3,2-L-6-0-3,PICK,FALSE,925
16526,Ecommerce,2,L,6,0,2-L-6-0-4,2-L-6-0-4,PICK,FALSE,925
16527,Ecommerce,2,L,6,0,2-L-6-0-5,2-L-6-0-5,PICK,FALSE,925
16528,Ecommerce,2,L,6,0,2-L-6-0-6,2-L-6-0-6,PICK,FALSE,925
16529,Ecommerce,2,L,6,0,2-L-6-0-7,2-L-6-0-7,PICK,FALSE,925
16530,Ecommerce,2,L,6,0,2-L-6-0-8,2-L-6-0-8,PICK,FALSE,925
16531,Ecommerce,2,L,6,0,2-L-6-0-9,2-L-6-0-9,PICK,FALSE,925
16532,Ecommerce,2,L,6,0,2-L-6-0-10,2-L-6-0-10,PICK,FALSE,925
16533,Ecommerce,2,L,6,0,2-L-6-0-11,2-L-6-0-11,PICK,FALSE,925
16534,Ecommerce,2,L,6,0,2-L-6-0-12,2-L-6-0-12,PICK,FALSE,925
16535,Ecommerce,2,L,6,0,2-L-6-0-13,2-L-6-0-13,PICK,FALSE,925
16536,Ecommerce,2,L,6,0,2-L-6-0-14,2-L-6-0-14,PICK,FALSE,925
16537,Ecommerce,2,L,6,0,2-L-6-0-15,2-L-6-0-15,PICK,FALSE,925
16538,Ecommerce,2,L,6,0,2-L-6-0-16,2-L-6-0-16,PICK,FALSE,925
16539,Ecommerce,2,L,6,0,2-L-6-0-17,2-L-6-0-17,PICK,FALSE,925
16540,Ecommerce,2,L,6,0,2-L-6-0-18,2-L-6-0-18,PICK,FALSE,925
10523,Ecommerce,2,L,6,1,2-L-6-1,2-L-6-1,PICK,FALSE,926
16541,Ecommerce,2,L,6,1,2-L-6-1-1,2-L-6-1-1,PICK,FALSE,926
16542,Ecommerce,2,L,6,1,2-L-6-1-2,2-L-6-1-2,PICK,FALSE,926
16543,Ecommerce,2,L,6,1,2-L-6-1-3,2-L-6-1-3,PICK,FALSE,926
16544,Ecommerce,2,L,6,1,2-L-6-1-4,2-L-6-1-4,PICK,FALSE,926
16545,Ecommerce,2,L,6,1,2-L-6-1-5,2-L-6-1-5,PICK,FALSE,926
16546,Ecommerce,2,L,6,1,2-L-6-1-6,2-L-6-1-6,PICK,FALSE,926
16547,Ecommerce,2,L,6,1,2-L-6-1-7,2-L-6-1-7,PICK,FALSE,926
16548,Ecommerce,2,L,6,1,2-L-6-1-8,2-L-6-1-8,PICK,FALSE,926
16549,Ecommerce,2,L,6,1,2-L-6-1-9,2-L-6-1-9,PICK,FALSE,926
16550,Ecommerce,2,L,6,1,2-L-6-1-10,2-L-6-1-10,PICK,FALSE,926
16551,Ecommerce,2,L,6,1,2-L-6-1-11,2-L-6-1-11,PICK,FALSE,926
16552,Ecommerce,2,L,6,1,2-L-6-1-12,2-L-6-1-12,PICK,FALSE,926
16553,Ecommerce,2,L,6,1,2-L-6-1-13,2-L-6-1-13,PICK,FALSE,926
16554,Ecommerce,2,L,6,1,2-L-6-1-14,2-L-6-1-14,PICK,FALSE,926
16555,Ecommerce,2,L,6,1,2-L-6-1-15,2-L-6-1-15,PICK,FALSE,926
16556,Ecommerce,2,L,6,1,2-L-6-1-16,2-L-6-1-16,PICK,FALSE,926
16557,Ecommerce,2,L,6,1,2-L-6-1-17,2-L-6-1-17,PICK,FALSE,926
16558,Ecommerce,2,L,6,1,2-L-6-1-18,2-L-6-1-18,PICK,FALSE,926
8372,Ecommerce,2,M,6,0,2-M-6-0,2-M-6-0,PICK,FALSE,927
8384,Ecommerce,2,M,6,1,2-M-6-1,2-M-6-1,PICK,FALSE,928
10504,Ecommerce,2,L,7,0,2-L-7-0,2-L-7-0,PICK,FALSE,929
10505,Ecommerce,2,L,7,0,2-L-7-0-1,2-L-7-0-1,BINS,FALSE,929
10506,Ecommerce,2,L,7,0,2-L-7-0-2,2-L-7-0-2,BINS,FALSE,929
10507,Ecommerce,2,L,7,0,2-L-7-0-3,2-L-7-0-3,BINS,FALSE,929
10508,Ecommerce,2,L,7,0,2-L-7-0-4,2-L-7-0-4,BINS,FALSE,929
10509,Ecommerce,2,L,7,0,2-L-7-0-5,2-L-7-0-5,BINS,FALSE,929
10510,Ecommerce,2,L,7,0,2-L-7-0-6,2-L-7-0-6,BINS,FALSE,929
10511,Ecommerce,2,L,7,0,2-L-7-0-7,2-L-7-0-7,BINS,FALSE,929
10512,Ecommerce,2,L,7,0,2-L-7-0-8,2-L-7-0-8,BINS,FALSE,929
10513,Ecommerce,2,L,7,0,2-L-7-0-9,2-L-7-0-9,BINS,FALSE,929
10514,Ecommerce,2,L,7,0,2-L-7-0-10,2-L-7-0-10,BINS,FALSE,929
10515,Ecommerce,2,L,7,0,2-L-7-0-11,2-L-7-0-11,BINS,FALSE,929
10516,Ecommerce,2,L,7,0,2-L-7-0-12,2-L-7-0-12,BINS,FALSE,929
10517,Ecommerce,2,L,7,0,2-L-7-0-13,2-L-7-0-13,BINS,FALSE,929
10518,Ecommerce,2,L,7,0,2-L-7-0-14,2-L-7-0-14,BINS,FALSE,929
10519,Ecommerce,2,L,7,0,2-L-7-0-15,2-L-7-0-15,BINS,FALSE,929
10520,Ecommerce,2,L,7,0,2-L-7-0-16,2-L-7-0-16,BINS,FALSE,929
10521,Ecommerce,2,L,7,0,2-L-7-0-17,2-L-7-0-17,BINS,FALSE,929
10522,Ecommerce,2,L,7,0,2-L-7-0-18,2-L-7-0-18,BINS,FALSE,929
10485,Ecommerce,2,L,7,1,2-L-7-1,2-L-7-1,PICK,FALSE,930
10486,Ecommerce,2,L,7,1,2-L-7-1-1,2-L-7-1-1,BINS,FALSE,930
10487,Ecommerce,2,L,7,1,2-L-7-1-2,2-L-7-1-2,BINS,FALSE,930
10488,Ecommerce,2,L,7,1,2-L-7-1-3,2-L-7-1-3,BINS,FALSE,930
10489,Ecommerce,2,L,7,1,2-L-7-1-4,2-L-7-1-4,BINS,FALSE,930
10490,Ecommerce,2,L,7,1,2-L-7-1-5,2-L-7-1-5,BINS,FALSE,930
10491,Ecommerce,2,L,7,1,2-L-7-1-6,2-L-7-1-6,BINS,FALSE,930
10492,Ecommerce,2,L,7,1,2-L-7-1-7,2-L-7-1-7,BINS,FALSE,930
10493,Ecommerce,2,L,7,1,2-L-7-1-8,2-L-7-1-8,BINS,FALSE,930
10494,Ecommerce,2,L,7,1,2-L-7-1-9,2-L-7-1-9,BINS,FALSE,930
10495,Ecommerce,2,L,7,1,2-L-7-1-10,2-L-7-1-10,BINS,FALSE,930
10496,Ecommerce,2,L,7,1,2-L-7-1-11,2-L-7-1-11,BINS,FALSE,930
10497,Ecommerce,2,L,7,1,2-L-7-1-12,2-L-7-1-12,BINS,FALSE,930
10498,Ecommerce,2,L,7,1,2-L-7-1-13,2-L-7-1-13,BINS,FALSE,930
10499,Ecommerce,2,L,7,1,2-L-7-1-14,2-L-7-1-14,BINS,FALSE,930
10500,Ecommerce,2,L,7,1,2-L-7-1-15,2-L-7-1-15,BINS,FALSE,930
10501,Ecommerce,2,L,7,1,2-L-7-1-16,2-L-7-1-16,BINS,FALSE,930
10502,Ecommerce,2,L,7,1,2-L-7-1-17,2-L-7-1-17,BINS,FALSE,930
10503,Ecommerce,2,L,7,1,2-L-7-1-18,2-L-7-1-18,BINS,FALSE,930
8373,Ecommerce,2,M,7,0,2-M-7-0,2-M-7-0,PICK,FALSE,931
8385,Ecommerce,2,M,7,1,2-M-7-1,2-M-7-1,PICK,FALSE,932
10466,Ecommerce,2,L,8,0,2-L-8-0-1,2-L-8-0-1,BINS,FALSE,933
10467,Ecommerce,2,L,8,0,2-L-8-0-2,2-L-8-0-2,BINS,FALSE,933
10468,Ecommerce,2,L,8,0,2-L-8-0-3,2-L-8-0-3,BINS,FALSE,933
10469,Ecommerce,2,L,8,0,2-L-8-0-4,2-L-8-0-4,BINS,FALSE,933
10470,Ecommerce,2,L,8,0,2-L-8-0-5,2-L-8-0-5,BINS,FALSE,933
10471,Ecommerce,2,L,8,0,2-L-8-0-6,2-L-8-0-6,BINS,FALSE,933
10472,Ecommerce,2,L,8,0,2-L-8-0-7,2-L-8-0-7,BINS,FALSE,933
10473,Ecommerce,2,L,8,0,2-L-8-0-8,2-L-8-0-8,BINS,FALSE,933
10474,Ecommerce,2,L,8,0,2-L-8-0-9,2-L-8-0-9,BINS,FALSE,933
10475,Ecommerce,2,L,8,0,2-L-8-0-10,2-L-8-0-10,BINS,FALSE,933
10476,Ecommerce,2,L,8,0,2-L-8-0-11,2-L-8-0-11,BINS,FALSE,933
10477,Ecommerce,2,L,8,0,2-L-8-0-12,2-L-8-0-12,BINS,FALSE,933
10478,Ecommerce,2,L,8,0,2-L-8-0-13,2-L-8-0-13,BINS,FALSE,933
10479,Ecommerce,2,L,8,0,2-L-8-0-14,2-L-8-0-14,BINS,FALSE,933
10480,Ecommerce,2,L,8,0,2-L-8-0-15,2-L-8-0-15,BINS,FALSE,933
10481,Ecommerce,2,L,8,0,2-L-8-0-16,2-L-8-0-16,BINS,FALSE,933
10482,Ecommerce,2,L,8,0,2-L-8-0-17,2-L-8-0-17,BINS,FALSE,933
10483,Ecommerce,2,L,8,0,2-L-8-0-18,2-L-8-0-18,BINS,FALSE,933
10484,Ecommerce,2,L,8,0,2-L-8-0,2-L-8-0,PICK,FALSE,933
10447,Ecommerce,2,L,8,1,2-L-8-1,2-L-8-1,PICK,FALSE,934
10448,Ecommerce,2,L,8,1,2-L-8-1-1,2-L-8-1-1,BINS,FALSE,934
10449,Ecommerce,2,L,8,1,2-L-8-1-2,2-L-8-1-2,BINS,FALSE,934
10450,Ecommerce,2,L,8,1,2-L-8-1-3,2-L-8-1-3,BINS,FALSE,934
10451,Ecommerce,2,L,8,1,2-L-8-1-4,2-L-8-1-4,BINS,FALSE,934
10452,Ecommerce,2,L,8,1,2-L-8-1-5,2-L-8-1-5,BINS,FALSE,934
10453,Ecommerce,2,L,8,1,2-L-8-1-6,2-L-8-1-6,BINS,FALSE,934
10454,Ecommerce,2,L,8,1,2-L-8-1-7,2-L-8-1-7,BINS,FALSE,934
10455,Ecommerce,2,L,8,1,2-L-8-1-8,2-L-8-1-8,BINS,FALSE,934
10456,Ecommerce,2,L,8,1,2-L-8-1-9,2-L-8-1-9,BINS,FALSE,934
10457,Ecommerce,2,L,8,1,2-L-8-1-10,2-L-8-1-10,BINS,FALSE,934
10458,Ecommerce,2,L,8,1,2-L-8-1-11,2-L-8-1-11,BINS,FALSE,934
10459,Ecommerce,2,L,8,1,2-L-8-1-12,2-L-8-1-12,BINS,FALSE,934
10460,Ecommerce,2,L,8,1,2-L-8-1-13,2-L-8-1-13,BINS,FALSE,934
10461,Ecommerce,2,L,8,1,2-L-8-1-14,2-L-8-1-14,BINS,FALSE,934
10462,Ecommerce,2,L,8,1,2-L-8-1-15,2-L-8-1-15,BINS,FALSE,934
10463,Ecommerce,2,L,8,1,2-L-8-1-16,2-L-8-1-16,BINS,FALSE,934
10464,Ecommerce,2,L,8,1,2-L-8-1-17,2-L-8-1-17,BINS,FALSE,934
10465,Ecommerce,2,L,8,1,2-L-8-1-18,2-L-8-1-18,BINS,FALSE,934
8374,Ecommerce,2,M,8,0,2-M-8-0,2-M-8-0,PICK,FALSE,935
8386,Ecommerce,2,M,8,1,2-M-8-1,2-M-8-1,PICK,FALSE,936
10428,Ecommerce,2,L,9,0,2-L-9-0,2-L-9-0,PICK,FALSE,937
10429,Ecommerce,2,L,9,0,2-L-9-0-1,2-L-9-0-1,BINS,FALSE,937
10430,Ecommerce,2,L,9,0,2-L-9-0-2,2-L-9-0-2,BINS,FALSE,937
10431,Ecommerce,2,L,9,0,2-L-9-0-3,2-L-9-0-3,BINS,FALSE,937
10432,Ecommerce,2,L,9,0,2-L-9-0-4,2-L-9-0-4,BINS,FALSE,937
10433,Ecommerce,2,L,9,0,2-L-9-0-5,2-L-9-0-5,BINS,FALSE,937
10434,Ecommerce,2,L,9,0,2-L-9-0-6,2-L-9-0-6,BINS,FALSE,937
10435,Ecommerce,2,L,9,0,2-L-9-0-7,2-L-9-0-7,BINS,FALSE,937
10436,Ecommerce,2,L,9,0,2-L-9-0-8,2-L-9-0-8,BINS,FALSE,937
10437,Ecommerce,2,L,9,0,2-L-9-0-9,2-L-9-0-9,BINS,FALSE,937
10438,Ecommerce,2,L,9,0,2-L-9-0-10,2-L-9-0-10,BINS,FALSE,937
10439,Ecommerce,2,L,9,0,2-L-9-0-11,2-L-9-0-11,BINS,FALSE,937
10440,Ecommerce,2,L,9,0,2-L-9-0-12,2-L-9-0-12,BINS,FALSE,937
10441,Ecommerce,2,L,9,0,2-L-9-0-13,2-L-9-0-13,BINS,FALSE,937
10442,Ecommerce,2,L,9,0,2-L-9-0-14,2-L-9-0-14,BINS,FALSE,937
10443,Ecommerce,2,L,9,0,2-L-9-0-15,2-L-9-0-15,BINS,FALSE,937
10444,Ecommerce,2,L,9,0,2-L-9-0-16,2-L-9-0-16,BINS,FALSE,937
10445,Ecommerce,2,L,9,0,2-L-9-0-17,2-L-9-0-17,BINS,FALSE,937
10446,Ecommerce,2,L,9,0,2-L-9-0-18,2-L-9-0-18,BINS,FALSE,937
10409,Ecommerce,2,L,9,1,2-L-9-1,2-L-9-1,PICK,FALSE,938
10410,Ecommerce,2,L,9,1,2-L-9-1-1,2-L-9-1-1,BINS,FALSE,938
10411,Ecommerce,2,L,9,1,2-L-9-1-2,2-L-9-1-2,BINS,FALSE,938
10412,Ecommerce,2,L,9,1,2-L-9-1-3,2-L-9-1-3,BINS,FALSE,938
10413,Ecommerce,2,L,9,1,2-L-9-1-4,2-L-9-1-4,BINS,FALSE,938
10414,Ecommerce,2,L,9,1,2-L-9-1-5,2-L-9-1-5,BINS,FALSE,938
10415,Ecommerce,2,L,9,1,2-L-9-1-6,2-L-9-1-6,BINS,FALSE,938
10416,Ecommerce,2,L,9,1,2-L-9-1-7,2-L-9-1-7,BINS,FALSE,938
10417,Ecommerce,2,L,9,1,2-L-9-1-8,2-L-9-1-8,BINS,FALSE,938
10418,Ecommerce,2,L,9,1,2-L-9-1-9,2-L-9-1-9,BINS,FALSE,938
10419,Ecommerce,2,L,9,1,2-L-9-1-10,2-L-9-1-10,BINS,FALSE,938
10420,Ecommerce,2,L,9,1,2-L-9-1-11,2-L-9-1-11,BINS,FALSE,938
10421,Ecommerce,2,L,9,1,2-L-9-1-12,2-L-9-1-12,BINS,FALSE,938
10422,Ecommerce,2,L,9,1,2-L-9-1-13,2-L-9-1-13,BINS,FALSE,938
10423,Ecommerce,2,L,9,1,2-L-9-1-14,2-L-9-1-14,BINS,FALSE,938
10424,Ecommerce,2,L,9,1,2-L-9-1-15,2-L-9-1-15,BINS,FALSE,938
10425,Ecommerce,2,L,9,1,2-L-9-1-16,2-L-9-1-16,BINS,FALSE,938
10426,Ecommerce,2,L,9,1,2-L-9-1-17,2-L-9-1-17,BINS,FALSE,938
10427,Ecommerce,2,L,9,1,2-L-9-1-18,2-L-9-1-18,BINS,FALSE,938
8375,Ecommerce,2,M,9,0,2-M-9-0,2-M-9-0,PICK,FALSE,939
8387,Ecommerce,2,M,9,1,2-M-9-1,2-M-9-1,PICK,FALSE,940
10390,Ecommerce,2,L,10,0,2-L-10-0-1,2-L-10-0-1,BINS,FALSE,941
10391,Ecommerce,2,L,10,0,2-L-10-0-2,2-L-10-0-2,BINS,FALSE,941
10392,Ecommerce,2,L,10,0,2-L-10-0-3,2-L-10-0-3,BINS,FALSE,941
10393,Ecommerce,2,L,10,0,2-L-10-0-4,2-L-10-0-4,BINS,FALSE,941
10394,Ecommerce,2,L,10,0,2-L-10-0-5,2-L-10-0-5,BINS,FALSE,941
10395,Ecommerce,2,L,10,0,2-L-10-0-6,2-L-10-0-6,BINS,FALSE,941
10396,Ecommerce,2,L,10,0,2-L-10-0-7,2-L-10-0-7,BINS,FALSE,941
10397,Ecommerce,2,L,10,0,2-L-10-0-8,2-L-10-0-8,BINS,FALSE,941
10398,Ecommerce,2,L,10,0,2-L-10-0-9,2-L-10-0-9,BINS,FALSE,941
10399,Ecommerce,2,L,10,0,2-L-10-0-10,2-L-10-0-10,BINS,FALSE,941
10400,Ecommerce,2,L,10,0,2-L-10-0-11,2-L-10-0-11,BINS,FALSE,941
10401,Ecommerce,2,L,10,0,2-L-10-0-12,2-L-10-0-12,BINS,FALSE,941
10402,Ecommerce,2,L,10,0,2-L-10-0-13,2-L-10-0-13,BINS,FALSE,941
10403,Ecommerce,2,L,10,0,2-L-10-0-14,2-L-10-0-14,BINS,FALSE,941
10404,Ecommerce,2,L,10,0,2-L-10-0-15,2-L-10-0-15,BINS,FALSE,941
10405,Ecommerce,2,L,10,0,2-L-10-0-16,2-L-10-0-16,BINS,FALSE,941
10406,Ecommerce,2,L,10,0,2-L-10-0-17,2-L-10-0-17,BINS,FALSE,941
10407,Ecommerce,2,L,10,0,2-L-10-0-18,2-L-10-0-18,BINS,FALSE,941
10408,Ecommerce,2,L,10,0,2-L-10-0,2-L-10-0,PICK,FALSE,941
10371,Ecommerce,2,L,10,1,2-L-10-1,2-L-10-1,PICK,FALSE,942
10372,Ecommerce,2,L,10,1,2-L-10-1-1,2-L-10-1-1,BINS,FALSE,942
10373,Ecommerce,2,L,10,1,2-L-10-1-2,2-L-10-1-2,BINS,FALSE,942
10374,Ecommerce,2,L,10,1,2-L-10-1-3,2-L-10-1-3,BINS,FALSE,942
10375,Ecommerce,2,L,10,1,2-L-10-1-4,2-L-10-1-4,BINS,FALSE,942
10376,Ecommerce,2,L,10,1,2-L-10-1-5,2-L-10-1-5,BINS,FALSE,942
10377,Ecommerce,2,L,10,1,2-L-10-1-6,2-L-10-1-6,BINS,FALSE,942
10378,Ecommerce,2,L,10,1,2-L-10-1-7,2-L-10-1-7,BINS,FALSE,942
10379,Ecommerce,2,L,10,1,2-L-10-1-8,2-L-10-1-8,BINS,FALSE,942
10380,Ecommerce,2,L,10,1,2-L-10-1-9,2-L-10-1-9,BINS,FALSE,942
10381,Ecommerce,2,L,10,1,2-L-10-1-10,2-L-10-1-10,BINS,FALSE,942
10382,Ecommerce,2,L,10,1,2-L-10-1-11,2-L-10-1-11,BINS,FALSE,942
10383,Ecommerce,2,L,10,1,2-L-10-1-12,2-L-10-1-12,BINS,FALSE,942
10384,Ecommerce,2,L,10,1,2-L-10-1-13,2-L-10-1-13,BINS,FALSE,942
10385,Ecommerce,2,L,10,1,2-L-10-1-14,2-L-10-1-14,BINS,FALSE,942
10386,Ecommerce,2,L,10,1,2-L-10-1-15,2-L-10-1-15,BINS,FALSE,942
10387,Ecommerce,2,L,10,1,2-L-10-1-16,2-L-10-1-16,BINS,FALSE,942
10388,Ecommerce,2,L,10,1,2-L-10-1-17,2-L-10-1-17,BINS,FALSE,942
10389,Ecommerce,2,L,10,1,2-L-10-1-18,2-L-10-1-18,BINS,FALSE,942
8376,Ecommerce,2,M,10,0,2-M-10-0,2-M-10-0,PICK,FALSE,943
8388,Ecommerce,2,M,10,1,2-M-10-1,2-M-10-1,PICK,FALSE,944
10334,Ecommerce,2,L,11,0,2-L-11-0,2-L-11-0,PICK,FALSE,945
10335,Ecommerce,2,L,11,0,2-L-11-0-1,2-L-11-0-1,BINS,FALSE,945
10336,Ecommerce,2,L,11,0,2-L-11-0-2,2-L-11-0-2,BINS,FALSE,945
10337,Ecommerce,2,L,11,0,2-L-11-0-3,2-L-11-0-3,BINS,FALSE,945
10338,Ecommerce,2,L,11,0,2-L-11-0-4,2-L-11-0-4,BINS,FALSE,945
10339,Ecommerce,2,L,11,0,2-L-11-0-5,2-L-11-0-5,BINS,FALSE,945
10340,Ecommerce,2,L,11,0,2-L-11-0-6,2-L-11-0-6,BINS,FALSE,945
10341,Ecommerce,2,L,11,0,2-L-11-0-7,2-L-11-0-7,BINS,FALSE,945
10342,Ecommerce,2,L,11,0,2-L-11-0-8,2-L-11-0-8,BINS,FALSE,945
10343,Ecommerce,2,L,11,0,2-L-11-0-9,2-L-11-0-9,BINS,FALSE,945
10344,Ecommerce,2,L,11,0,2-L-11-0-10,2-L-11-0-10,BINS,FALSE,945
10345,Ecommerce,2,L,11,0,2-L-11-0-11,2-L-11-0-11,BINS,FALSE,945
10346,Ecommerce,2,L,11,0,2-L-11-0-12,2-L-11-0-12,BINS,FALSE,945
10347,Ecommerce,2,L,11,0,2-L-11-0-13,2-L-11-0-13,BINS,FALSE,945
10348,Ecommerce,2,L,11,0,2-L-11-0-14,2-L-11-0-14,BINS,FALSE,945
10349,Ecommerce,2,L,11,0,2-L-11-0-15,2-L-11-0-15,BINS,FALSE,945
10350,Ecommerce,2,L,11,0,2-L-11-0-16,2-L-11-0-16,BINS,FALSE,945
10351,Ecommerce,2,L,11,0,2-L-11-0-17,2-L-11-0-17,BINS,FALSE,945
10352,Ecommerce,2,L,11,0,2-L-11-0-18,2-L-11-0-18,BINS,FALSE,945
10333,Ecommerce,2,L,11,1,2-L-11-1,2-L-11-1,PICK,FALSE,946
10353,Ecommerce,2,L,11,1,2-L-11-1-1,2-L-11-1-1,BINS,FALSE,946
10354,Ecommerce,2,L,11,1,2-L-11-1-2,2-L-11-1-2,BINS,FALSE,946
10355,Ecommerce,2,L,11,1,2-L-11-1-3,2-L-11-1-3,BINS,FALSE,946
10356,Ecommerce,2,L,11,1,2-L-11-1-4,2-L-11-1-4,BINS,FALSE,946
10357,Ecommerce,2,L,11,1,2-L-11-1-5,2-L-11-1-5,BINS,FALSE,946
10358,Ecommerce,2,L,11,1,2-L-11-1-6,2-L-11-1-6,BINS,FALSE,946
10359,Ecommerce,2,L,11,1,2-L-11-1-7,2-L-11-1-7,BINS,FALSE,946
10360,Ecommerce,2,L,11,1,2-L-11-1-8,2-L-11-1-8,BINS,FALSE,946
10361,Ecommerce,2,L,11,1,2-L-11-1-9,2-L-11-1-9,BINS,FALSE,946
10362,Ecommerce,2,L,11,1,2-L-11-1-10,2-L-11-1-10,BINS,FALSE,946
10363,Ecommerce,2,L,11,1,2-L-11-1-11,2-L-11-1-11,BINS,FALSE,946
10364,Ecommerce,2,L,11,1,2-L-11-1-12,2-L-11-1-12,BINS,FALSE,946
10365,Ecommerce,2,L,11,1,2-L-11-1-13,2-L-11-1-13,BINS,FALSE,946
10366,Ecommerce,2,L,11,1,2-L-11-1-14,2-L-11-1-14,BINS,FALSE,946
10367,Ecommerce,2,L,11,1,2-L-11-1-15,2-L-11-1-15,BINS,FALSE,946
10368,Ecommerce,2,L,11,1,2-L-11-1-16,2-L-11-1-16,BINS,FALSE,946
10369,Ecommerce,2,L,11,1,2-L-11-1-17,2-L-11-1-17,BINS,FALSE,946
10370,Ecommerce,2,L,11,1,2-L-11-1-18,2-L-11-1-18,BINS,FALSE,946
8377,Ecommerce,2,M,11,0,2-M-11-0,2-M-11-0,PICK,FALSE,947
8389,Ecommerce,2,M,11,1,2-M-11-1,2-M-11-1,PICK,FALSE,948
4404,Ecommerce,2,L,12,0,2-L-12-0,2-L-12-0,PICK,FALSE,949
16559,Ecommerce,2,L,12,0,2-L-12-0-1,2-L-12-0-1,PICK,FALSE,949
16560,Ecommerce,2,L,12,0,2-L-12-0-2,2-L-12-0-2,PICK,FALSE,949
16561,Ecommerce,2,L,12,0,2-L-12-0-3,2-L-12-0-3,PICK,FALSE,949
16562,Ecommerce,2,L,12,0,2-L-12-0-4,2-L-12-0-4,PICK,FALSE,949
16563,Ecommerce,2,L,12,0,2-L-12-0-5,2-L-12-0-5,PICK,FALSE,949
16564,Ecommerce,2,L,12,0,2-L-12-0-6,2-L-12-0-6,PICK,FALSE,949
16565,Ecommerce,2,L,12,0,2-L-12-0-7,2-L-12-0-7,PICK,FALSE,949
16566,Ecommerce,2,L,12,0,2-L-12-0-8,2-L-12-0-8,PICK,FALSE,949
16567,Ecommerce,2,L,12,0,2-L-12-0-9,2-L-12-0-9,PICK,FALSE,949
16568,Ecommerce,2,L,12,0,2-L-12-0-10,2-L-12-0-10,PICK,FALSE,949
16569,Ecommerce,2,L,12,0,2-L-12-0-11,2-L-12-0-11,PICK,FALSE,949
16570,Ecommerce,2,L,12,0,2-L-12-0-12,2-L-12-0-12,PICK,FALSE,949
16571,Ecommerce,2,L,12,0,2-L-12-0-13,2-L-12-0-13,PICK,FALSE,949
16572,Ecommerce,2,L,12,0,2-L-12-0-14,2-L-12-0-14,PICK,FALSE,949
16573,Ecommerce,2,L,12,0,2-L-12-0-15,2-L-12-0-15,PICK,FALSE,949
16574,Ecommerce,2,L,12,0,2-L-12-0-16,2-L-12-0-16,PICK,FALSE,949
16575,Ecommerce,2,L,12,0,2-L-12-0-17,2-L-12-0-17,PICK,FALSE,949
16576,Ecommerce,2,L,12,0,2-L-12-0-18,2-L-12-0-18,PICK,FALSE,949
4402,Ecommerce,2,L,12,1,2-L-12-1,2-L-12-1,PICK,FALSE,950
16577,Ecommerce,2,L,12,1,2-L-12-1-1,2-L-12-1-1,PICK,FALSE,950
16578,Ecommerce,2,L,12,1,2-L-12-1-2,2-L-12-1-2,PICK,FALSE,950
16579,Ecommerce,2,L,12,1,2-L-12-1-3,2-L-12-1-3,PICK,FALSE,950
16580,Ecommerce,2,L,12,1,2-L-12-1-4,2-L-12-1-4,PICK,FALSE,950
16581,Ecommerce,2,L,12,1,2-L-12-1-5,2-L-12-1-5,PICK,FALSE,950
16582,Ecommerce,2,L,12,1,2-L-12-1-6,2-L-12-1-6,PICK,FALSE,950
16583,Ecommerce,2,L,12,1,2-L-12-1-7,2-L-12-1-7,PICK,FALSE,950
16584,Ecommerce,2,L,12,1,2-L-12-1-8,2-L-12-1-8,PICK,FALSE,950
16585,Ecommerce,2,L,12,1,2-L-12-1-9,2-L-12-1-9,PICK,FALSE,950
16586,Ecommerce,2,L,12,1,2-L-12-1-10,2-L-12-1-10,PICK,FALSE,950
16587,Ecommerce,2,L,12,1,2-L-12-1-11,2-L-12-1-11,PICK,FALSE,950
16588,Ecommerce,2,L,12,1,2-L-12-1-12,2-L-12-1-12,PICK,FALSE,950
16589,Ecommerce,2,L,12,1,2-L-12-1-13,2-L-12-1-13,PICK,FALSE,950
16590,Ecommerce,2,L,12,1,2-L-12-1-14,2-L-12-1-14,PICK,FALSE,950
16591,Ecommerce,2,L,12,1,2-L-12-1-15,2-L-12-1-15,PICK,FALSE,950
16592,Ecommerce,2,L,12,1,2-L-12-1-16,2-L-12-1-16,PICK,FALSE,950
16593,Ecommerce,2,L,12,1,2-L-12-1-17,2-L-12-1-17,PICK,FALSE,950
16594,Ecommerce,2,L,12,1,2-L-12-1-18,2-L-12-1-18,PICK,FALSE,950
8378,Ecommerce,2,M,12,0,2-M-12-0,2-M-12-0,PICK,FALSE,951
8390,Ecommerce,2,M,12,1,2-M-12-1,2-M-12-1,PICK,FALSE,952
10332,Ecommerce,2,N,12,0,2-N-12-0,2-N-12-0,PICK,FALSE,953
10331,Ecommerce,2,N,12,1,2-N-12-1,2-N-12-1,PICK,FALSE,954
10330,Ecommerce,2,O,12,0,2-O-12-0,2-O-12-0,PICK,FALSE,955
10329,Ecommerce,2,O,12,1,2-O-12-1,2-O-12-1,PICK,FALSE,956
10328,Ecommerce,2,N,11,0,2-N-11-0,2-N-11-0,PICK,FALSE,957
10327,Ecommerce,2,N,11,1,2-N-11-1,2-N-11-1,PICK,FALSE,958
10326,Ecommerce,2,O,11,0,2-O-11-0,2-O-11-0,PICK,FALSE,959
10325,Ecommerce,2,O,11,1,2-O-11-1,2-O-11-1,PICK,FALSE,960
10324,Ecommerce,2,N,10,0,2-N-10-0,2-N-10-0,PICK,FALSE,961
10323,Ecommerce,2,N,10,1,2-N-10-1,2-N-10-1,PICK,FALSE,962
10322,Ecommerce,2,O,10,0,2-O-10-0,2-O-10-0,PICK,FALSE,963
10321,Ecommerce,2,O,10,1,2-O-10-1,2-O-10-1,PICK,FALSE,964
10320,Ecommerce,2,N,9,0,2-N-9-0,2-N-9-0,PICK,FALSE,965
10319,Ecommerce,2,N,9,1,2-N-9-1,2-N-9-1,PICK,FALSE,966
10318,Ecommerce,2,O,9,0,2-O-9-0,2-O-9-0,PICK,FALSE,967
10317,Ecommerce,2,O,9,1,2-O-9-1,2-O-9-1,PICK,FALSE,968
4614,Ecommerce,2,N,8,0,2-N-8-0,2-N-8-0,PICK,FALSE,969
4613,Ecommerce,2,N,8,1,2-N-8-1,2-N-8-1,PICK,FALSE,970
4615,Ecommerce,2,O,8,0,2-O-8-0,2-O-8-0,PICK,FALSE,971
10316,Ecommerce,2,O,8,1,2-O-8-1,2-O-8-1,PICK,FALSE,972
5032,Ecommerce,2,N,7,0,2-N-7-0,2-N-7-0,PICK,FALSE,973
5031,Ecommerce,2,N,7,1,2-N-7-1,2-N-7-1,PICK,FALSE,974
10315,Ecommerce,2,O,7,0,2-O-7-0,2-O-7-0,PICK,FALSE,975
10314,Ecommerce,2,O,7,1,2-O-7-1,2-O-7-1,PICK,FALSE,976
5037,Ecommerce,2,N,6,0,2-N-6-0,2-N-6-0,PICK,FALSE,977
5036,Ecommerce,2,N,6,1,2-N-6-1,2-N-6-1,PICK,FALSE,978
10313,Ecommerce,2,O,6,0,2-O-6-0,2-O-6-0,PICK,FALSE,979
10312,Ecommerce,2,O,6,1,2-O-6-1,2-O-6-1,PICK,FALSE,980
5042,Ecommerce,2,N,5,0,2-N-5-0,2-N-5-0,PICK,FALSE,981
5041,Ecommerce,2,N,5,1,2-N-5-1,2-N-5-1,PICK,FALSE,982
10311,Ecommerce,2,O,5,0,2-O-5-0,2-O-5-0,PICK,FALSE,983
10310,Ecommerce,2,O,5,1,2-O-5-1,2-O-5-1,PICK,FALSE,984
16595,Ecommerce,2,N,4,0,2-N-4-0-1,2-N-4-0-1,PICK,FALSE,985
16596,Ecommerce,2,N,4,0,2-N-4-0-2,2-N-4-0-2,PICK,FALSE,985
16597,Ecommerce,2,N,4,0,2-N-4-0-3,2-N-4-0-3,PICK,FALSE,985
16598,Ecommerce,2,N,4,0,2-N-4-0-4,2-N-4-0-4,PICK,FALSE,985
16599,Ecommerce,2,N,4,0,2-N-4-0-5,2-N-4-0-5,PICK,FALSE,985
16600,Ecommerce,2,N,4,0,2-N-4-0-6,2-N-4-0-6,PICK,FALSE,985
16601,Ecommerce,2,N,4,0,2-N-4-0-7,2-N-4-0-7,PICK,FALSE,985
16602,Ecommerce,2,N,4,0,2-N-4-0-8,2-N-4-0-8,PICK,FALSE,985
16603,Ecommerce,2,N,4,0,2-N-4-0-9,2-N-4-0-9,PICK,FALSE,985
16604,Ecommerce,2,N,4,0,2-N-4-0-10,2-N-4-0-10,PICK,FALSE,985
16605,Ecommerce,2,N,4,0,2-N-4-0-11,2-N-4-0-11,PICK,FALSE,985
16606,Ecommerce,2,N,4,0,2-N-4-0-12,2-N-4-0-12,PICK,FALSE,985
16607,Ecommerce,2,N,4,0,2-N-4-0-13,2-N-4-0-13,PICK,FALSE,985
16608,Ecommerce,2,N,4,0,2-N-4-0-14,2-N-4-0-14,PICK,FALSE,985
16609,Ecommerce,2,N,4,0,2-N-4-0-15,2-N-4-0-15,PICK,FALSE,985
16610,Ecommerce,2,N,4,0,2-N-4-0-16,2-N-4-0-16,PICK,FALSE,985
16611,Ecommerce,2,N,4,0,2-N-4-0-17,2-N-4-0-17,PICK,FALSE,985
16612,Ecommerce,2,N,4,0,2-N-4-0-18,2-N-4-0-18,PICK,FALSE,985
10309,Ecommerce,2,N,4,0,2-N-4-0,2-N-4-0,PICK,FALSE,985
10308,Ecommerce,2,N,4,1,2-N-4-1,2-N-4-1,PICK,FALSE,986
16613,Ecommerce,2,N,4,1,2-N-4-1-1,2-N-4-1-1,PICK,FALSE,986
16614,Ecommerce,2,N,4,1,2-N-4-1-2,2-N-4-1-2,PICK,FALSE,986
16615,Ecommerce,2,N,4,1,2-N-4-1-3,2-N-4-1-3,PICK,FALSE,986
16616,Ecommerce,2,N,4,1,2-N-4-1-4,2-N-4-1-4,PICK,FALSE,986
16617,Ecommerce,2,N,4,1,2-N-4-1-5,2-N-4-1-5,PICK,FALSE,986
16618,Ecommerce,2,N,4,1,2-N-4-1-6,2-N-4-1-6,PICK,FALSE,986
16619,Ecommerce,2,N,4,1,2-N-4-1-7,2-N-4-1-7,PICK,FALSE,986
16620,Ecommerce,2,N,4,1,2-N-4-1-8,2-N-4-1-8,PICK,FALSE,986
16621,Ecommerce,2,N,4,1,2-N-4-1-9,2-N-4-1-9,PICK,FALSE,986
16622,Ecommerce,2,N,4,1,2-N-4-1-10,2-N-4-1-10,PICK,FALSE,986
16623,Ecommerce,2,N,4,1,2-N-4-1-11,2-N-4-1-11,PICK,FALSE,986
16624,Ecommerce,2,N,4,1,2-N-4-1-12,2-N-4-1-12,PICK,FALSE,986
16625,Ecommerce,2,N,4,1,2-N-4-1-13,2-N-4-1-13,PICK,FALSE,986
16626,Ecommerce,2,N,4,1,2-N-4-1-14,2-N-4-1-14,PICK,FALSE,986
16627,Ecommerce,2,N,4,1,2-N-4-1-15,2-N-4-1-15,PICK,FALSE,986
16628,Ecommerce,2,N,4,1,2-N-4-1-16,2-N-4-1-16,PICK,FALSE,986
16629,Ecommerce,2,N,4,1,2-N-4-1-17,2-N-4-1-17,PICK,FALSE,986
16630,Ecommerce,2,N,4,1,2-N-4-1-18,2-N-4-1-18,PICK,FALSE,986
10307,Ecommerce,2,O,4,0,2-O-4-0,2-O-4-0,PICK,FALSE,987
10306,Ecommerce,2,O,4,1,2-O-4-1,2-O-4-1,PICK,FALSE,988
10305,Ecommerce,2,N,3,0,2-N-3-0,2-N-3-0,PICK,FALSE,989
16631,Ecommerce,2,N,3,0,2-N-3-0-1,2-N-3-0-1,PICK,FALSE,989
16632,Ecommerce,2,N,3,0,2-N-3-0-2,2-N-3-0-2,PICK,FALSE,989
16633,Ecommerce,2,N,3,0,2-N-3-0-3,2-N-3-0-3,PICK,FALSE,989
16634,Ecommerce,2,N,3,0,2-N-3-0-4,2-N-3-0-4,PICK,FALSE,989
16635,Ecommerce,2,N,3,0,2-N-3-0-5,2-N-3-0-5,PICK,FALSE,989
16636,Ecommerce,2,N,3,0,2-N-3-0-6,2-N-3-0-6,PICK,FALSE,989
16637,Ecommerce,2,N,3,0,2-N-3-0-7,2-N-3-0-7,PICK,FALSE,989
16638,Ecommerce,2,N,3,0,2-N-3-0-8,2-N-3-0-8,PICK,FALSE,989
16639,Ecommerce,2,N,3,0,2-N-3-0-9,2-N-3-0-9,PICK,FALSE,989
16640,Ecommerce,2,N,3,0,2-N-3-0-10,2-N-3-0-10,PICK,FALSE,989
16641,Ecommerce,2,N,3,0,2-N-3-0-11,2-N-3-0-11,PICK,FALSE,989
16642,Ecommerce,2,N,3,0,2-N-3-0-12,2-N-3-0-12,PICK,FALSE,989
16643,Ecommerce,2,N,3,0,2-N-3-0-13,2-N-3-0-13,PICK,FALSE,989
16644,Ecommerce,2,N,3,0,2-N-3-0-14,2-N-3-0-14,PICK,FALSE,989
16645,Ecommerce,2,N,3,0,2-N-3-0-15,2-N-3-0-15,PICK,FALSE,989
16646,Ecommerce,2,N,3,0,2-N-3-0-16,2-N-3-0-16,PICK,FALSE,989
16647,Ecommerce,2,N,3,0,2-N-3-0-17,2-N-3-0-17,PICK,FALSE,989
16648,Ecommerce,2,N,3,0,2-N-3-0-18,2-N-3-0-18,PICK,FALSE,989
10304,Ecommerce,2,N,3,1,2-N-3-1,2-N-3-1,PICK,FALSE,990
16649,Ecommerce,2,N,3,1,2-N-3-1-1,2-N-3-1-1,PICK,FALSE,990
16650,Ecommerce,2,N,3,1,2-N-3-1-2,2-N-3-1-2,PICK,FALSE,990
16651,Ecommerce,2,N,3,1,2-N-3-1-3,2-N-3-1-3,PICK,FALSE,990
16652,Ecommerce,2,N,3,1,2-N-3-1-4,2-N-3-1-4,PICK,FALSE,990
16653,Ecommerce,2,N,3,1,2-N-3-1-5,2-N-3-1-5,PICK,FALSE,990
16654,Ecommerce,2,N,3,1,2-N-3-1-6,2-N-3-1-6,PICK,FALSE,990
16655,Ecommerce,2,N,3,1,2-N-3-1-7,2-N-3-1-7,PICK,FALSE,990
16656,Ecommerce,2,N,3,1,2-N-3-1-8,2-N-3-1-8,PICK,FALSE,990
16657,Ecommerce,2,N,3,1,2-N-3-1-9,2-N-3-1-9,PICK,FALSE,990
16658,Ecommerce,2,N,3,1,2-N-3-1-10,2-N-3-1-10,PICK,FALSE,990
16659,Ecommerce,2,N,3,1,2-N-3-1-11,2-N-3-1-11,PICK,FALSE,990
16660,Ecommerce,2,N,3,1,2-N-3-1-12,2-N-3-1-12,PICK,FALSE,990
16661,Ecommerce,2,N,3,1,2-N-3-1-13,2-N-3-1-13,PICK,FALSE,990
16662,Ecommerce,2,N,3,1,2-N-3-1-14,2-N-3-1-14,PICK,FALSE,990
16663,Ecommerce,2,N,3,1,2-N-3-1-15,2-N-3-1-15,PICK,FALSE,990
16664,Ecommerce,2,N,3,1,2-N-3-1-16,2-N-3-1-16,PICK,FALSE,990
16665,Ecommerce,2,N,3,1,2-N-3-1-17,2-N-3-1-17,PICK,FALSE,990
16666,Ecommerce,2,N,3,1,2-N-3-1-18,2-N-3-1-18,PICK,FALSE,990
10303,Ecommerce,2,O,3,0,2-O-3-0,2-O-3-0,PICK,FALSE,991
10302,Ecommerce,2,O,3,1,2-O-3-1,2-O-3-1,PICK,FALSE,992
16667,Ecommerce,2,N,2,0,2-N-2-0-1,2-N-2-0-1,PICK,FALSE,993
16668,Ecommerce,2,N,2,0,2-N-2-0-2,2-N-2-0-2,PICK,FALSE,993
16669,Ecommerce,2,N,2,0,2-N-2-0-3,2-N-2-0-3,PICK,FALSE,993
16670,Ecommerce,2,N,2,0,2-N-2-0-4,2-N-2-0-4,PICK,FALSE,993
16671,Ecommerce,2,N,2,0,2-N-2-0-5,2-N-2-0-5,PICK,FALSE,993
16672,Ecommerce,2,N,2,0,2-N-2-0-6,2-N-2-0-6,PICK,FALSE,993
16673,Ecommerce,2,N,2,0,2-N-2-0-7,2-N-2-0-7,PICK,FALSE,993
16674,Ecommerce,2,N,2,0,2-N-2-0-8,2-N-2-0-8,PICK,FALSE,993
16675,Ecommerce,2,N,2,0,2-N-2-0-9,2-N-2-0-9,PICK,FALSE,993
16676,Ecommerce,2,N,2,0,2-N-2-0-10,2-N-2-0-10,PICK,FALSE,993
16677,Ecommerce,2,N,2,0,2-N-2-0-11,2-N-2-0-11,PICK,FALSE,993
16678,Ecommerce,2,N,2,0,2-N-2-0-12,2-N-2-0-12,PICK,FALSE,993
16679,Ecommerce,2,N,2,0,2-N-2-0-13,2-N-2-0-13,PICK,FALSE,993
16680,Ecommerce,2,N,2,0,2-N-2-0-14,2-N-2-0-14,PICK,FALSE,993
16681,Ecommerce,2,N,2,0,2-N-2-0-15,2-N-2-0-15,PICK,FALSE,993
16682,Ecommerce,2,N,2,0,2-N-2-0-16,2-N-2-0-16,PICK,FALSE,993
16683,Ecommerce,2,N,2,0,2-N-2-0-17,2-N-2-0-17,PICK,FALSE,993
16684,Ecommerce,2,N,2,0,2-N-2-0-18,2-N-2-0-18,PICK,FALSE,993
10301,Ecommerce,2,N,2,0,2-N-2-0,2-N-2-0,PICK,FALSE,993
10300,Ecommerce,2,N,2,1,2-N-2-1,2-N-2-1,PICK,FALSE,994
16685,Ecommerce,2,N,2,1,2-N-2-1-1,2-N-2-1-1,PICK,FALSE,994
16686,Ecommerce,2,N,2,1,2-N-2-1-2,2-N-2-1-2,PICK,FALSE,994
16687,Ecommerce,2,N,2,1,2-N-2-1-3,2-N-2-1-3,PICK,FALSE,994
16688,Ecommerce,2,N,2,1,2-N-2-1-4,2-N-2-1-4,PICK,FALSE,994
16689,Ecommerce,2,N,2,1,2-N-2-1-5,2-N-2-1-5,PICK,FALSE,994
16690,Ecommerce,2,N,2,1,2-N-2-1-6,2-N-2-1-6,PICK,FALSE,994
16691,Ecommerce,2,N,2,1,2-N-2-1-7,2-N-2-1-7,PICK,FALSE,994
16692,Ecommerce,2,N,2,1,2-N-2-1-8,2-N-2-1-8,PICK,FALSE,994
16693,Ecommerce,2,N,2,1,2-N-2-1-9,2-N-2-1-9,PICK,FALSE,994
16694,Ecommerce,2,N,2,1,2-N-2-1-10,2-N-2-1-10,PICK,FALSE,994
16695,Ecommerce,2,N,2,1,2-N-2-1-11,2-N-2-1-11,PICK,FALSE,994
16696,Ecommerce,2,N,2,1,2-N-2-1-12,2-N-2-1-12,PICK,FALSE,994
16697,Ecommerce,2,N,2,1,2-N-2-1-13,2-N-2-1-13,PICK,FALSE,994
16698,Ecommerce,2,N,2,1,2-N-2-1-14,2-N-2-1-14,PICK,FALSE,994
16699,Ecommerce,2,N,2,1,2-N-2-1-15,2-N-2-1-15,PICK,FALSE,994
16700,Ecommerce,2,N,2,1,2-N-2-1-16,2-N-2-1-16,PICK,FALSE,994
16701,Ecommerce,2,N,2,1,2-N-2-1-17,2-N-2-1-17,PICK,FALSE,994
16702,Ecommerce,2,N,2,1,2-N-2-1-18,2-N-2-1-18,PICK,FALSE,994
10299,Ecommerce,2,O,2,0,2-O-2-0,2-O-2-0,PICK,FALSE,995
10298,Ecommerce,2,O,2,1,2-O-2-1,2-O-2-1,PICK,FALSE,996
10297,Ecommerce,2,N,1,0,2-N-1-0,2-N-1-0,PICK,FALSE,997
16703,Ecommerce,2,N,1,0,2-N-1-0-1,2-N-1-0-1,PICK,FALSE,997
16704,Ecommerce,2,N,1,0,2-N-1-0-2,2-N-1-0-2,PICK,FALSE,997
16705,Ecommerce,2,N,1,0,2-N-1-0-3,2-N-1-0-3,PICK,FALSE,997
16706,Ecommerce,2,N,1,0,2-N-1-0-4,2-N-1-0-4,PICK,FALSE,997
16707,Ecommerce,2,N,1,0,2-N-1-0-5,2-N-1-0-5,PICK,FALSE,997
16708,Ecommerce,2,N,1,0,2-N-1-0-6,2-N-1-0-6,PICK,FALSE,997
16709,Ecommerce,2,N,1,0,2-N-1-0-7,2-N-1-0-7,PICK,FALSE,997
16710,Ecommerce,2,N,1,0,2-N-1-0-8,2-N-1-0-8,PICK,FALSE,997
16711,Ecommerce,2,N,1,0,2-N-1-0-9,2-N-1-0-9,PICK,FALSE,997
16712,Ecommerce,2,N,1,0,2-N-1-0-10,2-N-1-0-10,PICK,FALSE,997
16713,Ecommerce,2,N,1,0,2-N-1-0-11,2-N-1-0-11,PICK,FALSE,997
16714,Ecommerce,2,N,1,0,2-N-1-0-12,2-N-1-0-12,PICK,FALSE,997
16715,Ecommerce,2,N,1,0,2-N-1-0-13,2-N-1-0-13,PICK,FALSE,997
16716,Ecommerce,2,N,1,0,2-N-1-0-14,2-N-1-0-14,PICK,FALSE,997
16717,Ecommerce,2,N,1,0,2-N-1-0-15,2-N-1-0-15,PICK,FALSE,997
16718,Ecommerce,2,N,1,0,2-N-1-0-16,2-N-1-0-16,PICK,FALSE,997
16719,Ecommerce,2,N,1,0,2-N-1-0-17,2-N-1-0-17,PICK,FALSE,997
16720,Ecommerce,2,N,1,0,2-N-1-0-18,2-N-1-0-18,PICK,FALSE,997
10296,Ecommerce,2,N,1,1,2-N-1-1,2-N-1-1,PICK,FALSE,998
16721,Ecommerce,2,N,1,1,2-N-1-1-1,2-N-1-1-1,PICK,FALSE,998
16722,Ecommerce,2,N,1,1,2-N-1-1-2,2-N-1-1-2,PICK,FALSE,998
16723,Ecommerce,2,N,1,1,2-N-1-1-3,2-N-1-1-3,PICK,FALSE,998
16724,Ecommerce,2,N,1,1,2-N-1-1-4,2-N-1-1-4,PICK,FALSE,998
16725,Ecommerce,2,N,1,1,2-N-1-1-5,2-N-1-1-5,PICK,FALSE,998
16726,Ecommerce,2,N,1,1,2-N-1-1-6,2-N-1-1-6,PICK,FALSE,998
16727,Ecommerce,2,N,1,1,2-N-1-1-7,2-N-1-1-7,PICK,FALSE,998
16728,Ecommerce,2,N,1,1,2-N-1-1-8,2-N-1-1-8,PICK,FALSE,998
16729,Ecommerce,2,N,1,1,2-N-1-1-9,2-N-1-1-9,PICK,FALSE,998
16730,Ecommerce,2,N,1,1,2-N-1-1-10,2-N-1-1-10,PICK,FALSE,998
16731,Ecommerce,2,N,1,1,2-N-1-1-11,2-N-1-1-11,PICK,FALSE,998
16732,Ecommerce,2,N,1,1,2-N-1-1-12,2-N-1-1-12,PICK,FALSE,998
16733,Ecommerce,2,N,1,1,2-N-1-1-13,2-N-1-1-13,PICK,FALSE,998
16734,Ecommerce,2,N,1,1,2-N-1-1-14,2-N-1-1-14,PICK,FALSE,998
16735,Ecommerce,2,N,1,1,2-N-1-1-15,2-N-1-1-15,PICK,FALSE,998
16736,Ecommerce,2,N,1,1,2-N-1-1-16,2-N-1-1-16,PICK,FALSE,998
16737,Ecommerce,2,N,1,1,2-N-1-1-17,2-N-1-1-17,PICK,FALSE,998
16738,Ecommerce,2,N,1,1,2-N-1-1-18,2-N-1-1-18,PICK,FALSE,998
10295,Ecommerce,2,O,1,0,2-O-1-0,2-O-1-0,PICK,FALSE,999
10294,Ecommerce,2,O,1,1,2-O-1-1,2-O-1-1,PICK,FALSE,1000
10293,Ecommerce,2,P,1,0,2-P-1-0,2-P-1-0,PICK,FALSE,1001
10292,Ecommerce,2,P,1,1,2-P-1-1,2-P-1-1,PICK,FALSE,1002
10291,Ecommerce,2,P,2,0,2-P-2-0,2-P-2-0,PICK,FALSE,1003
10290,Ecommerce,2,P,2,1,2-P-2-1,2-P-2-1,PICK,FALSE,1004
10289,Ecommerce,2,P,3,0,2-P-3-0,2-P-3-0,PICK,FALSE,1005
10288,Ecommerce,2,P,3,1,2-P-3-1,2-P-3-1,PICK,FALSE,1006
10287,Ecommerce,2,P,4,0,2-P-4-0,2-P-4-0,PICK,FALSE,1007
10286,Ecommerce,2,P,4,1,2-P-4-1,2-P-4-1,PICK,FALSE,1008
10285,Ecommerce,2,P,5,0,2-P-5-0,2-P-5-0,PICK,FALSE,1009
10284,Ecommerce,2,P,5,1,2-P-5-1,2-P-5-1,PICK,FALSE,1010
10283,Ecommerce,2,P,6,0,2-P-6-0,2-P-6-0,PICK,FALSE,1011
10282,Ecommerce,2,P,6,1,2-P-6-1,2-P-6-1,PICK,FALSE,1012
8254,Ecommerce,2,P,7,0,2-P-7-0,2-P-7-0,PICK,FALSE,1013
10281,Ecommerce,2,P,7,1,2-P-7-1,2-P-7-1,PICK,FALSE,1014
8253,Ecommerce,2,P,8,0,2-P-8-0,2-P-8-0,PICK,FALSE,1015
10280,Ecommerce,2,P,8,1,2-P-8-1,2-P-8-1,PICK,FALSE,1016
8252,Ecommerce,2,P,9,0,2-P-9-0,2-P-9-0,PICK,FALSE,1017
10279,Ecommerce,2,P,9,1,2-P-9-1,2-P-9-1,PICK,FALSE,1018
8251,Ecommerce,2,P,10,0,2-P-10-0,2-P-10-0,PICK,FALSE,1019
10278,Ecommerce,2,P,10,1,2-P-10-1,2-P-10-1,PICK,FALSE,1020
8250,Ecommerce,2,P,11,0,2-P-11-0,2-P-11-0,PICK,FALSE,1021
10277,Ecommerce,2,P,11,1,2-P-11-1,2-P-11-1,PICK,FALSE,1022
8249,Ecommerce,2,P,12,0,2-P-12-0,2-P-12-0,PICK,FALSE,1023
10276,Ecommerce,2,P,12,1,2-P-12-1,2-P-12-1,PICK,FALSE,1024
10275,Ecommerce,2,P,12,2,2-P-12-2,2-P-12-2,PICK,FALSE,1025
10274,Ecommerce,2,P,12,3,2-P-12-3,2-P-12-3,PICK,FALSE,1026
10273,Ecommerce,2,P,12,4,2-P-12-4,2-P-12-4,PICK,FALSE,1027
10272,Ecommerce,2,P,12,5,2-P-12-5,2-P-12-5,PICK,FALSE,1028
10271,Ecommerce,2,P,11,2,2-P-11-2,2-P-11-2,PICK,FALSE,1029
10270,Ecommerce,2,P,11,3,2-P-11-3,2-P-11-3,PICK,FALSE,1030
10269,Ecommerce,2,P,11,4,2-P-11-4,2-P-11-4,PICK,FALSE,1031
10268,Ecommerce,2,P,11,5,2-P-11-5,2-P-11-5,PICK,FALSE,1032
10267,Ecommerce,2,P,10,2,2-P-10-2,2-P-10-2,PICK,FALSE,1033
10266,Ecommerce,2,P,10,3,2-P-10-3,2-P-10-3,PICK,FALSE,1034
10265,Ecommerce,2,P,10,4,2-P-10-4,2-P-10-4,PICK,FALSE,1035
10264,Ecommerce,2,P,10,5,2-P-10-5,2-P-10-5,PICK,FALSE,1036
10263,Ecommerce,2,P,9,2,2-P-9-2,2-P-9-2,PICK,FALSE,1037
10262,Ecommerce,2,P,9,3,2-P-9-3,2-P-9-3,PICK,FALSE,1038
10261,Ecommerce,2,P,9,4,2-P-9-4,2-P-9-4,PICK,FALSE,1039
10260,Ecommerce,2,P,9,5,2-P-9-5,2-P-9-5,PICK,FALSE,1040
10259,Ecommerce,2,P,8,2,2-P-8-2,2-P-8-2,PICK,FALSE,1041
10258,Ecommerce,2,P,8,3,2-P-8-3,2-P-8-3,PICK,FALSE,1042
10257,Ecommerce,2,P,8,4,2-P-8-4,2-P-8-4,PICK,FALSE,1043
10256,Ecommerce,2,P,8,5,2-P-8-5,2-P-8-5,PICK,FALSE,1044
10255,Ecommerce,2,P,7,2,2-P-7-2,2-P-7-2,PICK,FALSE,1045
10254,Ecommerce,2,P,7,3,2-P-7-3,2-P-7-3,PICK,FALSE,1046
10253,Ecommerce,2,P,7,4,2-P-7-4,2-P-7-4,PICK,FALSE,1047
10252,Ecommerce,2,P,7,5,2-P-7-5,2-P-7-5,PICK,FALSE,1048
10251,Ecommerce,2,P,6,2,2-P-6-2,2-P-6-2,PICK,FALSE,1049
10250,Ecommerce,2,P,6,3,2-P-6-3,2-P-6-3,PICK,FALSE,1050
10249,Ecommerce,2,P,6,4,2-P-6-4,2-P-6-4,PICK,FALSE,1051
10248,Ecommerce,2,P,6,5,2-P-6-5,2-P-6-5,PICK,FALSE,1052
10247,Ecommerce,2,P,5,2,2-P-5-2,2-P-5-2,PICK,FALSE,1053
10246,Ecommerce,2,P,5,3,2-P-5-3,2-P-5-3,PICK,FALSE,1054
10245,Ecommerce,2,P,5,4,2-P-5-4,2-P-5-4,PICK,FALSE,1055
10244,Ecommerce,2,P,5,5,2-P-5-5,2-P-5-5,PICK,FALSE,1056
10243,Ecommerce,2,P,4,2,2-P-4-2,2-P-4-2,PICK,FALSE,1057
10242,Ecommerce,2,P,4,3,2-P-4-3,2-P-4-3,PICK,FALSE,1058
10241,Ecommerce,2,P,4,4,2-P-4-4,2-P-4-4,PICK,FALSE,1059
10240,Ecommerce,2,P,4,5,2-P-4-5,2-P-4-5,PICK,FALSE,1060
10239,Ecommerce,2,P,3,2,2-P-3-2,2-P-3-2,PICK,FALSE,1061
10238,Ecommerce,2,P,3,3,2-P-3-3,2-P-3-3,PICK,FALSE,1062
10237,Ecommerce,2,P,3,4,2-P-3-4,2-P-3-4,PICK,FALSE,1063
10236,Ecommerce,2,P,3,5,2-P-3-5,2-P-3-5,PICK,FALSE,1064
10235,Ecommerce,2,P,2,2,2-P-2-2,2-P-2-2,PICK,FALSE,1065
10234,Ecommerce,2,P,2,3,2-P-2-3,2-P-2-3,PICK,FALSE,1066
10233,Ecommerce,2,P,2,4,2-P-2-4,2-P-2-4,PICK,FALSE,1067
10232,Ecommerce,2,P,2,5,2-P-2-5,2-P-2-5,PICK,FALSE,1068
10231,Ecommerce,2,P,1,2,2-P-1-2,2-P-1-2,PICK,FALSE,1069
10230,Ecommerce,2,P,1,3,2-P-1-3,2-P-1-3,PICK,FALSE,1070
10229,Ecommerce,2,P,1,4,2-P-1-4,2-P-1-4,PICK,FALSE,1071
10228,Ecommerce,2,P,1,5,2-P-1-5,2-P-1-5,PICK,FALSE,1072
10227,Ecommerce,2,O,1,2,2-O-1-2,2-O-1-2,PICK,FALSE,1073
10226,Ecommerce,2,O,1,3,2-O-1-3,2-O-1-3,PICK,FALSE,1074
,Ecommerce,2,O,1,3,2-O-1-3-1,2-O-1-3-1,PICK,FALSE,1074
,Ecommerce,2,O,1,3,2-O-1-3-2,2-O-1-3-2,PICK,FALSE,1074
,Ecommerce,2,O,1,3,2-O-1-3-3,2-O-1-3-3,PICK,FALSE,1074
,Ecommerce,2,O,1,3,2-O-1-3-4,2-O-1-3-4,PICK,FALSE,1074
,Ecommerce,2,O,1,3,2-O-1-3-5,2-O-1-3-5,PICK,FALSE,1074
,Ecommerce,2,O,1,3,2-O-1-3-6,2-O-1-3-6,PICK,FALSE,1074
,Ecommerce,2,O,1,3,2-O-1-3-7,2-O-1-3-7,PICK,FALSE,1074
,Ecommerce,2,O,1,3,2-O-1-3-8,2-O-1-3-8,PICK,FALSE,1074
,Ecommerce,2,O,1,3,2-O-1-3-9,2-O-1-3-9,PICK,FALSE,1074
,Ecommerce,2,O,1,3,2-O-1-3-10,2-O-1-3-10,PICK,FALSE,1074
,Ecommerce,2,O,1,3,2-O-1-3-11,2-O-1-3-11,PICK,FALSE,1074
,Ecommerce,2,O,1,3,2-O-1-3-12,2-O-1-3-12,PICK,FALSE,1074
,Ecommerce,2,O,1,3,2-O-1-3-13,2-O-1-3-13,PICK,FALSE,1074
,Ecommerce,2,O,1,3,2-O-1-3-14,2-O-1-3-14,PICK,FALSE,1074
,Ecommerce,2,O,1,3,2-O-1-3-15,2-O-1-3-15,PICK,FALSE,1074
,Ecommerce,2,O,1,3,2-O-1-3-16,2-O-1-3-16,PICK,FALSE,1074
,Ecommerce,2,O,1,3,2-O-1-3-17,2-O-1-3-17,PICK,FALSE,1074
,Ecommerce,2,O,1,3,2-O-1-3-18,2-O-1-3-18,PICK,FALSE,1074
10225,Ecommerce,2,O,1,4,2-O-1-4,2-O-1-4,PICK,FALSE,1075
,Ecommerce,2,O,1,4,2-O-1-4-1,2-O-1-4-1,PICK,FALSE,1075
,Ecommerce,2,O,1,4,2-O-1-4-2,2-O-1-4-2,PICK,FALSE,1075
,Ecommerce,2,O,1,4,2-O-1-4-3,2-O-1-4-3,PICK,FALSE,1075
,Ecommerce,2,O,1,4,2-O-1-4-4,2-O-1-4-4,PICK,FALSE,1075
,Ecommerce,2,O,1,4,2-O-1-4-5,2-O-1-4-5,PICK,FALSE,1075
,Ecommerce,2,O,1,4,2-O-1-4-6,2-O-1-4-6,PICK,FALSE,1075
,Ecommerce,2,O,1,4,2-O-1-4-7,2-O-1-4-7,PICK,FALSE,1075
,Ecommerce,2,O,1,4,2-O-1-4-8,2-O-1-4-8,PICK,FALSE,1075
,Ecommerce,2,O,1,4,2-O-1-4-9,2-O-1-4-9,PICK,FALSE,1075
,Ecommerce,2,O,1,4,2-O-1-4-10,2-O-1-4-10,PICK,FALSE,1075
,Ecommerce,2,O,1,4,2-O-1-4-11,2-O-1-4-11,PICK,FALSE,1075
,Ecommerce,2,O,1,4,2-O-1-4-12,2-O-1-4-12,PICK,FALSE,1075
,Ecommerce,2,O,1,4,2-O-1-4-13,2-O-1-4-13,PICK,FALSE,1075
,Ecommerce,2,O,1,4,2-O-1-4-14,2-O-1-4-14,PICK,FALSE,1075
,Ecommerce,2,O,1,4,2-O-1-4-15,2-O-1-4-15,PICK,FALSE,1075
,Ecommerce,2,O,1,4,2-O-1-4-16,2-O-1-4-16,PICK,FALSE,1075
,Ecommerce,2,O,1,4,2-O-1-4-17,2-O-1-4-17,PICK,FALSE,1075
,Ecommerce,2,O,1,4,2-O-1-4-18,2-O-1-4-18,PICK,FALSE,1075
10224,Ecommerce,2,O,1,5,2-O-1-5,2-O-1-5,PICK,FALSE,1076
,Ecommerce,2,O,1,5,2-O-1-5-1,2-O-1-5-1,PICK,FALSE,1076
,Ecommerce,2,O,1,5,2-O-1-5-2,2-O-1-5-2,PICK,FALSE,1076
,Ecommerce,2,O,1,5,2-O-1-5-3,2-O-1-5-3,PICK,FALSE,1076
,Ecommerce,2,O,1,5,2-O-1-5-4,2-O-1-5-4,PICK,FALSE,1076
,Ecommerce,2,O,1,5,2-O-1-5-5,2-O-1-5-5,PICK,FALSE,1076
,Ecommerce,2,O,1,5,2-O-1-5-6,2-O-1-5-6,PICK,FALSE,1076
,Ecommerce,2,O,1,5,2-O-1-5-7,2-O-1-5-7,PICK,FALSE,1076
,Ecommerce,2,O,1,5,2-O-1-5-8,2-O-1-5-8,PICK,FALSE,1076
,Ecommerce,2,O,1,5,2-O-1-5-9,2-O-1-5-9,PICK,FALSE,1076
,Ecommerce,2,O,1,5,2-O-1-5-10,2-O-1-5-10,PICK,FALSE,1076
,Ecommerce,2,O,1,5,2-O-1-5-11,2-O-1-5-11,PICK,FALSE,1076
,Ecommerce,2,O,1,5,2-O-1-5-12,2-O-1-5-12,PICK,FALSE,1076
,Ecommerce,2,O,1,5,2-O-1-5-13,2-O-1-5-13,PICK,FALSE,1076
,Ecommerce,2,O,1,5,2-O-1-5-14,2-O-1-5-14,PICK,FALSE,1076
,Ecommerce,2,O,1,5,2-O-1-5-15,2-O-1-5-15,PICK,FALSE,1076
,Ecommerce,2,O,1,5,2-O-1-5-16,2-O-1-5-16,PICK,FALSE,1076
,Ecommerce,2,O,1,5,2-O-1-5-17,2-O-1-5-17,PICK,FALSE,1076
,Ecommerce,2,O,1,5,2-O-1-5-18,2-O-1-5-18,PICK,FALSE,1076
10223,Ecommerce,2,N,1,2,2-N-1-2,2-N-1-2,PICK,FALSE,1077
16739,Ecommerce,2,N,1,2,2-N-1-2-1,2-N-1-2-1,PICK,FALSE,1077
16740,Ecommerce,2,N,1,2,2-N-1-2-2,2-N-1-2-2,PICK,FALSE,1077
16741,Ecommerce,2,N,1,2,2-N-1-2-3,2-N-1-2-3,PICK,FALSE,1077
16742,Ecommerce,2,N,1,2,2-N-1-2-4,2-N-1-2-4,PICK,FALSE,1077
16743,Ecommerce,2,N,1,2,2-N-1-2-5,2-N-1-2-5,PICK,FALSE,1077
16744,Ecommerce,2,N,1,2,2-N-1-2-6,2-N-1-2-6,PICK,FALSE,1077
16745,Ecommerce,2,N,1,2,2-N-1-2-7,2-N-1-2-7,PICK,FALSE,1077
16746,Ecommerce,2,N,1,2,2-N-1-2-8,2-N-1-2-8,PICK,FALSE,1077
16747,Ecommerce,2,N,1,2,2-N-1-2-9,2-N-1-2-9,PICK,FALSE,1077
16748,Ecommerce,2,N,1,2,2-N-1-2-10,2-N-1-2-10,PICK,FALSE,1077
16749,Ecommerce,2,N,1,2,2-N-1-2-11,2-N-1-2-11,PICK,FALSE,1077
16750,Ecommerce,2,N,1,2,2-N-1-2-12,2-N-1-2-12,PICK,FALSE,1077
16751,Ecommerce,2,N,1,2,2-N-1-2-13,2-N-1-2-13,PICK,FALSE,1077
16752,Ecommerce,2,N,1,2,2-N-1-2-14,2-N-1-2-14,PICK,FALSE,1077
16753,Ecommerce,2,N,1,2,2-N-1-2-15,2-N-1-2-15,PICK,FALSE,1077
16754,Ecommerce,2,N,1,2,2-N-1-2-16,2-N-1-2-16,PICK,FALSE,1077
16755,Ecommerce,2,N,1,2,2-N-1-2-17,2-N-1-2-17,PICK,FALSE,1077
16756,Ecommerce,2,N,1,2,2-N-1-2-18,2-N-1-2-18,PICK,FALSE,1077
16757,Ecommerce,2,N,1,3,2-N-1-3-1,2-N-1-3-1,PICK,FALSE,1078
16758,Ecommerce,2,N,1,3,2-N-1-3-2,2-N-1-3-2,PICK,FALSE,1078
16759,Ecommerce,2,N,1,3,2-N-1-3-3,2-N-1-3-3,PICK,FALSE,1078
16760,Ecommerce,2,N,1,3,2-N-1-3-4,2-N-1-3-4,PICK,FALSE,1078
16761,Ecommerce,2,N,1,3,2-N-1-3-5,2-N-1-3-5,PICK,FALSE,1078
16762,Ecommerce,2,N,1,3,2-N-1-3-6,2-N-1-3-6,PICK,FALSE,1078
16763,Ecommerce,2,N,1,3,2-N-1-3-7,2-N-1-3-7,PICK,FALSE,1078
16764,Ecommerce,2,N,1,3,2-N-1-3-8,2-N-1-3-8,PICK,FALSE,1078
16765,Ecommerce,2,N,1,3,2-N-1-3-9,2-N-1-3-9,PICK,FALSE,1078
16766,Ecommerce,2,N,1,3,2-N-1-3-10,2-N-1-3-10,PICK,FALSE,1078
16767,Ecommerce,2,N,1,3,2-N-1-3-11,2-N-1-3-11,PICK,FALSE,1078
16768,Ecommerce,2,N,1,3,2-N-1-3-12,2-N-1-3-12,PICK,FALSE,1078
16769,Ecommerce,2,N,1,3,2-N-1-3-13,2-N-1-3-13,PICK,FALSE,1078
16770,Ecommerce,2,N,1,3,2-N-1-3-14,2-N-1-3-14,PICK,FALSE,1078
16771,Ecommerce,2,N,1,3,2-N-1-3-15,2-N-1-3-15,PICK,FALSE,1078
16772,Ecommerce,2,N,1,3,2-N-1-3-16,2-N-1-3-16,PICK,FALSE,1078
16773,Ecommerce,2,N,1,3,2-N-1-3-17,2-N-1-3-17,PICK,FALSE,1078
16774,Ecommerce,2,N,1,3,2-N-1-3-18,2-N-1-3-18,PICK,FALSE,1078
10222,Ecommerce,2,N,1,3,2-N-1-3,2-N-1-3,PICK,FALSE,1078
10221,Ecommerce,2,N,1,4,2-N-1-4,2-N-1-4,PICK,FALSE,1079
16775,Ecommerce,2,N,1,4,2-N-1-4-1,2-N-1-4-1,PICK,FALSE,1079
16776,Ecommerce,2,N,1,4,2-N-1-4-2,2-N-1-4-2,PICK,FALSE,1079
16777,Ecommerce,2,N,1,4,2-N-1-4-3,2-N-1-4-3,PICK,FALSE,1079
16778,Ecommerce,2,N,1,4,2-N-1-4-4,2-N-1-4-4,PICK,FALSE,1079
16779,Ecommerce,2,N,1,4,2-N-1-4-5,2-N-1-4-5,PICK,FALSE,1079
16780,Ecommerce,2,N,1,4,2-N-1-4-6,2-N-1-4-6,PICK,FALSE,1079
16781,Ecommerce,2,N,1,4,2-N-1-4-7,2-N-1-4-7,PICK,FALSE,1079
16782,Ecommerce,2,N,1,4,2-N-1-4-8,2-N-1-4-8,PICK,FALSE,1079
16783,Ecommerce,2,N,1,4,2-N-1-4-9,2-N-1-4-9,PICK,FALSE,1079
16784,Ecommerce,2,N,1,4,2-N-1-4-10,2-N-1-4-10,PICK,FALSE,1079
16785,Ecommerce,2,N,1,4,2-N-1-4-11,2-N-1-4-11,PICK,FALSE,1079
16786,Ecommerce,2,N,1,4,2-N-1-4-12,2-N-1-4-12,PICK,FALSE,1079
16787,Ecommerce,2,N,1,4,2-N-1-4-13,2-N-1-4-13,PICK,FALSE,1079
16788,Ecommerce,2,N,1,4,2-N-1-4-14,2-N-1-4-14,PICK,FALSE,1079
16789,Ecommerce,2,N,1,4,2-N-1-4-15,2-N-1-4-15,PICK,FALSE,1079
16790,Ecommerce,2,N,1,4,2-N-1-4-16,2-N-1-4-16,PICK,FALSE,1079
16791,Ecommerce,2,N,1,4,2-N-1-4-17,2-N-1-4-17,PICK,FALSE,1079
16792,Ecommerce,2,N,1,4,2-N-1-4-18,2-N-1-4-18,PICK,FALSE,1079
10220,Ecommerce,2,N,1,5,2-N-1-5,2-N-1-5,PICK,FALSE,1080
10219,Ecommerce,2,O,2,2,2-O-2-2,2-O-2-2,PICK,FALSE,1081
10218,Ecommerce,2,O,2,3,2-O-2-3,2-O-2-3,PICK,FALSE,1082
,Ecommerce,2,O,2,3,2-O-2-3-1,2-O-2-3-1,PICK,FALSE,1082
,Ecommerce,2,O,2,3,2-O-2-3-2,2-O-2-3-2,PICK,FALSE,1082
,Ecommerce,2,O,2,3,2-O-2-3-3,2-O-2-3-3,PICK,FALSE,1082
,Ecommerce,2,O,2,3,2-O-2-3-4,2-O-2-3-4,PICK,FALSE,1082
,Ecommerce,2,O,2,3,2-O-2-3-5,2-O-2-3-5,PICK,FALSE,1082
,Ecommerce,2,O,2,3,2-O-2-3-6,2-O-2-3-6,PICK,FALSE,1082
,Ecommerce,2,O,2,3,2-O-2-3-7,2-O-2-3-7,PICK,FALSE,1082
,Ecommerce,2,O,2,3,2-O-2-3-8,2-O-2-3-8,PICK,FALSE,1082
,Ecommerce,2,O,2,3,2-O-2-3-9,2-O-2-3-9,PICK,FALSE,1082
,Ecommerce,2,O,2,3,2-O-2-3-10,2-O-2-3-10,PICK,FALSE,1082
,Ecommerce,2,O,2,3,2-O-2-3-11,2-O-2-3-11,PICK,FALSE,1082
,Ecommerce,2,O,2,3,2-O-2-3-12,2-O-2-3-12,PICK,FALSE,1082
,Ecommerce,2,O,2,3,2-O-2-3-13,2-O-2-3-13,PICK,FALSE,1082
,Ecommerce,2,O,2,3,2-O-2-3-14,2-O-2-3-14,PICK,FALSE,1082
,Ecommerce,2,O,2,3,2-O-2-3-15,2-O-2-3-15,PICK,FALSE,1082
,Ecommerce,2,O,2,3,2-O-2-3-16,2-O-2-3-16,PICK,FALSE,1082
,Ecommerce,2,O,2,3,2-O-2-3-17,2-O-2-3-17,PICK,FALSE,1082
,Ecommerce,2,O,2,3,2-O-2-3-18,2-O-2-3-18,PICK,FALSE,1082
10217,Ecommerce,2,O,2,4,2-O-2-4,2-O-2-4,PICK,FALSE,1083
,Ecommerce,2,O,2,4,2-O-2-4-1,2-O-2-4-1,PICK,FALSE,1083
,Ecommerce,2,O,2,4,2-O-2-4-2,2-O-2-4-2,PICK,FALSE,1083
,Ecommerce,2,O,2,4,2-O-2-4-3,2-O-2-4-3,PICK,FALSE,1083
,Ecommerce,2,O,2,4,2-O-2-4-4,2-O-2-4-4,PICK,FALSE,1083
,Ecommerce,2,O,2,4,2-O-2-4-5,2-O-2-4-5,PICK,FALSE,1083
,Ecommerce,2,O,2,4,2-O-2-4-6,2-O-2-4-6,PICK,FALSE,1083
,Ecommerce,2,O,2,4,2-O-2-4-7,2-O-2-4-7,PICK,FALSE,1083
,Ecommerce,2,O,2,4,2-O-2-4-8,2-O-2-4-8,PICK,FALSE,1083
,Ecommerce,2,O,2,4,2-O-2-4-9,2-O-2-4-9,PICK,FALSE,1083
,Ecommerce,2,O,2,4,2-O-2-4-10,2-O-2-4-10,PICK,FALSE,1083
,Ecommerce,2,O,2,4,2-O-2-4-11,2-O-2-4-11,PICK,FALSE,1083
,Ecommerce,2,O,2,4,2-O-2-4-12,2-O-2-4-12,PICK,FALSE,1083
,Ecommerce,2,O,2,4,2-O-2-4-13,2-O-2-4-13,PICK,FALSE,1083
,Ecommerce,2,O,2,4,2-O-2-4-14,2-O-2-4-14,PICK,FALSE,1083
,Ecommerce,2,O,2,4,2-O-2-4-15,2-O-2-4-15,PICK,FALSE,1083
,Ecommerce,2,O,2,4,2-O-2-4-16,2-O-2-4-16,PICK,FALSE,1083
,Ecommerce,2,O,2,4,2-O-2-4-17,2-O-2-4-17,PICK,FALSE,1083
,Ecommerce,2,O,2,4,2-O-2-4-18,2-O-2-4-18,PICK,FALSE,1083
10216,Ecommerce,2,O,2,5,2-O-2-5,2-O-2-5,PICK,FALSE,1084
,Ecommerce,2,O,2,5,2-O-2-5-1,2-O-2-5-1,PICK,FALSE,1084
,Ecommerce,2,O,2,5,2-O-2-5-2,2-O-2-5-2,PICK,FALSE,1084
,Ecommerce,2,O,2,5,2-O-2-5-3,2-O-2-5-3,PICK,FALSE,1084
,Ecommerce,2,O,2,5,2-O-2-5-4,2-O-2-5-4,PICK,FALSE,1084
,Ecommerce,2,O,2,5,2-O-2-5-5,2-O-2-5-5,PICK,FALSE,1084
,Ecommerce,2,O,2,5,2-O-2-5-6,2-O-2-5-6,PICK,FALSE,1084
,Ecommerce,2,O,2,5,2-O-2-5-7,2-O-2-5-7,PICK,FALSE,1084
,Ecommerce,2,O,2,5,2-O-2-5-8,2-O-2-5-8,PICK,FALSE,1084
,Ecommerce,2,O,2,5,2-O-2-5-9,2-O-2-5-9,PICK,FALSE,1084
,Ecommerce,2,O,2,5,2-O-2-5-10,2-O-2-5-10,PICK,FALSE,1084
,Ecommerce,2,O,2,5,2-O-2-5-11,2-O-2-5-11,PICK,FALSE,1084
,Ecommerce,2,O,2,5,2-O-2-5-12,2-O-2-5-12,PICK,FALSE,1084
,Ecommerce,2,O,2,5,2-O-2-5-13,2-O-2-5-13,PICK,FALSE,1084
,Ecommerce,2,O,2,5,2-O-2-5-14,2-O-2-5-14,PICK,FALSE,1084
,Ecommerce,2,O,2,5,2-O-2-5-15,2-O-2-5-15,PICK,FALSE,1084
,Ecommerce,2,O,2,5,2-O-2-5-16,2-O-2-5-16,PICK,FALSE,1084
,Ecommerce,2,O,2,5,2-O-2-5-17,2-O-2-5-17,PICK,FALSE,1084
,Ecommerce,2,O,2,5,2-O-2-5-18,2-O-2-5-18,PICK,FALSE,1084
10215,Ecommerce,2,N,2,2,2-N-2-2,2-N-2-2,PICK,FALSE,1085
10214,Ecommerce,2,N,2,3,2-N-2-3,2-N-2-3,PICK,FALSE,1086
10213,Ecommerce,2,N,2,4,2-N-2-4,2-N-2-4,PICK,FALSE,1087
10212,Ecommerce,2,N,2,5,2-N-2-5,2-N-2-5,PICK,FALSE,1088
10211,Ecommerce,2,O,3,2,2-O-3-2,2-O-3-2,PICK,FALSE,1089
10210,Ecommerce,2,O,3,3,2-O-3-3,2-O-3-3,PICK,FALSE,1090
,Ecommerce,2,O,3,3,2-O-3-3-1,2-O-3-3-1,PICK,FALSE,1090
,Ecommerce,2,O,3,3,2-O-3-3-2,2-O-3-3-2,PICK,FALSE,1090
,Ecommerce,2,O,3,3,2-O-3-3-3,2-O-3-3-3,PICK,FALSE,1090
,Ecommerce,2,O,3,3,2-O-3-3-4,2-O-3-3-4,PICK,FALSE,1090
,Ecommerce,2,O,3,3,2-O-3-3-5,2-O-3-3-5,PICK,FALSE,1090
,Ecommerce,2,O,3,3,2-O-3-3-6,2-O-3-3-6,PICK,FALSE,1090
,Ecommerce,2,O,3,3,2-O-3-3-7,2-O-3-3-7,PICK,FALSE,1090
,Ecommerce,2,O,3,3,2-O-3-3-8,2-O-3-3-8,PICK,FALSE,1090
,Ecommerce,2,O,3,3,2-O-3-3-9,2-O-3-3-9,PICK,FALSE,1090
,Ecommerce,2,O,3,3,2-O-3-3-10,2-O-3-3-10,PICK,FALSE,1090
,Ecommerce,2,O,3,3,2-O-3-3-11,2-O-3-3-11,PICK,FALSE,1090
,Ecommerce,2,O,3,3,2-O-3-3-12,2-O-3-3-12,PICK,FALSE,1090
,Ecommerce,2,O,3,3,2-O-3-3-13,2-O-3-3-13,PICK,FALSE,1090
,Ecommerce,2,O,3,3,2-O-3-3-14,2-O-3-3-14,PICK,FALSE,1090
,Ecommerce,2,O,3,3,2-O-3-3-15,2-O-3-3-15,PICK,FALSE,1090
,Ecommerce,2,O,3,3,2-O-3-3-16,2-O-3-3-16,PICK,FALSE,1090
,Ecommerce,2,O,3,3,2-O-3-3-17,2-O-3-3-17,PICK,FALSE,1090
,Ecommerce,2,O,3,3,2-O-3-3-18,2-O-3-3-18,PICK,FALSE,1090
10209,Ecommerce,2,O,3,4,2-O-3-4,2-O-3-4,PICK,FALSE,1091
,Ecommerce,2,O,3,4,2-O-3-4-1,2-O-3-4-1,PICK,FALSE,1091
,Ecommerce,2,O,3,4,2-O-3-4-2,2-O-3-4-2,PICK,FALSE,1091
,Ecommerce,2,O,3,4,2-O-3-4-3,2-O-3-4-3,PICK,FALSE,1091
,Ecommerce,2,O,3,4,2-O-3-4-4,2-O-3-4-4,PICK,FALSE,1091
,Ecommerce,2,O,3,4,2-O-3-4-5,2-O-3-4-5,PICK,FALSE,1091
,Ecommerce,2,O,3,4,2-O-3-4-6,2-O-3-4-6,PICK,FALSE,1091
,Ecommerce,2,O,3,4,2-O-3-4-7,2-O-3-4-7,PICK,FALSE,1091
,Ecommerce,2,O,3,4,2-O-3-4-8,2-O-3-4-8,PICK,FALSE,1091
,Ecommerce,2,O,3,4,2-O-3-4-9,2-O-3-4-9,PICK,FALSE,1091
,Ecommerce,2,O,3,4,2-O-3-4-10,2-O-3-4-10,PICK,FALSE,1091
,Ecommerce,2,O,3,4,2-O-3-4-11,2-O-3-4-11,PICK,FALSE,1091
,Ecommerce,2,O,3,4,2-O-3-4-12,2-O-3-4-12,PICK,FALSE,1091
,Ecommerce,2,O,3,4,2-O-3-4-13,2-O-3-4-13,PICK,FALSE,1091
,Ecommerce,2,O,3,4,2-O-3-4-14,2-O-3-4-14,PICK,FALSE,1091
,Ecommerce,2,O,3,4,2-O-3-4-15,2-O-3-4-15,PICK,FALSE,1091
,Ecommerce,2,O,3,4,2-O-3-4-16,2-O-3-4-16,PICK,FALSE,1091
,Ecommerce,2,O,3,4,2-O-3-4-17,2-O-3-4-17,PICK,FALSE,1091
,Ecommerce,2,O,3,4,2-O-3-4-18,2-O-3-4-18,PICK,FALSE,1091
10208,Ecommerce,2,O,3,5,2-O-3-5,2-O-3-5,PICK,FALSE,1092
,Ecommerce,2,O,3,5,2-O-3-5-1,2-O-3-5-1,PICK,FALSE,1092
,Ecommerce,2,O,3,5,2-O-3-5-2,2-O-3-5-2,PICK,FALSE,1092
,Ecommerce,2,O,3,5,2-O-3-5-3,2-O-3-5-3,PICK,FALSE,1092
,Ecommerce,2,O,3,5,2-O-3-5-4,2-O-3-5-4,PICK,FALSE,1092
,Ecommerce,2,O,3,5,2-O-3-5-5,2-O-3-5-5,PICK,FALSE,1092
,Ecommerce,2,O,3,5,2-O-3-5-6,2-O-3-5-6,PICK,FALSE,1092
,Ecommerce,2,O,3,5,2-O-3-5-7,2-O-3-5-7,PICK,FALSE,1092
,Ecommerce,2,O,3,5,2-O-3-5-8,2-O-3-5-8,PICK,FALSE,1092
,Ecommerce,2,O,3,5,2-O-3-5-9,2-O-3-5-9,PICK,FALSE,1092
,Ecommerce,2,O,3,5,2-O-3-5-10,2-O-3-5-10,PICK,FALSE,1092
,Ecommerce,2,O,3,5,2-O-3-5-11,2-O-3-5-11,PICK,FALSE,1092
,Ecommerce,2,O,3,5,2-O-3-5-12,2-O-3-5-12,PICK,FALSE,1092
,Ecommerce,2,O,3,5,2-O-3-5-13,2-O-3-5-13,PICK,FALSE,1092
,Ecommerce,2,O,3,5,2-O-3-5-14,2-O-3-5-14,PICK,FALSE,1092
,Ecommerce,2,O,3,5,2-O-3-5-15,2-O-3-5-15,PICK,FALSE,1092
,Ecommerce,2,O,3,5,2-O-3-5-16,2-O-3-5-16,PICK,FALSE,1092
,Ecommerce,2,O,3,5,2-O-3-5-17,2-O-3-5-17,PICK,FALSE,1092
,Ecommerce,2,O,3,5,2-O-3-5-18,2-O-3-5-18,PICK,FALSE,1092
10207,Ecommerce,2,N,3,2,2-N-3-2,2-N-3-2,PICK,FALSE,1093
10206,Ecommerce,2,N,3,3,2-N-3-3,2-N-3-3,PICK,FALSE,1094
10205,Ecommerce,2,N,3,4,2-N-3-4,2-N-3-4,PICK,FALSE,1095
10204,Ecommerce,2,N,3,5,2-N-3-5,2-N-3-5,PICK,FALSE,1096
10203,Ecommerce,2,O,4,2,2-O-4-2,2-O-4-2,PICK,FALSE,1097
10202,Ecommerce,2,O,4,3,2-O-4-3,2-O-4-3,PICK,FALSE,1098
,Ecommerce,2,O,4,3,2-O-4-3-1,2-O-4-3-1,PICK,FALSE,1098
,Ecommerce,2,O,4,3,2-O-4-3-2,2-O-4-3-2,PICK,FALSE,1098
,Ecommerce,2,O,4,3,2-O-4-3-3,2-O-4-3-3,PICK,FALSE,1098
,Ecommerce,2,O,4,3,2-O-4-3-4,2-O-4-3-4,PICK,FALSE,1098
,Ecommerce,2,O,4,3,2-O-4-3-5,2-O-4-3-5,PICK,FALSE,1098
,Ecommerce,2,O,4,3,2-O-4-3-6,2-O-4-3-6,PICK,FALSE,1098
,Ecommerce,2,O,4,3,2-O-4-3-7,2-O-4-3-7,PICK,FALSE,1098
,Ecommerce,2,O,4,3,2-O-4-3-8,2-O-4-3-8,PICK,FALSE,1098
,Ecommerce,2,O,4,3,2-O-4-3-9,2-O-4-3-9,PICK,FALSE,1098
,Ecommerce,2,O,4,3,2-O-4-3-10,2-O-4-3-10,PICK,FALSE,1098
,Ecommerce,2,O,4,3,2-O-4-3-11,2-O-4-3-11,PICK,FALSE,1098
,Ecommerce,2,O,4,3,2-O-4-3-12,2-O-4-3-12,PICK,FALSE,1098
,Ecommerce,2,O,4,3,2-O-4-3-13,2-O-4-3-13,PICK,FALSE,1098
,Ecommerce,2,O,4,3,2-O-4-3-14,2-O-4-3-14,PICK,FALSE,1098
,Ecommerce,2,O,4,3,2-O-4-3-15,2-O-4-3-15,PICK,FALSE,1098
,Ecommerce,2,O,4,3,2-O-4-3-16,2-O-4-3-16,PICK,FALSE,1098
,Ecommerce,2,O,4,3,2-O-4-3-17,2-O-4-3-17,PICK,FALSE,1098
,Ecommerce,2,O,4,3,2-O-4-3-18,2-O-4-3-18,PICK,FALSE,1098
10201,Ecommerce,2,O,4,4,2-O-4-4,2-O-4-4,PICK,FALSE,1099
,Ecommerce,2,O,4,4,2-O-4-4-1,2-O-4-4-1,PICK,FALSE,1099
,Ecommerce,2,O,4,4,2-O-4-4-2,2-O-4-4-2,PICK,FALSE,1099
,Ecommerce,2,O,4,4,2-O-4-4-3,2-O-4-4-3,PICK,FALSE,1099
,Ecommerce,2,O,4,4,2-O-4-4-4,2-O-4-4-4,PICK,FALSE,1099
,Ecommerce,2,O,4,4,2-O-4-4-5,2-O-4-4-5,PICK,FALSE,1099
,Ecommerce,2,O,4,4,2-O-4-4-6,2-O-4-4-6,PICK,FALSE,1099
,Ecommerce,2,O,4,4,2-O-4-4-7,2-O-4-4-7,PICK,FALSE,1099
,Ecommerce,2,O,4,4,2-O-4-4-8,2-O-4-4-8,PICK,FALSE,1099
,Ecommerce,2,O,4,4,2-O-4-4-9,2-O-4-4-9,PICK,FALSE,1099
,Ecommerce,2,O,4,4,2-O-4-4-10,2-O-4-4-10,PICK,FALSE,1099
,Ecommerce,2,O,4,4,2-O-4-4-11,2-O-4-4-11,PICK,FALSE,1099
,Ecommerce,2,O,4,4,2-O-4-4-12,2-O-4-4-12,PICK,FALSE,1099
,Ecommerce,2,O,4,4,2-O-4-4-13,2-O-4-4-13,PICK,FALSE,1099
,Ecommerce,2,O,4,4,2-O-4-4-14,2-O-4-4-14,PICK,FALSE,1099
,Ecommerce,2,O,4,4,2-O-4-4-15,2-O-4-4-15,PICK,FALSE,1099
,Ecommerce,2,O,4,4,2-O-4-4-16,2-O-4-4-16,PICK,FALSE,1099
,Ecommerce,2,O,4,4,2-O-4-4-17,2-O-4-4-17,PICK,FALSE,1099
,Ecommerce,2,O,4,4,2-O-4-4-18,2-O-4-4-18,PICK,FALSE,1099
10200,Ecommerce,2,O,4,5,2-O-4-5,2-O-4-5,PICK,FALSE,1100
,Ecommerce,2,O,4,5,2-O-4-5-1,2-O-4-5-1,PICK,FALSE,1100
,Ecommerce,2,O,4,5,2-O-4-5-2,2-O-4-5-2,PICK,FALSE,1100
,Ecommerce,2,O,4,5,2-O-4-5-3,2-O-4-5-3,PICK,FALSE,1100
,Ecommerce,2,O,4,5,2-O-4-5-4,2-O-4-5-4,PICK,FALSE,1100
,Ecommerce,2,O,4,5,2-O-4-5-5,2-O-4-5-5,PICK,FALSE,1100
,Ecommerce,2,O,4,5,2-O-4-5-6,2-O-4-5-6,PICK,FALSE,1100
,Ecommerce,2,O,4,5,2-O-4-5-7,2-O-4-5-7,PICK,FALSE,1100
,Ecommerce,2,O,4,5,2-O-4-5-8,2-O-4-5-8,PICK,FALSE,1100
,Ecommerce,2,O,4,5,2-O-4-5-9,2-O-4-5-9,PICK,FALSE,1100
,Ecommerce,2,O,4,5,2-O-4-5-10,2-O-4-5-10,PICK,FALSE,1100
,Ecommerce,2,O,4,5,2-O-4-5-11,2-O-4-5-11,PICK,FALSE,1100
,Ecommerce,2,O,4,5,2-O-4-5-12,2-O-4-5-12,PICK,FALSE,1100
,Ecommerce,2,O,4,5,2-O-4-5-13,2-O-4-5-13,PICK,FALSE,1100
,Ecommerce,2,O,4,5,2-O-4-5-14,2-O-4-5-14,PICK,FALSE,1100
,Ecommerce,2,O,4,5,2-O-4-5-15,2-O-4-5-15,PICK,FALSE,1100
,Ecommerce,2,O,4,5,2-O-4-5-16,2-O-4-5-16,PICK,FALSE,1100
,Ecommerce,2,O,4,5,2-O-4-5-17,2-O-4-5-17,PICK,FALSE,1100
,Ecommerce,2,O,4,5,2-O-4-5-18,2-O-4-5-18,PICK,FALSE,1100
10199,Ecommerce,2,N,4,2,2-N-4-2,2-N-4-2,PICK,FALSE,1101
10198,Ecommerce,2,N,4,3,2-N-4-3,2-N-4-3,PICK,FALSE,1102
10197,Ecommerce,2,N,4,4,2-N-4-4,2-N-4-4,PICK,FALSE,1103
10196,Ecommerce,2,N,4,5,2-N-4-5,2-N-4-5,PICK,FALSE,1104
10195,Ecommerce,2,O,5,2,2-O-5-2,2-O-5-2,PICK,FALSE,1105
10194,Ecommerce,2,O,5,3,2-O-5-3,2-O-5-3,PICK,FALSE,1106
,Ecommerce,2,O,5,3,2-O-5-3-1,2-O-5-3-1,PICK,FALSE,1106
,Ecommerce,2,O,5,3,2-O-5-3-2,2-O-5-3-2,PICK,FALSE,1106
,Ecommerce,2,O,5,3,2-O-5-3-3,2-O-5-3-3,PICK,FALSE,1106
,Ecommerce,2,O,5,3,2-O-5-3-4,2-O-5-3-4,PICK,FALSE,1106
,Ecommerce,2,O,5,3,2-O-5-3-5,2-O-5-3-5,PICK,FALSE,1106
,Ecommerce,2,O,5,3,2-O-5-3-6,2-O-5-3-6,PICK,FALSE,1106
,Ecommerce,2,O,5,3,2-O-5-3-7,2-O-5-3-7,PICK,FALSE,1106
,Ecommerce,2,O,5,3,2-O-5-3-8,2-O-5-3-8,PICK,FALSE,1106
,Ecommerce,2,O,5,3,2-O-5-3-9,2-O-5-3-9,PICK,FALSE,1106
,Ecommerce,2,O,5,3,2-O-5-3-10,2-O-5-3-10,PICK,FALSE,1106
,Ecommerce,2,O,5,3,2-O-5-3-11,2-O-5-3-11,PICK,FALSE,1106
,Ecommerce,2,O,5,3,2-O-5-3-12,2-O-5-3-12,PICK,FALSE,1106
,Ecommerce,2,O,5,3,2-O-5-3-13,2-O-5-3-13,PICK,FALSE,1106
,Ecommerce,2,O,5,3,2-O-5-3-14,2-O-5-3-14,PICK,FALSE,1106
,Ecommerce,2,O,5,3,2-O-5-3-15,2-O-5-3-15,PICK,FALSE,1106
,Ecommerce,2,O,5,3,2-O-5-3-16,2-O-5-3-16,PICK,FALSE,1106
,Ecommerce,2,O,5,3,2-O-5-3-17,2-O-5-3-17,PICK,FALSE,1106
,Ecommerce,2,O,5,3,2-O-5-3-18,2-O-5-3-18,PICK,FALSE,1106
10193,Ecommerce,2,O,5,4,2-O-5-4,2-O-5-4,PICK,FALSE,1107
,Ecommerce,2,O,5,4,2-O-5-4-1,2-O-5-4-1,PICK,FALSE,1107
,Ecommerce,2,O,5,4,2-O-5-4-2,2-O-5-4-2,PICK,FALSE,1107
,Ecommerce,2,O,5,4,2-O-5-4-3,2-O-5-4-3,PICK,FALSE,1107
,Ecommerce,2,O,5,4,2-O-5-4-4,2-O-5-4-4,PICK,FALSE,1107
,Ecommerce,2,O,5,4,2-O-5-4-5,2-O-5-4-5,PICK,FALSE,1107
,Ecommerce,2,O,5,4,2-O-5-4-6,2-O-5-4-6,PICK,FALSE,1107
,Ecommerce,2,O,5,4,2-O-5-4-7,2-O-5-4-7,PICK,FALSE,1107
,Ecommerce,2,O,5,4,2-O-5-4-8,2-O-5-4-8,PICK,FALSE,1107
,Ecommerce,2,O,5,4,2-O-5-4-9,2-O-5-4-9,PICK,FALSE,1107
,Ecommerce,2,O,5,4,2-O-5-4-10,2-O-5-4-10,PICK,FALSE,1107
,Ecommerce,2,O,5,4,2-O-5-4-11,2-O-5-4-11,PICK,FALSE,1107
,Ecommerce,2,O,5,4,2-O-5-4-12,2-O-5-4-12,PICK,FALSE,1107
,Ecommerce,2,O,5,4,2-O-5-4-13,2-O-5-4-13,PICK,FALSE,1107
,Ecommerce,2,O,5,4,2-O-5-4-14,2-O-5-4-14,PICK,FALSE,1107
,Ecommerce,2,O,5,4,2-O-5-4-15,2-O-5-4-15,PICK,FALSE,1107
,Ecommerce,2,O,5,4,2-O-5-4-16,2-O-5-4-16,PICK,FALSE,1107
,Ecommerce,2,O,5,4,2-O-5-4-17,2-O-5-4-17,PICK,FALSE,1107
,Ecommerce,2,O,5,4,2-O-5-4-18,2-O-5-4-18,PICK,FALSE,1107
10192,Ecommerce,2,O,5,5,2-O-5-5,2-O-5-5,PICK,FALSE,1108
,Ecommerce,2,O,5,5,2-O-5-5-1,2-O-5-5-1,PICK,FALSE,1108
,Ecommerce,2,O,5,5,2-O-5-5-2,2-O-5-5-2,PICK,FALSE,1108
,Ecommerce,2,O,5,5,2-O-5-5-3,2-O-5-5-3,PICK,FALSE,1108
,Ecommerce,2,O,5,5,2-O-5-5-4,2-O-5-5-4,PICK,FALSE,1108
,Ecommerce,2,O,5,5,2-O-5-5-5,2-O-5-5-5,PICK,FALSE,1108
,Ecommerce,2,O,5,5,2-O-5-5-6,2-O-5-5-6,PICK,FALSE,1108
,Ecommerce,2,O,5,5,2-O-5-5-7,2-O-5-5-7,PICK,FALSE,1108
,Ecommerce,2,O,5,5,2-O-5-5-8,2-O-5-5-8,PICK,FALSE,1108
,Ecommerce,2,O,5,5,2-O-5-5-9,2-O-5-5-9,PICK,FALSE,1108
,Ecommerce,2,O,5,5,2-O-5-5-10,2-O-5-5-10,PICK,FALSE,1108
,Ecommerce,2,O,5,5,2-O-5-5-11,2-O-5-5-11,PICK,FALSE,1108
,Ecommerce,2,O,5,5,2-O-5-5-12,2-O-5-5-12,PICK,FALSE,1108
,Ecommerce,2,O,5,5,2-O-5-5-13,2-O-5-5-13,PICK,FALSE,1108
,Ecommerce,2,O,5,5,2-O-5-5-14,2-O-5-5-14,PICK,FALSE,1108
,Ecommerce,2,O,5,5,2-O-5-5-15,2-O-5-5-15,PICK,FALSE,1108
,Ecommerce,2,O,5,5,2-O-5-5-16,2-O-5-5-16,PICK,FALSE,1108
,Ecommerce,2,O,5,5,2-O-5-5-17,2-O-5-5-17,PICK,FALSE,1108
,Ecommerce,2,O,5,5,2-O-5-5-18,2-O-5-5-18,PICK,FALSE,1108
5040,Ecommerce,2,N,5,2,2-N-5-2,2-N-5-2,PICK,FALSE,1109
10191,Ecommerce,2,N,5,3,2-N-5-3,2-N-5-3,PICK,FALSE,1110
5039,Ecommerce,2,N,5,4,2-N-5-4,2-N-5-4,PICK,FALSE,1111
5038,Ecommerce,2,N,5,5,2-N-5-5,2-N-5-5,PICK,FALSE,1112
10190,Ecommerce,2,O,6,2,2-O-6-2,2-O-6-2,PICK,FALSE,1113
10189,Ecommerce,2,O,6,3,2-O-6-3,2-O-6-3,PICK,FALSE,1114
,Ecommerce,2,O,6,3,2-O-6-3-1,2-O-6-3-1,PICK,FALSE,1114
,Ecommerce,2,O,6,3,2-O-6-3-2,2-O-6-3-2,PICK,FALSE,1114
,Ecommerce,2,O,6,3,2-O-6-3-3,2-O-6-3-3,PICK,FALSE,1114
,Ecommerce,2,O,6,3,2-O-6-3-4,2-O-6-3-4,PICK,FALSE,1114
,Ecommerce,2,O,6,3,2-O-6-3-5,2-O-6-3-5,PICK,FALSE,1114
,Ecommerce,2,O,6,3,2-O-6-3-6,2-O-6-3-6,PICK,FALSE,1114
,Ecommerce,2,O,6,3,2-O-6-3-7,2-O-6-3-7,PICK,FALSE,1114
,Ecommerce,2,O,6,3,2-O-6-3-8,2-O-6-3-8,PICK,FALSE,1114
,Ecommerce,2,O,6,3,2-O-6-3-9,2-O-6-3-9,PICK,FALSE,1114
,Ecommerce,2,O,6,3,2-O-6-3-10,2-O-6-3-10,PICK,FALSE,1114
,Ecommerce,2,O,6,3,2-O-6-3-11,2-O-6-3-11,PICK,FALSE,1114
,Ecommerce,2,O,6,3,2-O-6-3-12,2-O-6-3-12,PICK,FALSE,1114
,Ecommerce,2,O,6,3,2-O-6-3-13,2-O-6-3-13,PICK,FALSE,1114
,Ecommerce,2,O,6,3,2-O-6-3-14,2-O-6-3-14,PICK,FALSE,1114
,Ecommerce,2,O,6,3,2-O-6-3-15,2-O-6-3-15,PICK,FALSE,1114
,Ecommerce,2,O,6,3,2-O-6-3-16,2-O-6-3-16,PICK,FALSE,1114
,Ecommerce,2,O,6,3,2-O-6-3-17,2-O-6-3-17,PICK,FALSE,1114
,Ecommerce,2,O,6,3,2-O-6-3-18,2-O-6-3-18,PICK,FALSE,1114
10188,Ecommerce,2,O,6,4,2-O-6-4,2-O-6-4,PICK,FALSE,1115
,Ecommerce,2,O,6,4,2-O-6-4-1,2-O-6-4-1,PICK,FALSE,1115
,Ecommerce,2,O,6,4,2-O-6-4-2,2-O-6-4-2,PICK,FALSE,1115
,Ecommerce,2,O,6,4,2-O-6-4-3,2-O-6-4-3,PICK,FALSE,1115
,Ecommerce,2,O,6,4,2-O-6-4-4,2-O-6-4-4,PICK,FALSE,1115
,Ecommerce,2,O,6,4,2-O-6-4-5,2-O-6-4-5,PICK,FALSE,1115
,Ecommerce,2,O,6,4,2-O-6-4-6,2-O-6-4-6,PICK,FALSE,1115
,Ecommerce,2,O,6,4,2-O-6-4-7,2-O-6-4-7,PICK,FALSE,1115
,Ecommerce,2,O,6,4,2-O-6-4-8,2-O-6-4-8,PICK,FALSE,1115
,Ecommerce,2,O,6,4,2-O-6-4-9,2-O-6-4-9,PICK,FALSE,1115
,Ecommerce,2,O,6,4,2-O-6-4-10,2-O-6-4-10,PICK,FALSE,1115
,Ecommerce,2,O,6,4,2-O-6-4-11,2-O-6-4-11,PICK,FALSE,1115
,Ecommerce,2,O,6,4,2-O-6-4-12,2-O-6-4-12,PICK,FALSE,1115
,Ecommerce,2,O,6,4,2-O-6-4-13,2-O-6-4-13,PICK,FALSE,1115
,Ecommerce,2,O,6,4,2-O-6-4-14,2-O-6-4-14,PICK,FALSE,1115
,Ecommerce,2,O,6,4,2-O-6-4-15,2-O-6-4-15,PICK,FALSE,1115
,Ecommerce,2,O,6,4,2-O-6-4-16,2-O-6-4-16,PICK,FALSE,1115
,Ecommerce,2,O,6,4,2-O-6-4-17,2-O-6-4-17,PICK,FALSE,1115
,Ecommerce,2,O,6,4,2-O-6-4-18,2-O-6-4-18,PICK,FALSE,1115
10187,Ecommerce,2,O,6,5,2-O-6-5,2-O-6-5,PICK,FALSE,1116
,Ecommerce,2,O,6,5,2-O-6-5-1,2-O-6-5-1,PICK,FALSE,1116
,Ecommerce,2,O,6,5,2-O-6-5-2,2-O-6-5-2,PICK,FALSE,1116
,Ecommerce,2,O,6,5,2-O-6-5-3,2-O-6-5-3,PICK,FALSE,1116
,Ecommerce,2,O,6,5,2-O-6-5-4,2-O-6-5-4,PICK,FALSE,1116
,Ecommerce,2,O,6,5,2-O-6-5-5,2-O-6-5-5,PICK,FALSE,1116
,Ecommerce,2,O,6,5,2-O-6-5-6,2-O-6-5-6,PICK,FALSE,1116
,Ecommerce,2,O,6,5,2-O-6-5-7,2-O-6-5-7,PICK,FALSE,1116
,Ecommerce,2,O,6,5,2-O-6-5-8,2-O-6-5-8,PICK,FALSE,1116
,Ecommerce,2,O,6,5,2-O-6-5-9,2-O-6-5-9,PICK,FALSE,1116
,Ecommerce,2,O,6,5,2-O-6-5-10,2-O-6-5-10,PICK,FALSE,1116
,Ecommerce,2,O,6,5,2-O-6-5-11,2-O-6-5-11,PICK,FALSE,1116
,Ecommerce,2,O,6,5,2-O-6-5-12,2-O-6-5-12,PICK,FALSE,1116
,Ecommerce,2,O,6,5,2-O-6-5-13,2-O-6-5-13,PICK,FALSE,1116
,Ecommerce,2,O,6,5,2-O-6-5-14,2-O-6-5-14,PICK,FALSE,1116
,Ecommerce,2,O,6,5,2-O-6-5-15,2-O-6-5-15,PICK,FALSE,1116
,Ecommerce,2,O,6,5,2-O-6-5-16,2-O-6-5-16,PICK,FALSE,1116
,Ecommerce,2,O,6,5,2-O-6-5-17,2-O-6-5-17,PICK,FALSE,1116
,Ecommerce,2,O,6,5,2-O-6-5-18,2-O-6-5-18,PICK,FALSE,1116
5035,Ecommerce,2,N,6,2,2-N-6-2,2-N-6-2,PICK,FALSE,1117
10186,Ecommerce,2,N,6,3,2-N-6-3,2-N-6-3,PICK,FALSE,1118
5034,Ecommerce,2,N,6,4,2-N-6-4,2-N-6-4,PICK,FALSE,1119
5033,Ecommerce,2,N,6,5,2-N-6-5,2-N-6-5,PICK,FALSE,1120
10185,Ecommerce,2,O,7,2,2-O-7-2,2-O-7-2,PICK,FALSE,1121
10184,Ecommerce,2,O,7,3,2-O-7-3,2-O-7-3,PICK,FALSE,1122
10183,Ecommerce,2,O,7,4,2-O-7-4,2-O-7-4,PICK,FALSE,1123
10182,Ecommerce,2,O,7,5,2-O-7-5,2-O-7-5,PICK,FALSE,1124
5030,Ecommerce,2,N,7,2,2-N-7-2,2-N-7-2,PICK,FALSE,1125
5029,Ecommerce,2,N,7,3,2-N-7-3,2-N-7-3,PICK,FALSE,1126
5028,Ecommerce,2,N,7,4,2-N-7-4,2-N-7-4,PICK,FALSE,1127
5027,Ecommerce,2,N,7,5,2-N-7-5,2-N-7-5,PICK,FALSE,1128
10181,Ecommerce,2,O,8,2,2-O-8-2,2-O-8-2,PICK,FALSE,1129
10180,Ecommerce,2,O,8,3,2-O-8-3,2-O-8-3,PICK,FALSE,1130
10179,Ecommerce,2,O,8,4,2-O-8-4,2-O-8-4,PICK,FALSE,1131
10178,Ecommerce,2,O,8,5,2-O-8-5,2-O-8-5,PICK,FALSE,1132
5026,Ecommerce,2,N,8,2,2-N-8-2,2-N-8-2,PICK,FALSE,1133
5025,Ecommerce,2,N,8,3,2-N-8-3,2-N-8-3,PICK,FALSE,1134
5024,Ecommerce,2,N,8,4,2-N-8-4,2-N-8-4,PICK,FALSE,1135
5023,Ecommerce,2,N,8,5,2-N-8-5,2-N-8-5,PICK,FALSE,1136
10177,Ecommerce,2,O,9,2,2-O-9-2,2-O-9-2,PICK,FALSE,1137
10176,Ecommerce,2,O,9,3,2-O-9-3,2-O-9-3,PICK,FALSE,1138
10175,Ecommerce,2,O,9,4,2-O-9-4,2-O-9-4,PICK,FALSE,1139
10174,Ecommerce,2,O,9,5,2-O-9-5,2-O-9-5,PICK,FALSE,1140
10173,Ecommerce,2,N,9,2,2-N-9-2,2-N-9-2,PICK,FALSE,1141
10172,Ecommerce,2,N,9,3,2-N-9-3,2-N-9-3,PICK,FALSE,1142
10171,Ecommerce,2,N,9,4,2-N-9-4,2-N-9-4,PICK,FALSE,1143
10170,Ecommerce,2,N,9,5,2-N-9-5,2-N-9-5,PICK,FALSE,1144
10169,Ecommerce,2,O,10,2,2-O-10-2,2-O-10-2,PICK,FALSE,1145
10168,Ecommerce,2,O,10,3,2-O-10-3,2-O-10-3,PICK,FALSE,1146
10167,Ecommerce,2,O,10,4,2-O-10-4,2-O-10-4,PICK,FALSE,1147
10166,Ecommerce,2,O,10,5,2-O-10-5,2-O-10-5,PICK,FALSE,1148
10165,Ecommerce,2,N,10,2,2-N-10-2,2-N-10-2,PICK,FALSE,1149
10164,Ecommerce,2,N,10,3,2-N-10-3,2-N-10-3,PICK,FALSE,1150
10163,Ecommerce,2,N,10,4,2-N-10-4,2-N-10-4,PICK,FALSE,1151
10162,Ecommerce,2,N,10,5,2-N-10-5,2-N-10-5,PICK,FALSE,1152
10161,Ecommerce,2,O,11,2,2-O-11-2,2-O-11-2,PICK,FALSE,1153
10160,Ecommerce,2,O,11,3,2-O-11-3,2-O-11-3,PICK,FALSE,1154
10159,Ecommerce,2,O,11,4,2-O-11-4,2-O-11-4,PICK,FALSE,1155
10158,Ecommerce,2,O,11,5,2-O-11-5,2-O-11-5,PICK,FALSE,1156
10157,Ecommerce,2,N,11,2,2-N-11-2,2-N-11-2,PICK,FALSE,1157
10156,Ecommerce,2,N,11,3,2-N-11-3,2-N-11-3,PICK,FALSE,1158
10155,Ecommerce,2,N,11,4,2-N-11-4,2-N-11-4,PICK,FALSE,1159
10154,Ecommerce,2,N,11,5,2-N-11-5,2-N-11-5,PICK,FALSE,1160
10153,Ecommerce,2,O,12,2,2-O-12-2,2-O-12-2,PICK,FALSE,1161
10152,Ecommerce,2,O,12,3,2-O-12-3,2-O-12-3,PICK,FALSE,1162
10151,Ecommerce,2,O,12,4,2-O-12-4,2-O-12-4,PICK,FALSE,1163
10150,Ecommerce,2,O,12,5,2-O-12-5,2-O-12-5,PICK,FALSE,1164
10149,Ecommerce,2,N,12,2,2-N-12-2,2-N-12-2,PICK,FALSE,1165
10148,Ecommerce,2,N,12,3,2-N-12-3,2-N-12-3,PICK,FALSE,1166
10147,Ecommerce,2,N,12,4,2-N-12-4,2-N-12-4,PICK,FALSE,1167
10146,Ecommerce,2,N,12,5,2-N-12-5,2-N-12-5,PICK,FALSE,1168
8401,Ecommerce,2,M,12,2,2-M-12-2,2-M-12-2,PICK,FALSE,1169
8412,Ecommerce,2,M,12,3,2-M-12-3,2-M-12-3,PICK,FALSE,1170
8424,Ecommerce,2,M,12,4,2-M-12-4,2-M-12-4,PICK,FALSE,1171
10145,Ecommerce,2,M,12,5,2-M-12-5,2-M-12-5,PICK,FALSE,1172
4447,Ecommerce,2,L,12,2,2-L-12-2,2-L-12-2,PICK,FALSE,1173
16793,Ecommerce,2,L,12,2,2-L-12-2-1,2-L-12-2-1,PICK,FALSE,1173
16794,Ecommerce,2,L,12,2,2-L-12-2-2,2-L-12-2-2,PICK,FALSE,1173
16795,Ecommerce,2,L,12,2,2-L-12-2-3,2-L-12-2-3,PICK,FALSE,1173
16796,Ecommerce,2,L,12,2,2-L-12-2-4,2-L-12-2-4,PICK,FALSE,1173
16797,Ecommerce,2,L,12,2,2-L-12-2-5,2-L-12-2-5,PICK,FALSE,1173
16798,Ecommerce,2,L,12,2,2-L-12-2-6,2-L-12-2-6,PICK,FALSE,1173
16799,Ecommerce,2,L,12,2,2-L-12-2-7,2-L-12-2-7,PICK,FALSE,1173
16800,Ecommerce,2,L,12,2,2-L-12-2-8,2-L-12-2-8,PICK,FALSE,1173
16801,Ecommerce,2,L,12,2,2-L-12-2-9,2-L-12-2-9,PICK,FALSE,1173
16802,Ecommerce,2,L,12,2,2-L-12-2-10,2-L-12-2-10,PICK,FALSE,1173
16803,Ecommerce,2,L,12,2,2-L-12-2-11,2-L-12-2-11,PICK,FALSE,1173
16804,Ecommerce,2,L,12,2,2-L-12-2-12,2-L-12-2-12,PICK,FALSE,1173
16805,Ecommerce,2,L,12,2,2-L-12-2-13,2-L-12-2-13,PICK,FALSE,1173
16806,Ecommerce,2,L,12,2,2-L-12-2-14,2-L-12-2-14,PICK,FALSE,1173
16807,Ecommerce,2,L,12,2,2-L-12-2-15,2-L-12-2-15,PICK,FALSE,1173
16808,Ecommerce,2,L,12,2,2-L-12-2-16,2-L-12-2-16,PICK,FALSE,1173
16809,Ecommerce,2,L,12,2,2-L-12-2-17,2-L-12-2-17,PICK,FALSE,1173
16810,Ecommerce,2,L,12,2,2-L-12-2-18,2-L-12-2-18,PICK,FALSE,1173
16811,Ecommerce,2,L,12,3,2-L-12-3-1,2-L-12-3-1,PICK,FALSE,1174
16812,Ecommerce,2,L,12,3,2-L-12-3-2,2-L-12-3-2,PICK,FALSE,1174
16813,Ecommerce,2,L,12,3,2-L-12-3-3,2-L-12-3-3,PICK,FALSE,1174
16814,Ecommerce,2,L,12,3,2-L-12-3-4,2-L-12-3-4,PICK,FALSE,1174
16815,Ecommerce,2,L,12,3,2-L-12-3-5,2-L-12-3-5,PICK,FALSE,1174
16816,Ecommerce,2,L,12,3,2-L-12-3-6,2-L-12-3-6,PICK,FALSE,1174
16817,Ecommerce,2,L,12,3,2-L-12-3-7,2-L-12-3-7,PICK,FALSE,1174
16818,Ecommerce,2,L,12,3,2-L-12-3-8,2-L-12-3-8,PICK,FALSE,1174
16819,Ecommerce,2,L,12,3,2-L-12-3-9,2-L-12-3-9,PICK,FALSE,1174
16820,Ecommerce,2,L,12,3,2-L-12-3-10,2-L-12-3-10,PICK,FALSE,1174
16821,Ecommerce,2,L,12,3,2-L-12-3-11,2-L-12-3-11,PICK,FALSE,1174
16822,Ecommerce,2,L,12,3,2-L-12-3-12,2-L-12-3-12,PICK,FALSE,1174
16823,Ecommerce,2,L,12,3,2-L-12-3-13,2-L-12-3-13,PICK,FALSE,1174
16824,Ecommerce,2,L,12,3,2-L-12-3-14,2-L-12-3-14,PICK,FALSE,1174
16825,Ecommerce,2,L,12,3,2-L-12-3-15,2-L-12-3-15,PICK,FALSE,1174
16826,Ecommerce,2,L,12,3,2-L-12-3-16,2-L-12-3-16,PICK,FALSE,1174
16827,Ecommerce,2,L,12,3,2-L-12-3-17,2-L-12-3-17,PICK,FALSE,1174
16828,Ecommerce,2,L,12,3,2-L-12-3-18,2-L-12-3-18,PICK,FALSE,1174
10144,Ecommerce,2,L,12,3,2-L-12-3,2-L-12-3,PICK,FALSE,1174
10143,Ecommerce,2,L,12,4,2-L-12-4,2-L-12-4,PICK,FALSE,1175
16829,Ecommerce,2,L,12,4,2-L-12-4-1,2-L-12-4-1,PICK,FALSE,1175
16830,Ecommerce,2,L,12,4,2-L-12-4-2,2-L-12-4-2,PICK,FALSE,1175
16831,Ecommerce,2,L,12,4,2-L-12-4-3,2-L-12-4-3,PICK,FALSE,1175
16832,Ecommerce,2,L,12,4,2-L-12-4-4,2-L-12-4-4,PICK,FALSE,1175
16833,Ecommerce,2,L,12,4,2-L-12-4-5,2-L-12-4-5,PICK,FALSE,1175
16834,Ecommerce,2,L,12,4,2-L-12-4-6,2-L-12-4-6,PICK,FALSE,1175
16835,Ecommerce,2,L,12,4,2-L-12-4-7,2-L-12-4-7,PICK,FALSE,1175
16836,Ecommerce,2,L,12,4,2-L-12-4-8,2-L-12-4-8,PICK,FALSE,1175
16837,Ecommerce,2,L,12,4,2-L-12-4-9,2-L-12-4-9,PICK,FALSE,1175
16838,Ecommerce,2,L,12,4,2-L-12-4-10,2-L-12-4-10,PICK,FALSE,1175
16839,Ecommerce,2,L,12,4,2-L-12-4-11,2-L-12-4-11,PICK,FALSE,1175
16840,Ecommerce,2,L,12,4,2-L-12-4-12,2-L-12-4-12,PICK,FALSE,1175
16841,Ecommerce,2,L,12,4,2-L-12-4-13,2-L-12-4-13,PICK,FALSE,1175
16842,Ecommerce,2,L,12,4,2-L-12-4-14,2-L-12-4-14,PICK,FALSE,1175
16843,Ecommerce,2,L,12,4,2-L-12-4-15,2-L-12-4-15,PICK,FALSE,1175
16844,Ecommerce,2,L,12,4,2-L-12-4-16,2-L-12-4-16,PICK,FALSE,1175
16845,Ecommerce,2,L,12,4,2-L-12-4-17,2-L-12-4-17,PICK,FALSE,1175
16846,Ecommerce,2,L,12,4,2-L-12-4-18,2-L-12-4-18,PICK,FALSE,1175
10142,Ecommerce,2,L,12,5,2-L-12-5,2-L-12-5,PICK,FALSE,1176
8400,Ecommerce,2,M,11,2,2-M-11-2,2-M-11-2,PICK,FALSE,1177
8411,Ecommerce,2,M,11,3,2-M-11-3,2-M-11-3,PICK,FALSE,1178
8423,Ecommerce,2,M,11,4,2-M-11-4,2-M-11-4,PICK,FALSE,1179
10141,Ecommerce,2,M,11,5,2-M-11-5,2-M-11-5,PICK,FALSE,1180
10140,Ecommerce,2,L,11,2,2-L-11-2,2-L-11-2,PICK,FALSE,1181
16847,Ecommerce,2,L,11,2,2-L-11-2-1,2-L-11-2-1,PICK,FALSE,1181
16848,Ecommerce,2,L,11,2,2-L-11-2-2,2-L-11-2-2,PICK,FALSE,1181
16849,Ecommerce,2,L,11,2,2-L-11-2-3,2-L-11-2-3,PICK,FALSE,1181
16850,Ecommerce,2,L,11,2,2-L-11-2-4,2-L-11-2-4,PICK,FALSE,1181
16851,Ecommerce,2,L,11,2,2-L-11-2-5,2-L-11-2-5,PICK,FALSE,1181
16852,Ecommerce,2,L,11,2,2-L-11-2-6,2-L-11-2-6,PICK,FALSE,1181
16853,Ecommerce,2,L,11,2,2-L-11-2-7,2-L-11-2-7,PICK,FALSE,1181
16854,Ecommerce,2,L,11,2,2-L-11-2-8,2-L-11-2-8,PICK,FALSE,1181
16855,Ecommerce,2,L,11,2,2-L-11-2-9,2-L-11-2-9,PICK,FALSE,1181
16856,Ecommerce,2,L,11,2,2-L-11-2-10,2-L-11-2-10,PICK,FALSE,1181
16857,Ecommerce,2,L,11,2,2-L-11-2-11,2-L-11-2-11,PICK,FALSE,1181
16858,Ecommerce,2,L,11,2,2-L-11-2-12,2-L-11-2-12,PICK,FALSE,1181
16859,Ecommerce,2,L,11,2,2-L-11-2-13,2-L-11-2-13,PICK,FALSE,1181
16860,Ecommerce,2,L,11,2,2-L-11-2-14,2-L-11-2-14,PICK,FALSE,1181
16861,Ecommerce,2,L,11,2,2-L-11-2-15,2-L-11-2-15,PICK,FALSE,1181
16862,Ecommerce,2,L,11,2,2-L-11-2-16,2-L-11-2-16,PICK,FALSE,1181
16863,Ecommerce,2,L,11,2,2-L-11-2-17,2-L-11-2-17,PICK,FALSE,1181
16864,Ecommerce,2,L,11,2,2-L-11-2-18,2-L-11-2-18,PICK,FALSE,1181
16865,Ecommerce,2,L,11,3,2-L-11-3-1,2-L-11-3-1,PICK,FALSE,1182
16866,Ecommerce,2,L,11,3,2-L-11-3-2,2-L-11-3-2,PICK,FALSE,1182
16867,Ecommerce,2,L,11,3,2-L-11-3-3,2-L-11-3-3,PICK,FALSE,1182
16868,Ecommerce,2,L,11,3,2-L-11-3-4,2-L-11-3-4,PICK,FALSE,1182
16869,Ecommerce,2,L,11,3,2-L-11-3-5,2-L-11-3-5,PICK,FALSE,1182
16870,Ecommerce,2,L,11,3,2-L-11-3-6,2-L-11-3-6,PICK,FALSE,1182
16871,Ecommerce,2,L,11,3,2-L-11-3-7,2-L-11-3-7,PICK,FALSE,1182
16872,Ecommerce,2,L,11,3,2-L-11-3-8,2-L-11-3-8,PICK,FALSE,1182
16873,Ecommerce,2,L,11,3,2-L-11-3-9,2-L-11-3-9,PICK,FALSE,1182
16874,Ecommerce,2,L,11,3,2-L-11-3-10,2-L-11-3-10,PICK,FALSE,1182
16875,Ecommerce,2,L,11,3,2-L-11-3-11,2-L-11-3-11,PICK,FALSE,1182
16876,Ecommerce,2,L,11,3,2-L-11-3-12,2-L-11-3-12,PICK,FALSE,1182
16877,Ecommerce,2,L,11,3,2-L-11-3-13,2-L-11-3-13,PICK,FALSE,1182
16878,Ecommerce,2,L,11,3,2-L-11-3-14,2-L-11-3-14,PICK,FALSE,1182
16879,Ecommerce,2,L,11,3,2-L-11-3-15,2-L-11-3-15,PICK,FALSE,1182
16880,Ecommerce,2,L,11,3,2-L-11-3-16,2-L-11-3-16,PICK,FALSE,1182
16881,Ecommerce,2,L,11,3,2-L-11-3-17,2-L-11-3-17,PICK,FALSE,1182
16882,Ecommerce,2,L,11,3,2-L-11-3-18,2-L-11-3-18,PICK,FALSE,1182
10139,Ecommerce,2,L,11,3,2-L-11-3,2-L-11-3,PICK,FALSE,1182
10138,Ecommerce,2,L,11,4,2-L-11-4,2-L-11-4,PICK,FALSE,1183
16883,Ecommerce,2,L,11,4,2-L-11-4-1,2-L-11-4-1,PICK,FALSE,1183
16884,Ecommerce,2,L,11,4,2-L-11-4-2,2-L-11-4-2,PICK,FALSE,1183
16885,Ecommerce,2,L,11,4,2-L-11-4-3,2-L-11-4-3,PICK,FALSE,1183
16886,Ecommerce,2,L,11,4,2-L-11-4-4,2-L-11-4-4,PICK,FALSE,1183
16887,Ecommerce,2,L,11,4,2-L-11-4-5,2-L-11-4-5,PICK,FALSE,1183
16888,Ecommerce,2,L,11,4,2-L-11-4-6,2-L-11-4-6,PICK,FALSE,1183
16889,Ecommerce,2,L,11,4,2-L-11-4-7,2-L-11-4-7,PICK,FALSE,1183
16890,Ecommerce,2,L,11,4,2-L-11-4-8,2-L-11-4-8,PICK,FALSE,1183
16891,Ecommerce,2,L,11,4,2-L-11-4-9,2-L-11-4-9,PICK,FALSE,1183
16892,Ecommerce,2,L,11,4,2-L-11-4-10,2-L-11-4-10,PICK,FALSE,1183
16893,Ecommerce,2,L,11,4,2-L-11-4-11,2-L-11-4-11,PICK,FALSE,1183
16894,Ecommerce,2,L,11,4,2-L-11-4-12,2-L-11-4-12,PICK,FALSE,1183
16895,Ecommerce,2,L,11,4,2-L-11-4-13,2-L-11-4-13,PICK,FALSE,1183
16896,Ecommerce,2,L,11,4,2-L-11-4-14,2-L-11-4-14,PICK,FALSE,1183
16897,Ecommerce,2,L,11,4,2-L-11-4-15,2-L-11-4-15,PICK,FALSE,1183
16898,Ecommerce,2,L,11,4,2-L-11-4-16,2-L-11-4-16,PICK,FALSE,1183
16899,Ecommerce,2,L,11,4,2-L-11-4-17,2-L-11-4-17,PICK,FALSE,1183
16900,Ecommerce,2,L,11,4,2-L-11-4-18,2-L-11-4-18,PICK,FALSE,1183
10137,Ecommerce,2,L,11,5,2-L-11-5,2-L-11-5,PICK,FALSE,1184
8366,Ecommerce,2,M,10,2,2-M-10-2,2-M-10-2,PICK,FALSE,1185
8410,Ecommerce,2,M,10,3,2-M-10-3,2-M-10-3,PICK,FALSE,1186
8422,Ecommerce,2,M,10,4,2-M-10-4,2-M-10-4,PICK,FALSE,1187
10136,Ecommerce,2,M,10,5,2-M-10-5,2-M-10-5,PICK,FALSE,1188
10135,Ecommerce,2,L,10,2,2-L-10-2,2-L-10-2,PICK,FALSE,1189
16901,Ecommerce,2,L,10,2,2-L-10-2-1,2-L-10-2-1,PICK,FALSE,1189
16902,Ecommerce,2,L,10,2,2-L-10-2-2,2-L-10-2-2,PICK,FALSE,1189
16903,Ecommerce,2,L,10,2,2-L-10-2-3,2-L-10-2-3,PICK,FALSE,1189
16904,Ecommerce,2,L,10,2,2-L-10-2-4,2-L-10-2-4,PICK,FALSE,1189
16905,Ecommerce,2,L,10,2,2-L-10-2-5,2-L-10-2-5,PICK,FALSE,1189
16906,Ecommerce,2,L,10,2,2-L-10-2-6,2-L-10-2-6,PICK,FALSE,1189
16907,Ecommerce,2,L,10,2,2-L-10-2-7,2-L-10-2-7,PICK,FALSE,1189
16908,Ecommerce,2,L,10,2,2-L-10-2-8,2-L-10-2-8,PICK,FALSE,1189
16909,Ecommerce,2,L,10,2,2-L-10-2-9,2-L-10-2-9,PICK,FALSE,1189
16910,Ecommerce,2,L,10,2,2-L-10-2-10,2-L-10-2-10,PICK,FALSE,1189
16911,Ecommerce,2,L,10,2,2-L-10-2-11,2-L-10-2-11,PICK,FALSE,1189
16912,Ecommerce,2,L,10,2,2-L-10-2-12,2-L-10-2-12,PICK,FALSE,1189
16913,Ecommerce,2,L,10,2,2-L-10-2-13,2-L-10-2-13,PICK,FALSE,1189
16914,Ecommerce,2,L,10,2,2-L-10-2-14,2-L-10-2-14,PICK,FALSE,1189
16915,Ecommerce,2,L,10,2,2-L-10-2-15,2-L-10-2-15,PICK,FALSE,1189
16916,Ecommerce,2,L,10,2,2-L-10-2-16,2-L-10-2-16,PICK,FALSE,1189
16917,Ecommerce,2,L,10,2,2-L-10-2-17,2-L-10-2-17,PICK,FALSE,1189
16918,Ecommerce,2,L,10,2,2-L-10-2-18,2-L-10-2-18,PICK,FALSE,1189
16919,Ecommerce,2,L,10,3,2-L-10-3-1,2-L-10-3-1,PICK,FALSE,1190
16920,Ecommerce,2,L,10,3,2-L-10-3-2,2-L-10-3-2,PICK,FALSE,1190
16921,Ecommerce,2,L,10,3,2-L-10-3-3,2-L-10-3-3,PICK,FALSE,1190
16922,Ecommerce,2,L,10,3,2-L-10-3-4,2-L-10-3-4,PICK,FALSE,1190
16923,Ecommerce,2,L,10,3,2-L-10-3-5,2-L-10-3-5,PICK,FALSE,1190
16924,Ecommerce,2,L,10,3,2-L-10-3-6,2-L-10-3-6,PICK,FALSE,1190
16925,Ecommerce,2,L,10,3,2-L-10-3-7,2-L-10-3-7,PICK,FALSE,1190
16926,Ecommerce,2,L,10,3,2-L-10-3-8,2-L-10-3-8,PICK,FALSE,1190
16927,Ecommerce,2,L,10,3,2-L-10-3-9,2-L-10-3-9,PICK,FALSE,1190
16928,Ecommerce,2,L,10,3,2-L-10-3-10,2-L-10-3-10,PICK,FALSE,1190
16929,Ecommerce,2,L,10,3,2-L-10-3-11,2-L-10-3-11,PICK,FALSE,1190
16930,Ecommerce,2,L,10,3,2-L-10-3-12,2-L-10-3-12,PICK,FALSE,1190
16931,Ecommerce,2,L,10,3,2-L-10-3-13,2-L-10-3-13,PICK,FALSE,1190
16932,Ecommerce,2,L,10,3,2-L-10-3-14,2-L-10-3-14,PICK,FALSE,1190
16933,Ecommerce,2,L,10,3,2-L-10-3-15,2-L-10-3-15,PICK,FALSE,1190
16934,Ecommerce,2,L,10,3,2-L-10-3-16,2-L-10-3-16,PICK,FALSE,1190
16935,Ecommerce,2,L,10,3,2-L-10-3-17,2-L-10-3-17,PICK,FALSE,1190
16936,Ecommerce,2,L,10,3,2-L-10-3-18,2-L-10-3-18,PICK,FALSE,1190
10134,Ecommerce,2,L,10,3,2-L-10-3,2-L-10-3,PICK,FALSE,1190
10133,Ecommerce,2,L,10,4,2-L-10-4,2-L-10-4,PICK,FALSE,1191
16937,Ecommerce,2,L,10,4,2-L-10-4-1,2-L-10-4-1,PICK,FALSE,1191
16938,Ecommerce,2,L,10,4,2-L-10-4-2,2-L-10-4-2,PICK,FALSE,1191
16939,Ecommerce,2,L,10,4,2-L-10-4-3,2-L-10-4-3,PICK,FALSE,1191
16940,Ecommerce,2,L,10,4,2-L-10-4-4,2-L-10-4-4,PICK,FALSE,1191
16941,Ecommerce,2,L,10,4,2-L-10-4-5,2-L-10-4-5,PICK,FALSE,1191
16942,Ecommerce,2,L,10,4,2-L-10-4-6,2-L-10-4-6,PICK,FALSE,1191
16943,Ecommerce,2,L,10,4,2-L-10-4-7,2-L-10-4-7,PICK,FALSE,1191
16944,Ecommerce,2,L,10,4,2-L-10-4-8,2-L-10-4-8,PICK,FALSE,1191
16945,Ecommerce,2,L,10,4,2-L-10-4-9,2-L-10-4-9,PICK,FALSE,1191
16946,Ecommerce,2,L,10,4,2-L-10-4-10,2-L-10-4-10,PICK,FALSE,1191
16947,Ecommerce,2,L,10,4,2-L-10-4-11,2-L-10-4-11,PICK,FALSE,1191
16948,Ecommerce,2,L,10,4,2-L-10-4-12,2-L-10-4-12,PICK,FALSE,1191
16949,Ecommerce,2,L,10,4,2-L-10-4-13,2-L-10-4-13,PICK,FALSE,1191
16950,Ecommerce,2,L,10,4,2-L-10-4-14,2-L-10-4-14,PICK,FALSE,1191
16951,Ecommerce,2,L,10,4,2-L-10-4-15,2-L-10-4-15,PICK,FALSE,1191
16952,Ecommerce,2,L,10,4,2-L-10-4-16,2-L-10-4-16,PICK,FALSE,1191
16953,Ecommerce,2,L,10,4,2-L-10-4-17,2-L-10-4-17,PICK,FALSE,1191
16954,Ecommerce,2,L,10,4,2-L-10-4-18,2-L-10-4-18,PICK,FALSE,1191
10132,Ecommerce,2,L,10,5,2-L-10-5,2-L-10-5,PICK,FALSE,1192
8399,Ecommerce,2,M,9,2,2-M-9-2,2-M-9-2,PICK,FALSE,1193
8409,Ecommerce,2,M,9,3,2-M-9-3,2-M-9-3,PICK,FALSE,1194
8421,Ecommerce,2,M,9,4,2-M-9-4,2-M-9-4,PICK,FALSE,1195
10131,Ecommerce,2,M,9,5,2-M-9-5,2-M-9-5,PICK,FALSE,1196
10130,Ecommerce,2,L,9,2,2-L-9-2,2-L-9-2,PICK,FALSE,1197
16955,Ecommerce,2,L,9,2,2-L-9-2-1,2-L-9-2-1,PICK,FALSE,1197
16956,Ecommerce,2,L,9,2,2-L-9-2-2,2-L-9-2-2,PICK,FALSE,1197
16957,Ecommerce,2,L,9,2,2-L-9-2-3,2-L-9-2-3,PICK,FALSE,1197
16958,Ecommerce,2,L,9,2,2-L-9-2-4,2-L-9-2-4,PICK,FALSE,1197
16959,Ecommerce,2,L,9,2,2-L-9-2-5,2-L-9-2-5,PICK,FALSE,1197
16960,Ecommerce,2,L,9,2,2-L-9-2-6,2-L-9-2-6,PICK,FALSE,1197
16961,Ecommerce,2,L,9,2,2-L-9-2-7,2-L-9-2-7,PICK,FALSE,1197
16962,Ecommerce,2,L,9,2,2-L-9-2-8,2-L-9-2-8,PICK,FALSE,1197
16963,Ecommerce,2,L,9,2,2-L-9-2-9,2-L-9-2-9,PICK,FALSE,1197
16964,Ecommerce,2,L,9,2,2-L-9-2-10,2-L-9-2-10,PICK,FALSE,1197
16965,Ecommerce,2,L,9,2,2-L-9-2-11,2-L-9-2-11,PICK,FALSE,1197
16966,Ecommerce,2,L,9,2,2-L-9-2-12,2-L-9-2-12,PICK,FALSE,1197
16967,Ecommerce,2,L,9,2,2-L-9-2-13,2-L-9-2-13,PICK,FALSE,1197
16968,Ecommerce,2,L,9,2,2-L-9-2-14,2-L-9-2-14,PICK,FALSE,1197
16969,Ecommerce,2,L,9,2,2-L-9-2-15,2-L-9-2-15,PICK,FALSE,1197
16970,Ecommerce,2,L,9,2,2-L-9-2-16,2-L-9-2-16,PICK,FALSE,1197
16971,Ecommerce,2,L,9,2,2-L-9-2-17,2-L-9-2-17,PICK,FALSE,1197
16972,Ecommerce,2,L,9,2,2-L-9-2-18,2-L-9-2-18,PICK,FALSE,1197
16973,Ecommerce,2,L,9,3,2-L-9-3-1,2-L-9-3-1,PICK,FALSE,1198
16974,Ecommerce,2,L,9,3,2-L-9-3-2,2-L-9-3-2,PICK,FALSE,1198
16975,Ecommerce,2,L,9,3,2-L-9-3-3,2-L-9-3-3,PICK,FALSE,1198
16976,Ecommerce,2,L,9,3,2-L-9-3-4,2-L-9-3-4,PICK,FALSE,1198
16977,Ecommerce,2,L,9,3,2-L-9-3-5,2-L-9-3-5,PICK,FALSE,1198
16978,Ecommerce,2,L,9,3,2-L-9-3-6,2-L-9-3-6,PICK,FALSE,1198
16979,Ecommerce,2,L,9,3,2-L-9-3-7,2-L-9-3-7,PICK,FALSE,1198
16980,Ecommerce,2,L,9,3,2-L-9-3-8,2-L-9-3-8,PICK,FALSE,1198
16981,Ecommerce,2,L,9,3,2-L-9-3-9,2-L-9-3-9,PICK,FALSE,1198
16982,Ecommerce,2,L,9,3,2-L-9-3-10,2-L-9-3-10,PICK,FALSE,1198
16983,Ecommerce,2,L,9,3,2-L-9-3-11,2-L-9-3-11,PICK,FALSE,1198
16984,Ecommerce,2,L,9,3,2-L-9-3-12,2-L-9-3-12,PICK,FALSE,1198
16985,Ecommerce,2,L,9,3,2-L-9-3-13,2-L-9-3-13,PICK,FALSE,1198
16986,Ecommerce,2,L,9,3,2-L-9-3-14,2-L-9-3-14,PICK,FALSE,1198
16987,Ecommerce,2,L,9,3,2-L-9-3-15,2-L-9-3-15,PICK,FALSE,1198
16988,Ecommerce,2,L,9,3,2-L-9-3-16,2-L-9-3-16,PICK,FALSE,1198
16989,Ecommerce,2,L,9,3,2-L-9-3-17,2-L-9-3-17,PICK,FALSE,1198
16990,Ecommerce,2,L,9,3,2-L-9-3-18,2-L-9-3-18,PICK,FALSE,1198
10129,Ecommerce,2,L,9,3,2-L-9-3,2-L-9-3,PICK,FALSE,1198
10128,Ecommerce,2,L,9,4,2-L-9-4,2-L-9-4,PICK,FALSE,1199
16991,Ecommerce,2,L,9,4,2-L-9-4-1,2-L-9-4-1,PICK,FALSE,1199
16992,Ecommerce,2,L,9,4,2-L-9-4-2,2-L-9-4-2,PICK,FALSE,1199
16993,Ecommerce,2,L,9,4,2-L-9-4-3,2-L-9-4-3,PICK,FALSE,1199
16994,Ecommerce,2,L,9,4,2-L-9-4-4,2-L-9-4-4,PICK,FALSE,1199
16995,Ecommerce,2,L,9,4,2-L-9-4-5,2-L-9-4-5,PICK,FALSE,1199
16996,Ecommerce,2,L,9,4,2-L-9-4-6,2-L-9-4-6,PICK,FALSE,1199
16997,Ecommerce,2,L,9,4,2-L-9-4-7,2-L-9-4-7,PICK,FALSE,1199
16998,Ecommerce,2,L,9,4,2-L-9-4-8,2-L-9-4-8,PICK,FALSE,1199
16999,Ecommerce,2,L,9,4,2-L-9-4-9,2-L-9-4-9,PICK,FALSE,1199
17000,Ecommerce,2,L,9,4,2-L-9-4-10,2-L-9-4-10,PICK,FALSE,1199
17001,Ecommerce,2,L,9,4,2-L-9-4-11,2-L-9-4-11,PICK,FALSE,1199
17002,Ecommerce,2,L,9,4,2-L-9-4-12,2-L-9-4-12,PICK,FALSE,1199
17003,Ecommerce,2,L,9,4,2-L-9-4-13,2-L-9-4-13,PICK,FALSE,1199
17004,Ecommerce,2,L,9,4,2-L-9-4-14,2-L-9-4-14,PICK,FALSE,1199
17005,Ecommerce,2,L,9,4,2-L-9-4-15,2-L-9-4-15,PICK,FALSE,1199
17006,Ecommerce,2,L,9,4,2-L-9-4-16,2-L-9-4-16,PICK,FALSE,1199
17007,Ecommerce,2,L,9,4,2-L-9-4-17,2-L-9-4-17,PICK,FALSE,1199
17008,Ecommerce,2,L,9,4,2-L-9-4-18,2-L-9-4-18,PICK,FALSE,1199
10127,Ecommerce,2,L,9,5,2-L-9-5,2-L-9-5,PICK,FALSE,1200
8398,Ecommerce,2,M,8,2,2-M-8-2,2-M-8-2,PICK,FALSE,1201
8258,Ecommerce,2,M,8,3,2-M-8-3,2-M-8-3,PICK,FALSE,1202
8420,Ecommerce,2,M,8,4,2-M-8-4,2-M-8-4,PICK,FALSE,1203
10126,Ecommerce,2,M,8,5,2-M-8-5,2-M-8-5,PICK,FALSE,1204
10125,Ecommerce,2,L,8,2,2-L-8-2,2-L-8-2,PICK,FALSE,1205
10124,Ecommerce,2,L,8,3,2-L-8-3,2-L-8-3,PICK,FALSE,1206
,Ecommerce,2,L,8,3,2-L-8-3-1,2-L-8-3-1,PICK,FALSE,1206
,Ecommerce,2,L,8,3,2-L-8-3-2,2-L-8-3-2,PICK,FALSE,1206
,Ecommerce,2,L,8,3,2-L-8-3-3,2-L-8-3-3,PICK,FALSE,1206
,Ecommerce,2,L,8,3,2-L-8-3-4,2-L-8-3-4,PICK,FALSE,1206
,Ecommerce,2,L,8,3,2-L-8-3-5,2-L-8-3-5,PICK,FALSE,1206
,Ecommerce,2,L,8,3,2-L-8-3-6,2-L-8-3-6,PICK,FALSE,1206
,Ecommerce,2,L,8,3,2-L-8-3-7,2-L-8-3-7,PICK,FALSE,1206
,Ecommerce,2,L,8,3,2-L-8-3-8,2-L-8-3-8,PICK,FALSE,1206
,Ecommerce,2,L,8,3,2-L-8-3-9,2-L-8-3-9,PICK,FALSE,1206
,Ecommerce,2,L,8,3,2-L-8-3-10,2-L-8-3-10,PICK,FALSE,1206
,Ecommerce,2,L,8,3,2-L-8-3-11,2-L-8-3-11,PICK,FALSE,1206
,Ecommerce,2,L,8,3,2-L-8-3-12,2-L-8-3-12,PICK,FALSE,1206
,Ecommerce,2,L,8,3,2-L-8-3-13,2-L-8-3-13,PICK,FALSE,1206
,Ecommerce,2,L,8,3,2-L-8-3-14,2-L-8-3-14,PICK,FALSE,1206
,Ecommerce,2,L,8,3,2-L-8-3-15,2-L-8-3-15,PICK,FALSE,1206
,Ecommerce,2,L,8,3,2-L-8-3-16,2-L-8-3-16,PICK,FALSE,1206
,Ecommerce,2,L,8,3,2-L-8-3-17,2-L-8-3-17,PICK,FALSE,1206
,Ecommerce,2,L,8,3,2-L-8-3-18,2-L-8-3-18,PICK,FALSE,1206
10123,Ecommerce,2,L,8,4,2-L-8-4,2-L-8-4,PICK,FALSE,1207
,Ecommerce,2,L,8,4,2-L-8-4-1,2-L-8-4-1,PICK,FALSE,1207
,Ecommerce,2,L,8,4,2-L-8-4-2,2-L-8-4-2,PICK,FALSE,1207
,Ecommerce,2,L,8,4,2-L-8-4-3,2-L-8-4-3,PICK,FALSE,1207
,Ecommerce,2,L,8,4,2-L-8-4-4,2-L-8-4-4,PICK,FALSE,1207
,Ecommerce,2,L,8,4,2-L-8-4-5,2-L-8-4-5,PICK,FALSE,1207
,Ecommerce,2,L,8,4,2-L-8-4-6,2-L-8-4-6,PICK,FALSE,1207
,Ecommerce,2,L,8,4,2-L-8-4-7,2-L-8-4-7,PICK,FALSE,1207
,Ecommerce,2,L,8,4,2-L-8-4-8,2-L-8-4-8,PICK,FALSE,1207
,Ecommerce,2,L,8,4,2-L-8-4-9,2-L-8-4-9,PICK,FALSE,1207
,Ecommerce,2,L,8,4,2-L-8-4-10,2-L-8-4-10,PICK,FALSE,1207
,Ecommerce,2,L,8,4,2-L-8-4-11,2-L-8-4-11,PICK,FALSE,1207
,Ecommerce,2,L,8,4,2-L-8-4-12,2-L-8-4-12,PICK,FALSE,1207
,Ecommerce,2,L,8,4,2-L-8-4-13,2-L-8-4-13,PICK,FALSE,1207
,Ecommerce,2,L,8,4,2-L-8-4-14,2-L-8-4-14,PICK,FALSE,1207
,Ecommerce,2,L,8,4,2-L-8-4-15,2-L-8-4-15,PICK,FALSE,1207
,Ecommerce,2,L,8,4,2-L-8-4-16,2-L-8-4-16,PICK,FALSE,1207
,Ecommerce,2,L,8,4,2-L-8-4-17,2-L-8-4-17,PICK,FALSE,1207
,Ecommerce,2,L,8,4,2-L-8-4-18,2-L-8-4-18,PICK,FALSE,1207
10122,Ecommerce,2,L,8,5,2-L-8-5,2-L-8-5,PICK,FALSE,1208
8397,Ecommerce,2,M,7,2,2-M-7-2,2-M-7-2,PICK,FALSE,1209
8408,Ecommerce,2,M,7,3,2-M-7-3,2-M-7-3,PICK,FALSE,1210
8419,Ecommerce,2,M,7,4,2-M-7-4,2-M-7-4,PICK,FALSE,1211
10121,Ecommerce,2,M,7,5,2-M-7-5,2-M-7-5,PICK,FALSE,1212
10120,Ecommerce,2,L,7,2,2-L-7-2,2-L-7-2,PICK,FALSE,1213
10119,Ecommerce,2,L,7,3,2-L-7-3,2-L-7-3,PICK,FALSE,1214
,Ecommerce,2,L,7,3,2-L-7-3-1,2-L-7-3-1,PICK,FALSE,1214
,Ecommerce,2,L,7,3,2-L-7-3-2,2-L-7-3-2,PICK,FALSE,1214
,Ecommerce,2,L,7,3,2-L-7-3-3,2-L-7-3-3,PICK,FALSE,1214
,Ecommerce,2,L,7,3,2-L-7-3-4,2-L-7-3-4,PICK,FALSE,1214
,Ecommerce,2,L,7,3,2-L-7-3-5,2-L-7-3-5,PICK,FALSE,1214
,Ecommerce,2,L,7,3,2-L-7-3-6,2-L-7-3-6,PICK,FALSE,1214
,Ecommerce,2,L,7,3,2-L-7-3-7,2-L-7-3-7,PICK,FALSE,1214
,Ecommerce,2,L,7,3,2-L-7-3-8,2-L-7-3-8,PICK,FALSE,1214
,Ecommerce,2,L,7,3,2-L-7-3-9,2-L-7-3-9,PICK,FALSE,1214
,Ecommerce,2,L,7,3,2-L-7-3-10,2-L-7-3-10,PICK,FALSE,1214
,Ecommerce,2,L,7,3,2-L-7-3-11,2-L-7-3-11,PICK,FALSE,1214
,Ecommerce,2,L,7,3,2-L-7-3-12,2-L-7-3-12,PICK,FALSE,1214
,Ecommerce,2,L,7,3,2-L-7-3-13,2-L-7-3-13,PICK,FALSE,1214
,Ecommerce,2,L,7,3,2-L-7-3-14,2-L-7-3-14,PICK,FALSE,1214
,Ecommerce,2,L,7,3,2-L-7-3-15,2-L-7-3-15,PICK,FALSE,1214
,Ecommerce,2,L,7,3,2-L-7-3-16,2-L-7-3-16,PICK,FALSE,1214
,Ecommerce,2,L,7,3,2-L-7-3-17,2-L-7-3-17,PICK,FALSE,1214
,Ecommerce,2,L,7,3,2-L-7-3-18,2-L-7-3-18,PICK,FALSE,1214
10118,Ecommerce,2,L,7,4,2-L-7-4,2-L-7-4,PICK,FALSE,1215
,Ecommerce,2,L,7,4,2-L-7-4-1,2-L-7-4-1,PICK,FALSE,1215
,Ecommerce,2,L,7,4,2-L-7-4-2,2-L-7-4-2,PICK,FALSE,1215
,Ecommerce,2,L,7,4,2-L-7-4-3,2-L-7-4-3,PICK,FALSE,1215
,Ecommerce,2,L,7,4,2-L-7-4-4,2-L-7-4-4,PICK,FALSE,1215
,Ecommerce,2,L,7,4,2-L-7-4-5,2-L-7-4-5,PICK,FALSE,1215
,Ecommerce,2,L,7,4,2-L-7-4-6,2-L-7-4-6,PICK,FALSE,1215
,Ecommerce,2,L,7,4,2-L-7-4-7,2-L-7-4-7,PICK,FALSE,1215
,Ecommerce,2,L,7,4,2-L-7-4-8,2-L-7-4-8,PICK,FALSE,1215
,Ecommerce,2,L,7,4,2-L-7-4-9,2-L-7-4-9,PICK,FALSE,1215
,Ecommerce,2,L,7,4,2-L-7-4-10,2-L-7-4-10,PICK,FALSE,1215
,Ecommerce,2,L,7,4,2-L-7-4-11,2-L-7-4-11,PICK,FALSE,1215
,Ecommerce,2,L,7,4,2-L-7-4-12,2-L-7-4-12,PICK,FALSE,1215
,Ecommerce,2,L,7,4,2-L-7-4-13,2-L-7-4-13,PICK,FALSE,1215
,Ecommerce,2,L,7,4,2-L-7-4-14,2-L-7-4-14,PICK,FALSE,1215
,Ecommerce,2,L,7,4,2-L-7-4-15,2-L-7-4-15,PICK,FALSE,1215
,Ecommerce,2,L,7,4,2-L-7-4-16,2-L-7-4-16,PICK,FALSE,1215
,Ecommerce,2,L,7,4,2-L-7-4-17,2-L-7-4-17,PICK,FALSE,1215
,Ecommerce,2,L,7,4,2-L-7-4-18,2-L-7-4-18,PICK,FALSE,1215
10117,Ecommerce,2,L,7,5,2-L-7-5,2-L-7-5,PICK,FALSE,1216
8396,Ecommerce,2,M,6,2,2-M-6-2,2-M-6-2,PICK,FALSE,1217
8407,Ecommerce,2,M,6,3,2-M-6-3,2-M-6-3,PICK,FALSE,1218
8418,Ecommerce,2,M,6,4,2-M-6-4,2-M-6-4,PICK,FALSE,1219
10116,Ecommerce,2,M,6,5,2-M-6-5,2-M-6-5,PICK,FALSE,1220
17009,Ecommerce,2,L,6,2,2-L-6-2-1,2-L-6-2-1,PICK,FALSE,1221
17010,Ecommerce,2,L,6,2,2-L-6-2-2,2-L-6-2-2,PICK,FALSE,1221
17011,Ecommerce,2,L,6,2,2-L-6-2-3,2-L-6-2-3,PICK,FALSE,1221
17012,Ecommerce,2,L,6,2,2-L-6-2-4,2-L-6-2-4,PICK,FALSE,1221
17013,Ecommerce,2,L,6,2,2-L-6-2-5,2-L-6-2-5,PICK,FALSE,1221
17014,Ecommerce,2,L,6,2,2-L-6-2-6,2-L-6-2-6,PICK,FALSE,1221
17015,Ecommerce,2,L,6,2,2-L-6-2-7,2-L-6-2-7,PICK,FALSE,1221
17016,Ecommerce,2,L,6,2,2-L-6-2-8,2-L-6-2-8,PICK,FALSE,1221
17017,Ecommerce,2,L,6,2,2-L-6-2-9,2-L-6-2-9,PICK,FALSE,1221
17018,Ecommerce,2,L,6,2,2-L-6-2-10,2-L-6-2-10,PICK,FALSE,1221
17019,Ecommerce,2,L,6,2,2-L-6-2-11,2-L-6-2-11,PICK,FALSE,1221
17020,Ecommerce,2,L,6,2,2-L-6-2-12,2-L-6-2-12,PICK,FALSE,1221
17021,Ecommerce,2,L,6,2,2-L-6-2-13,2-L-6-2-13,PICK,FALSE,1221
17022,Ecommerce,2,L,6,2,2-L-6-2-14,2-L-6-2-14,PICK,FALSE,1221
17023,Ecommerce,2,L,6,2,2-L-6-2-15,2-L-6-2-15,PICK,FALSE,1221
17024,Ecommerce,2,L,6,2,2-L-6-2-16,2-L-6-2-16,PICK,FALSE,1221
17025,Ecommerce,2,L,6,2,2-L-6-2-17,2-L-6-2-17,PICK,FALSE,1221
17026,Ecommerce,2,L,6,2,2-L-6-2-18,2-L-6-2-18,PICK,FALSE,1221
10115,Ecommerce,2,L,6,2,2-L-6-2,2-L-6-2,PICK,FALSE,1221
10114,Ecommerce,2,L,6,3,2-L-6-3,2-L-6-3,PICK,FALSE,1222
17027,Ecommerce,2,L,6,3,2-L-6-3-1,2-L-6-3-1,PICK,FALSE,1222
17028,Ecommerce,2,L,6,3,2-L-6-3-2,2-L-6-3-2,PICK,FALSE,1222
17029,Ecommerce,2,L,6,3,2-L-6-3-3,2-L-6-3-3,PICK,FALSE,1222
17030,Ecommerce,2,L,6,3,2-L-6-3-4,2-L-6-3-4,PICK,FALSE,1222
17031,Ecommerce,2,L,6,3,2-L-6-3-5,2-L-6-3-5,PICK,FALSE,1222
17032,Ecommerce,2,L,6,3,2-L-6-3-6,2-L-6-3-6,PICK,FALSE,1222
17033,Ecommerce,2,L,6,3,2-L-6-3-7,2-L-6-3-7,PICK,FALSE,1222
17034,Ecommerce,2,L,6,3,2-L-6-3-8,2-L-6-3-8,PICK,FALSE,1222
17035,Ecommerce,2,L,6,3,2-L-6-3-9,2-L-6-3-9,PICK,FALSE,1222
17036,Ecommerce,2,L,6,3,2-L-6-3-10,2-L-6-3-10,PICK,FALSE,1222
17037,Ecommerce,2,L,6,3,2-L-6-3-11,2-L-6-3-11,PICK,FALSE,1222
17038,Ecommerce,2,L,6,3,2-L-6-3-12,2-L-6-3-12,PICK,FALSE,1222
17039,Ecommerce,2,L,6,3,2-L-6-3-13,2-L-6-3-13,PICK,FALSE,1222
17040,Ecommerce,2,L,6,3,2-L-6-3-14,2-L-6-3-14,PICK,FALSE,1222
17041,Ecommerce,2,L,6,3,2-L-6-3-15,2-L-6-3-15,PICK,FALSE,1222
17042,Ecommerce,2,L,6,3,2-L-6-3-16,2-L-6-3-16,PICK,FALSE,1222
17043,Ecommerce,2,L,6,3,2-L-6-3-17,2-L-6-3-17,PICK,FALSE,1222
17044,Ecommerce,2,L,6,3,2-L-6-3-18,2-L-6-3-18,PICK,FALSE,1222
10113,Ecommerce,2,L,6,4,2-L-6-4,2-L-6-4,PICK,FALSE,1223
,Ecommerce,2,L,6,4,2-L-6-4-1,2-L-6-4-1,PICK,FALSE,1223
,Ecommerce,2,L,6,4,2-L-6-4-2,2-L-6-4-2,PICK,FALSE,1223
,Ecommerce,2,L,6,4,2-L-6-4-3,2-L-6-4-3,PICK,FALSE,1223
,Ecommerce,2,L,6,4,2-L-6-4-4,2-L-6-4-4,PICK,FALSE,1223
,Ecommerce,2,L,6,4,2-L-6-4-5,2-L-6-4-5,PICK,FALSE,1223
,Ecommerce,2,L,6,4,2-L-6-4-6,2-L-6-4-6,PICK,FALSE,1223
,Ecommerce,2,L,6,4,2-L-6-4-7,2-L-6-4-7,PICK,FALSE,1223
,Ecommerce,2,L,6,4,2-L-6-4-8,2-L-6-4-8,PICK,FALSE,1223
,Ecommerce,2,L,6,4,2-L-6-4-9,2-L-6-4-9,PICK,FALSE,1223
,Ecommerce,2,L,6,4,2-L-6-4-10,2-L-6-4-10,PICK,FALSE,1223
,Ecommerce,2,L,6,4,2-L-6-4-11,2-L-6-4-11,PICK,FALSE,1223
,Ecommerce,2,L,6,4,2-L-6-4-12,2-L-6-4-12,PICK,FALSE,1223
,Ecommerce,2,L,6,4,2-L-6-4-13,2-L-6-4-13,PICK,FALSE,1223
,Ecommerce,2,L,6,4,2-L-6-4-14,2-L-6-4-14,PICK,FALSE,1223
,Ecommerce,2,L,6,4,2-L-6-4-15,2-L-6-4-15,PICK,FALSE,1223
,Ecommerce,2,L,6,4,2-L-6-4-16,2-L-6-4-16,PICK,FALSE,1223
,Ecommerce,2,L,6,4,2-L-6-4-17,2-L-6-4-17,PICK,FALSE,1223
,Ecommerce,2,L,6,4,2-L-6-4-18,2-L-6-4-18,PICK,FALSE,1223
10112,Ecommerce,2,L,6,5,2-L-6-5,2-L-6-5,PICK,FALSE,1224
8395,Ecommerce,2,M,5,2,2-M-5-2,2-M-5-2,PICK,FALSE,1225
8406,Ecommerce,2,M,5,3,2-M-5-3,2-M-5-3,PICK,FALSE,1226
8417,Ecommerce,2,M,5,4,2-M-5-4,2-M-5-4,PICK,FALSE,1227
10111,Ecommerce,2,M,5,5,2-M-5-5,2-M-5-5,PICK,FALSE,1228
10110,Ecommerce,2,L,5,2,2-L-5-2,2-L-5-2,PICK,FALSE,1229
10109,Ecommerce,2,L,5,3,2-L-5-3,2-L-5-3,PICK,FALSE,1230
,Ecommerce,2,L,5,3,2-L-5-3-1,2-L-5-3-1,PICK,FALSE,1230
,Ecommerce,2,L,5,3,2-L-5-3-2,2-L-5-3-2,PICK,FALSE,1230
,Ecommerce,2,L,5,3,2-L-5-3-3,2-L-5-3-3,PICK,FALSE,1230
,Ecommerce,2,L,5,3,2-L-5-3-4,2-L-5-3-4,PICK,FALSE,1230
,Ecommerce,2,L,5,3,2-L-5-3-5,2-L-5-3-5,PICK,FALSE,1230
,Ecommerce,2,L,5,3,2-L-5-3-6,2-L-5-3-6,PICK,FALSE,1230
,Ecommerce,2,L,5,3,2-L-5-3-7,2-L-5-3-7,PICK,FALSE,1230
,Ecommerce,2,L,5,3,2-L-5-3-8,2-L-5-3-8,PICK,FALSE,1230
,Ecommerce,2,L,5,3,2-L-5-3-9,2-L-5-3-9,PICK,FALSE,1230
,Ecommerce,2,L,5,3,2-L-5-3-10,2-L-5-3-10,PICK,FALSE,1230
,Ecommerce,2,L,5,3,2-L-5-3-11,2-L-5-3-11,PICK,FALSE,1230
,Ecommerce,2,L,5,3,2-L-5-3-12,2-L-5-3-12,PICK,FALSE,1230
,Ecommerce,2,L,5,3,2-L-5-3-13,2-L-5-3-13,PICK,FALSE,1230
,Ecommerce,2,L,5,3,2-L-5-3-14,2-L-5-3-14,PICK,FALSE,1230
,Ecommerce,2,L,5,3,2-L-5-3-15,2-L-5-3-15,PICK,FALSE,1230
,Ecommerce,2,L,5,3,2-L-5-3-16,2-L-5-3-16,PICK,FALSE,1230
,Ecommerce,2,L,5,3,2-L-5-3-17,2-L-5-3-17,PICK,FALSE,1230
,Ecommerce,2,L,5,3,2-L-5-3-18,2-L-5-3-18,PICK,FALSE,1230
10108,Ecommerce,2,L,5,4,2-L-5-4,2-L-5-4,PICK,FALSE,1231
,Ecommerce,2,L,5,4,2-L-5-4-1,2-L-5-4-1,PICK,FALSE,1231
,Ecommerce,2,L,5,4,2-L-5-4-2,2-L-5-4-2,PICK,FALSE,1231
,Ecommerce,2,L,5,4,2-L-5-4-3,2-L-5-4-3,PICK,FALSE,1231
,Ecommerce,2,L,5,4,2-L-5-4-4,2-L-5-4-4,PICK,FALSE,1231
,Ecommerce,2,L,5,4,2-L-5-4-5,2-L-5-4-5,PICK,FALSE,1231
,Ecommerce,2,L,5,4,2-L-5-4-6,2-L-5-4-6,PICK,FALSE,1231
,Ecommerce,2,L,5,4,2-L-5-4-7,2-L-5-4-7,PICK,FALSE,1231
,Ecommerce,2,L,5,4,2-L-5-4-8,2-L-5-4-8,PICK,FALSE,1231
,Ecommerce,2,L,5,4,2-L-5-4-9,2-L-5-4-9,PICK,FALSE,1231
,Ecommerce,2,L,5,4,2-L-5-4-10,2-L-5-4-10,PICK,FALSE,1231
,Ecommerce,2,L,5,4,2-L-5-4-11,2-L-5-4-11,PICK,FALSE,1231
,Ecommerce,2,L,5,4,2-L-5-4-12,2-L-5-4-12,PICK,FALSE,1231
,Ecommerce,2,L,5,4,2-L-5-4-13,2-L-5-4-13,PICK,FALSE,1231
,Ecommerce,2,L,5,4,2-L-5-4-14,2-L-5-4-14,PICK,FALSE,1231
,Ecommerce,2,L,5,4,2-L-5-4-15,2-L-5-4-15,PICK,FALSE,1231
,Ecommerce,2,L,5,4,2-L-5-4-16,2-L-5-4-16,PICK,FALSE,1231
,Ecommerce,2,L,5,4,2-L-5-4-17,2-L-5-4-17,PICK,FALSE,1231
,Ecommerce,2,L,5,4,2-L-5-4-18,2-L-5-4-18,PICK,FALSE,1231
10107,Ecommerce,2,L,5,5,2-L-5-5,2-L-5-5,PICK,FALSE,1232
8394,Ecommerce,2,M,4,2,2-M-4-2,2-M-4-2,PICK,FALSE,1233
8405,Ecommerce,2,M,4,3,2-M-4-3,2-M-4-3,PICK,FALSE,1234
8416,Ecommerce,2,M,4,4,2-M-4-4,2-M-4-4,PICK,FALSE,1235
10106,Ecommerce,2,M,4,5,2-M-4-5,2-M-4-5,PICK,FALSE,1236
10105,Ecommerce,2,L,4,2,2-L-4-2,2-L-4-2,PICK,FALSE,1237
10104,Ecommerce,2,L,4,3,2-L-4-3,2-L-4-3,PICK,FALSE,1238
,Ecommerce,2,L,4,3,2-L-4-3-1,2-L-4-3-1,PICK,FALSE,1238
,Ecommerce,2,L,4,3,2-L-4-3-2,2-L-4-3-2,PICK,FALSE,1238
,Ecommerce,2,L,4,3,2-L-4-3-3,2-L-4-3-3,PICK,FALSE,1238
,Ecommerce,2,L,4,3,2-L-4-3-4,2-L-4-3-4,PICK,FALSE,1238
,Ecommerce,2,L,4,3,2-L-4-3-5,2-L-4-3-5,PICK,FALSE,1238
,Ecommerce,2,L,4,3,2-L-4-3-6,2-L-4-3-6,PICK,FALSE,1238
,Ecommerce,2,L,4,3,2-L-4-3-7,2-L-4-3-7,PICK,FALSE,1238
,Ecommerce,2,L,4,3,2-L-4-3-8,2-L-4-3-8,PICK,FALSE,1238
,Ecommerce,2,L,4,3,2-L-4-3-9,2-L-4-3-9,PICK,FALSE,1238
,Ecommerce,2,L,4,3,2-L-4-3-10,2-L-4-3-10,PICK,FALSE,1238
,Ecommerce,2,L,4,3,2-L-4-3-11,2-L-4-3-11,PICK,FALSE,1238
,Ecommerce,2,L,4,3,2-L-4-3-12,2-L-4-3-12,PICK,FALSE,1238
,Ecommerce,2,L,4,3,2-L-4-3-13,2-L-4-3-13,PICK,FALSE,1238
,Ecommerce,2,L,4,3,2-L-4-3-14,2-L-4-3-14,PICK,FALSE,1238
,Ecommerce,2,L,4,3,2-L-4-3-15,2-L-4-3-15,PICK,FALSE,1238
,Ecommerce,2,L,4,3,2-L-4-3-16,2-L-4-3-16,PICK,FALSE,1238
,Ecommerce,2,L,4,3,2-L-4-3-17,2-L-4-3-17,PICK,FALSE,1238
,Ecommerce,2,L,4,3,2-L-4-3-18,2-L-4-3-18,PICK,FALSE,1238
10103,Ecommerce,2,L,4,4,2-L-4-4,2-L-4-4,PICK,FALSE,1239
,Ecommerce,2,L,4,4,2-L-4-4-1,2-L-4-4-1,PICK,FALSE,1239
,Ecommerce,2,L,4,4,2-L-4-4-2,2-L-4-4-2,PICK,FALSE,1239
,Ecommerce,2,L,4,4,2-L-4-4-3,2-L-4-4-3,PICK,FALSE,1239
,Ecommerce,2,L,4,4,2-L-4-4-4,2-L-4-4-4,PICK,FALSE,1239
,Ecommerce,2,L,4,4,2-L-4-4-5,2-L-4-4-5,PICK,FALSE,1239
,Ecommerce,2,L,4,4,2-L-4-4-6,2-L-4-4-6,PICK,FALSE,1239
,Ecommerce,2,L,4,4,2-L-4-4-7,2-L-4-4-7,PICK,FALSE,1239
,Ecommerce,2,L,4,4,2-L-4-4-8,2-L-4-4-8,PICK,FALSE,1239
,Ecommerce,2,L,4,4,2-L-4-4-9,2-L-4-4-9,PICK,FALSE,1239
,Ecommerce,2,L,4,4,2-L-4-4-10,2-L-4-4-10,PICK,FALSE,1239
,Ecommerce,2,L,4,4,2-L-4-4-11,2-L-4-4-11,PICK,FALSE,1239
,Ecommerce,2,L,4,4,2-L-4-4-12,2-L-4-4-12,PICK,FALSE,1239
,Ecommerce,2,L,4,4,2-L-4-4-13,2-L-4-4-13,PICK,FALSE,1239
,Ecommerce,2,L,4,4,2-L-4-4-14,2-L-4-4-14,PICK,FALSE,1239
,Ecommerce,2,L,4,4,2-L-4-4-15,2-L-4-4-15,PICK,FALSE,1239
,Ecommerce,2,L,4,4,2-L-4-4-16,2-L-4-4-16,PICK,FALSE,1239
,Ecommerce,2,L,4,4,2-L-4-4-17,2-L-4-4-17,PICK,FALSE,1239
,Ecommerce,2,L,4,4,2-L-4-4-18,2-L-4-4-18,PICK,FALSE,1239
10102,Ecommerce,2,L,4,5,2-L-4-5,2-L-4-5,PICK,FALSE,1240
8393,Ecommerce,2,M,3,2,2-M-3-2,2-M-3-2,PICK,FALSE,1241
8404,Ecommerce,2,M,3,3,2-M-3-3,2-M-3-3,PICK,FALSE,1242
8415,Ecommerce,2,M,3,4,2-M-3-4,2-M-3-4,PICK,FALSE,1243
10101,Ecommerce,2,M,3,5,2-M-3-5,2-M-3-5,PICK,FALSE,1244
10100,Ecommerce,2,L,3,2,2-L-3-2,2-L-3-2,PICK,FALSE,1245
10099,Ecommerce,2,L,3,3,2-L-3-3,2-L-3-3,PICK,FALSE,1246
,Ecommerce,2,L,3,3,2-L-3-3-1,2-L-3-3-1,PICK,FALSE,1246
,Ecommerce,2,L,3,3,2-L-3-3-2,2-L-3-3-2,PICK,FALSE,1246
,Ecommerce,2,L,3,3,2-L-3-3-3,2-L-3-3-3,PICK,FALSE,1246
,Ecommerce,2,L,3,3,2-L-3-3-4,2-L-3-3-4,PICK,FALSE,1246
,Ecommerce,2,L,3,3,2-L-3-3-5,2-L-3-3-5,PICK,FALSE,1246
,Ecommerce,2,L,3,3,2-L-3-3-6,2-L-3-3-6,PICK,FALSE,1246
,Ecommerce,2,L,3,3,2-L-3-3-7,2-L-3-3-7,PICK,FALSE,1246
,Ecommerce,2,L,3,3,2-L-3-3-8,2-L-3-3-8,PICK,FALSE,1246
,Ecommerce,2,L,3,3,2-L-3-3-9,2-L-3-3-9,PICK,FALSE,1246
,Ecommerce,2,L,3,3,2-L-3-3-10,2-L-3-3-10,PICK,FALSE,1246
,Ecommerce,2,L,3,3,2-L-3-3-11,2-L-3-3-11,PICK,FALSE,1246
,Ecommerce,2,L,3,3,2-L-3-3-12,2-L-3-3-12,PICK,FALSE,1246
,Ecommerce,2,L,3,3,2-L-3-3-13,2-L-3-3-13,PICK,FALSE,1246
,Ecommerce,2,L,3,3,2-L-3-3-14,2-L-3-3-14,PICK,FALSE,1246
,Ecommerce,2,L,3,3,2-L-3-3-15,2-L-3-3-15,PICK,FALSE,1246
,Ecommerce,2,L,3,3,2-L-3-3-16,2-L-3-3-16,PICK,FALSE,1246
,Ecommerce,2,L,3,3,2-L-3-3-17,2-L-3-3-17,PICK,FALSE,1246
,Ecommerce,2,L,3,3,2-L-3-3-18,2-L-3-3-18,PICK,FALSE,1246
10098,Ecommerce,2,L,3,4,2-L-3-4,2-L-3-4,PICK,FALSE,1247
,Ecommerce,2,L,3,4,2-L-3-4-1,2-L-3-4-1,PICK,FALSE,1247
,Ecommerce,2,L,3,4,2-L-3-4-2,2-L-3-4-2,PICK,FALSE,1247
,Ecommerce,2,L,3,4,2-L-3-4-3,2-L-3-4-3,PICK,FALSE,1247
,Ecommerce,2,L,3,4,2-L-3-4-4,2-L-3-4-4,PICK,FALSE,1247
,Ecommerce,2,L,3,4,2-L-3-4-5,2-L-3-4-5,PICK,FALSE,1247
,Ecommerce,2,L,3,4,2-L-3-4-6,2-L-3-4-6,PICK,FALSE,1247
,Ecommerce,2,L,3,4,2-L-3-4-7,2-L-3-4-7,PICK,FALSE,1247
,Ecommerce,2,L,3,4,2-L-3-4-8,2-L-3-4-8,PICK,FALSE,1247
,Ecommerce,2,L,3,4,2-L-3-4-9,2-L-3-4-9,PICK,FALSE,1247
,Ecommerce,2,L,3,4,2-L-3-4-10,2-L-3-4-10,PICK,FALSE,1247
,Ecommerce,2,L,3,4,2-L-3-4-11,2-L-3-4-11,PICK,FALSE,1247
,Ecommerce,2,L,3,4,2-L-3-4-12,2-L-3-4-12,PICK,FALSE,1247
,Ecommerce,2,L,3,4,2-L-3-4-13,2-L-3-4-13,PICK,FALSE,1247
,Ecommerce,2,L,3,4,2-L-3-4-14,2-L-3-4-14,PICK,FALSE,1247
,Ecommerce,2,L,3,4,2-L-3-4-15,2-L-3-4-15,PICK,FALSE,1247
,Ecommerce,2,L,3,4,2-L-3-4-16,2-L-3-4-16,PICK,FALSE,1247
,Ecommerce,2,L,3,4,2-L-3-4-17,2-L-3-4-17,PICK,FALSE,1247
,Ecommerce,2,L,3,4,2-L-3-4-18,2-L-3-4-18,PICK,FALSE,1247
10097,Ecommerce,2,L,3,5,2-L-3-5,2-L-3-5,PICK,FALSE,1248
8392,Ecommerce,2,M,2,2,2-M-2-2,2-M-2-2,PICK,FALSE,1249
8403,Ecommerce,2,M,2,3,2-M-2-3,2-M-2-3,PICK,FALSE,1250
8414,Ecommerce,2,M,2,4,2-M-2-4,2-M-2-4,PICK,FALSE,1251
10096,Ecommerce,2,M,2,5,2-M-2-5,2-M-2-5,PICK,FALSE,1252
10095,Ecommerce,2,L,2,2,2-L-2-2,2-L-2-2,PICK,FALSE,1253
17045,Ecommerce,2,L,2,2,2-L-2-2-1,2-L-2-2-1,PICK,FALSE,1253
17046,Ecommerce,2,L,2,2,2-L-2-2-2,2-L-2-2-2,PICK,FALSE,1253
17047,Ecommerce,2,L,2,2,2-L-2-2-3,2-L-2-2-3,PICK,FALSE,1253
17048,Ecommerce,2,L,2,2,2-L-2-2-4,2-L-2-2-4,PICK,FALSE,1253
17049,Ecommerce,2,L,2,2,2-L-2-2-5,2-L-2-2-5,PICK,FALSE,1253
17050,Ecommerce,2,L,2,2,2-L-2-2-6,2-L-2-2-6,PICK,FALSE,1253
17051,Ecommerce,2,L,2,2,2-L-2-2-7,2-L-2-2-7,PICK,FALSE,1253
17052,Ecommerce,2,L,2,2,2-L-2-2-8,2-L-2-2-8,PICK,FALSE,1253
17053,Ecommerce,2,L,2,2,2-L-2-2-9,2-L-2-2-9,PICK,FALSE,1253
17054,Ecommerce,2,L,2,2,2-L-2-2-10,2-L-2-2-10,PICK,FALSE,1253
17055,Ecommerce,2,L,2,2,2-L-2-2-11,2-L-2-2-11,PICK,FALSE,1253
17056,Ecommerce,2,L,2,2,2-L-2-2-12,2-L-2-2-12,PICK,FALSE,1253
17057,Ecommerce,2,L,2,2,2-L-2-2-13,2-L-2-2-13,PICK,FALSE,1253
17058,Ecommerce,2,L,2,2,2-L-2-2-14,2-L-2-2-14,PICK,FALSE,1253
17059,Ecommerce,2,L,2,2,2-L-2-2-15,2-L-2-2-15,PICK,FALSE,1253
17060,Ecommerce,2,L,2,2,2-L-2-2-16,2-L-2-2-16,PICK,FALSE,1253
17061,Ecommerce,2,L,2,2,2-L-2-2-17,2-L-2-2-17,PICK,FALSE,1253
17062,Ecommerce,2,L,2,2,2-L-2-2-18,2-L-2-2-18,PICK,FALSE,1253
10094,Ecommerce,2,L,2,3,2-L-2-3,2-L-2-3,PICK,FALSE,1254
10093,Ecommerce,2,L,2,4,2-L-2-4,2-L-2-4,PICK,FALSE,1255
10092,Ecommerce,2,L,2,5,2-L-2-5,2-L-2-5,PICK,FALSE,1256
8391,Ecommerce,2,M,1,2,2-M-1-2,2-M-1-2,PICK,FALSE,1257
17063,Ecommerce,2,M,1,2,2-M-1-2-1,2-M-1-2-1,PICK,FALSE,1257
17064,Ecommerce,2,M,1,2,2-M-1-2-2,2-M-1-2-2,PICK,FALSE,1257
17065,Ecommerce,2,M,1,2,2-M-1-2-3,2-M-1-2-3,PICK,FALSE,1257
17066,Ecommerce,2,M,1,2,2-M-1-2-4,2-M-1-2-4,PICK,FALSE,1257
17067,Ecommerce,2,M,1,2,2-M-1-2-5,2-M-1-2-5,PICK,FALSE,1257
17068,Ecommerce,2,M,1,2,2-M-1-2-6,2-M-1-2-6,PICK,FALSE,1257
17069,Ecommerce,2,M,1,2,2-M-1-2-7,2-M-1-2-7,PICK,FALSE,1257
17070,Ecommerce,2,M,1,2,2-M-1-2-8,2-M-1-2-8,PICK,FALSE,1257
17071,Ecommerce,2,M,1,2,2-M-1-2-9,2-M-1-2-9,PICK,FALSE,1257
17072,Ecommerce,2,M,1,2,2-M-1-2-10,2-M-1-2-10,PICK,FALSE,1257
17073,Ecommerce,2,M,1,2,2-M-1-2-11,2-M-1-2-11,PICK,FALSE,1257
17074,Ecommerce,2,M,1,2,2-M-1-2-12,2-M-1-2-12,PICK,FALSE,1257
17075,Ecommerce,2,M,1,2,2-M-1-2-13,2-M-1-2-13,PICK,FALSE,1257
17076,Ecommerce,2,M,1,2,2-M-1-2-14,2-M-1-2-14,PICK,FALSE,1257
17077,Ecommerce,2,M,1,2,2-M-1-2-15,2-M-1-2-15,PICK,FALSE,1257
17078,Ecommerce,2,M,1,2,2-M-1-2-16,2-M-1-2-16,PICK,FALSE,1257
17079,Ecommerce,2,M,1,2,2-M-1-2-17,2-M-1-2-17,PICK,FALSE,1257
17080,Ecommerce,2,M,1,2,2-M-1-2-18,2-M-1-2-18,PICK,FALSE,1257
8402,Ecommerce,2,M,1,3,2-M-1-3,2-M-1-3,PICK,FALSE,1258
17081,Ecommerce,2,M,1,3,2-M-1-3-1,2-M-1-3-1,PICK,FALSE,1258
17082,Ecommerce,2,M,1,3,2-M-1-3-2,2-M-1-3-2,PICK,FALSE,1258
17083,Ecommerce,2,M,1,3,2-M-1-3-3,2-M-1-3-3,PICK,FALSE,1258
17084,Ecommerce,2,M,1,3,2-M-1-3-4,2-M-1-3-4,PICK,FALSE,1258
17085,Ecommerce,2,M,1,3,2-M-1-3-5,2-M-1-3-5,PICK,FALSE,1258
17086,Ecommerce,2,M,1,3,2-M-1-3-6,2-M-1-3-6,PICK,FALSE,1258
17087,Ecommerce,2,M,1,3,2-M-1-3-7,2-M-1-3-7,PICK,FALSE,1258
17088,Ecommerce,2,M,1,3,2-M-1-3-8,2-M-1-3-8,PICK,FALSE,1258
17089,Ecommerce,2,M,1,3,2-M-1-3-9,2-M-1-3-9,PICK,FALSE,1258
17090,Ecommerce,2,M,1,3,2-M-1-3-10,2-M-1-3-10,PICK,FALSE,1258
17091,Ecommerce,2,M,1,3,2-M-1-3-11,2-M-1-3-11,PICK,FALSE,1258
17092,Ecommerce,2,M,1,3,2-M-1-3-12,2-M-1-3-12,PICK,FALSE,1258
17093,Ecommerce,2,M,1,3,2-M-1-3-13,2-M-1-3-13,PICK,FALSE,1258
17094,Ecommerce,2,M,1,3,2-M-1-3-14,2-M-1-3-14,PICK,FALSE,1258
17095,Ecommerce,2,M,1,3,2-M-1-3-15,2-M-1-3-15,PICK,FALSE,1258
17096,Ecommerce,2,M,1,3,2-M-1-3-16,2-M-1-3-16,PICK,FALSE,1258
17097,Ecommerce,2,M,1,3,2-M-1-3-17,2-M-1-3-17,PICK,FALSE,1258
17098,Ecommerce,2,M,1,3,2-M-1-3-18,2-M-1-3-18,PICK,FALSE,1258
8413,Ecommerce,2,M,1,4,2-M-1-4,2-M-1-4,PICK,FALSE,1259
17099,Ecommerce,2,M,1,4,2-M-1-4-1,2-M-1-4-1,PICK,FALSE,1259
17100,Ecommerce,2,M,1,4,2-M-1-4-2,2-M-1-4-2,PICK,FALSE,1259
17101,Ecommerce,2,M,1,4,2-M-1-4-3,2-M-1-4-3,PICK,FALSE,1259
17102,Ecommerce,2,M,1,4,2-M-1-4-4,2-M-1-4-4,PICK,FALSE,1259
17103,Ecommerce,2,M,1,4,2-M-1-4-5,2-M-1-4-5,PICK,FALSE,1259
17104,Ecommerce,2,M,1,4,2-M-1-4-6,2-M-1-4-6,PICK,FALSE,1259
17105,Ecommerce,2,M,1,4,2-M-1-4-7,2-M-1-4-7,PICK,FALSE,1259
17106,Ecommerce,2,M,1,4,2-M-1-4-8,2-M-1-4-8,PICK,FALSE,1259
17107,Ecommerce,2,M,1,4,2-M-1-4-9,2-M-1-4-9,PICK,FALSE,1259
17108,Ecommerce,2,M,1,4,2-M-1-4-10,2-M-1-4-10,PICK,FALSE,1259
17109,Ecommerce,2,M,1,4,2-M-1-4-11,2-M-1-4-11,PICK,FALSE,1259
17110,Ecommerce,2,M,1,4,2-M-1-4-12,2-M-1-4-12,PICK,FALSE,1259
17111,Ecommerce,2,M,1,4,2-M-1-4-13,2-M-1-4-13,PICK,FALSE,1259
17112,Ecommerce,2,M,1,4,2-M-1-4-14,2-M-1-4-14,PICK,FALSE,1259
17113,Ecommerce,2,M,1,4,2-M-1-4-15,2-M-1-4-15,PICK,FALSE,1259
17114,Ecommerce,2,M,1,4,2-M-1-4-16,2-M-1-4-16,PICK,FALSE,1259
17115,Ecommerce,2,M,1,4,2-M-1-4-17,2-M-1-4-17,PICK,FALSE,1259
17116,Ecommerce,2,M,1,4,2-M-1-4-18,2-M-1-4-18,PICK,FALSE,1259
10091,Ecommerce,2,M,1,5,2-M-1-5,2-M-1-5,PICK,FALSE,1260
10090,Ecommerce,2,L,1,2,2-L-1-2,2-L-1-2,PICK,FALSE,1261
17117,Ecommerce,2,L,1,2,2-L-1-2-1,2-L-1-2-1,PICK,FALSE,1261
17118,Ecommerce,2,L,1,2,2-L-1-2-2,2-L-1-2-2,PICK,FALSE,1261
17119,Ecommerce,2,L,1,2,2-L-1-2-3,2-L-1-2-3,PICK,FALSE,1261
17120,Ecommerce,2,L,1,2,2-L-1-2-4,2-L-1-2-4,PICK,FALSE,1261
17121,Ecommerce,2,L,1,2,2-L-1-2-5,2-L-1-2-5,PICK,FALSE,1261
17122,Ecommerce,2,L,1,2,2-L-1-2-6,2-L-1-2-6,PICK,FALSE,1261
17123,Ecommerce,2,L,1,2,2-L-1-2-7,2-L-1-2-7,PICK,FALSE,1261
17124,Ecommerce,2,L,1,2,2-L-1-2-8,2-L-1-2-8,PICK,FALSE,1261
17125,Ecommerce,2,L,1,2,2-L-1-2-9,2-L-1-2-9,PICK,FALSE,1261
17126,Ecommerce,2,L,1,2,2-L-1-2-10,2-L-1-2-10,PICK,FALSE,1261
17127,Ecommerce,2,L,1,2,2-L-1-2-11,2-L-1-2-11,PICK,FALSE,1261
17128,Ecommerce,2,L,1,2,2-L-1-2-12,2-L-1-2-12,PICK,FALSE,1261
17129,Ecommerce,2,L,1,2,2-L-1-2-13,2-L-1-2-13,PICK,FALSE,1261
17130,Ecommerce,2,L,1,2,2-L-1-2-14,2-L-1-2-14,PICK,FALSE,1261
17131,Ecommerce,2,L,1,2,2-L-1-2-15,2-L-1-2-15,PICK,FALSE,1261
17132,Ecommerce,2,L,1,2,2-L-1-2-16,2-L-1-2-16,PICK,FALSE,1261
17133,Ecommerce,2,L,1,2,2-L-1-2-17,2-L-1-2-17,PICK,FALSE,1261
17134,Ecommerce,2,L,1,2,2-L-1-2-18,2-L-1-2-18,PICK,FALSE,1261
17135,Ecommerce,2,L,1,3,2-L-1-3-1,2-L-1-3-1,PICK,FALSE,1262
17136,Ecommerce,2,L,1,3,2-L-1-3-2,2-L-1-3-2,PICK,FALSE,1262
17137,Ecommerce,2,L,1,3,2-L-1-3-3,2-L-1-3-3,PICK,FALSE,1262
17138,Ecommerce,2,L,1,3,2-L-1-3-4,2-L-1-3-4,PICK,FALSE,1262
17139,Ecommerce,2,L,1,3,2-L-1-3-5,2-L-1-3-5,PICK,FALSE,1262
17140,Ecommerce,2,L,1,3,2-L-1-3-6,2-L-1-3-6,PICK,FALSE,1262
17141,Ecommerce,2,L,1,3,2-L-1-3-7,2-L-1-3-7,PICK,FALSE,1262
17142,Ecommerce,2,L,1,3,2-L-1-3-8,2-L-1-3-8,PICK,FALSE,1262
17143,Ecommerce,2,L,1,3,2-L-1-3-9,2-L-1-3-9,PICK,FALSE,1262
17144,Ecommerce,2,L,1,3,2-L-1-3-10,2-L-1-3-10,PICK,FALSE,1262
17145,Ecommerce,2,L,1,3,2-L-1-3-11,2-L-1-3-11,PICK,FALSE,1262
17146,Ecommerce,2,L,1,3,2-L-1-3-12,2-L-1-3-12,PICK,FALSE,1262
17147,Ecommerce,2,L,1,3,2-L-1-3-13,2-L-1-3-13,PICK,FALSE,1262
17148,Ecommerce,2,L,1,3,2-L-1-3-14,2-L-1-3-14,PICK,FALSE,1262
17149,Ecommerce,2,L,1,3,2-L-1-3-15,2-L-1-3-15,PICK,FALSE,1262
17150,Ecommerce,2,L,1,3,2-L-1-3-16,2-L-1-3-16,PICK,FALSE,1262
17151,Ecommerce,2,L,1,3,2-L-1-3-17,2-L-1-3-17,PICK,FALSE,1262
17152,Ecommerce,2,L,1,3,2-L-1-3-18,2-L-1-3-18,PICK,FALSE,1262
10089,Ecommerce,2,L,1,3,2-L-1-3,2-L-1-3,PICK,FALSE,1262
10088,Ecommerce,2,L,1,4,2-L-1-4,2-L-1-4,PICK,FALSE,1263
17153,Ecommerce,2,L,1,4,2-L-1-4-1,2-L-1-4-1,PICK,FALSE,1263
17154,Ecommerce,2,L,1,4,2-L-1-4-2,2-L-1-4-2,PICK,FALSE,1263
17155,Ecommerce,2,L,1,4,2-L-1-4-3,2-L-1-4-3,PICK,FALSE,1263
17156,Ecommerce,2,L,1,4,2-L-1-4-4,2-L-1-4-4,PICK,FALSE,1263
17157,Ecommerce,2,L,1,4,2-L-1-4-5,2-L-1-4-5,PICK,FALSE,1263
17158,Ecommerce,2,L,1,4,2-L-1-4-6,2-L-1-4-6,PICK,FALSE,1263
17159,Ecommerce,2,L,1,4,2-L-1-4-7,2-L-1-4-7,PICK,FALSE,1263
17160,Ecommerce,2,L,1,4,2-L-1-4-8,2-L-1-4-8,PICK,FALSE,1263
17161,Ecommerce,2,L,1,4,2-L-1-4-9,2-L-1-4-9,PICK,FALSE,1263
17162,Ecommerce,2,L,1,4,2-L-1-4-10,2-L-1-4-10,PICK,FALSE,1263
17163,Ecommerce,2,L,1,4,2-L-1-4-11,2-L-1-4-11,PICK,FALSE,1263
17164,Ecommerce,2,L,1,4,2-L-1-4-12,2-L-1-4-12,PICK,FALSE,1263
17165,Ecommerce,2,L,1,4,2-L-1-4-13,2-L-1-4-13,PICK,FALSE,1263
17166,Ecommerce,2,L,1,4,2-L-1-4-14,2-L-1-4-14,PICK,FALSE,1263
17167,Ecommerce,2,L,1,4,2-L-1-4-15,2-L-1-4-15,PICK,FALSE,1263
17168,Ecommerce,2,L,1,4,2-L-1-4-16,2-L-1-4-16,PICK,FALSE,1263
17169,Ecommerce,2,L,1,4,2-L-1-4-17,2-L-1-4-17,PICK,FALSE,1263
17170,Ecommerce,2,L,1,4,2-L-1-4-18,2-L-1-4-18,PICK,FALSE,1263
10087,Ecommerce,2,L,1,5,2-L-1-5,2-L-1-5,PICK,FALSE,1264
10086,Ecommerce,2,K,1,2,2-K-1-2,2-K-1-2,PICK,FALSE,1265
11851,Ecommerce,2,K,1,2,2-K-1-2-1,2-K-1-2-1,PICK,FALSE,1265
11852,Ecommerce,2,K,1,2,2-K-1-2-2,2-K-1-2-2,PICK,FALSE,1265
11853,Ecommerce,2,K,1,2,2-K-1-2-3,2-K-1-2-3,PICK,FALSE,1265
11854,Ecommerce,2,K,1,2,2-K-1-2-4,2-K-1-2-4,PICK,FALSE,1265
11855,Ecommerce,2,K,1,2,2-K-1-2-5,2-K-1-2-5,PICK,FALSE,1265
11856,Ecommerce,2,K,1,2,2-K-1-2-6,2-K-1-2-6,PICK,FALSE,1265
11857,Ecommerce,2,K,1,2,2-K-1-2-7,2-K-1-2-7,PICK,FALSE,1265
11858,Ecommerce,2,K,1,2,2-K-1-2-8,2-K-1-2-8,PICK,FALSE,1265
11859,Ecommerce,2,K,1,2,2-K-1-2-9,2-K-1-2-9,PICK,FALSE,1265
11860,Ecommerce,2,K,1,2,2-K-1-2-10,2-K-1-2-10,PICK,FALSE,1265
11861,Ecommerce,2,K,1,2,2-K-1-2-11,2-K-1-2-11,PICK,FALSE,1265
11862,Ecommerce,2,K,1,2,2-K-1-2-12,2-K-1-2-12,PICK,FALSE,1265
11863,Ecommerce,2,K,1,2,2-K-1-2-13,2-K-1-2-13,PICK,FALSE,1265
11864,Ecommerce,2,K,1,2,2-K-1-2-14,2-K-1-2-14,PICK,FALSE,1265
11865,Ecommerce,2,K,1,2,2-K-1-2-15,2-K-1-2-15,PICK,FALSE,1265
11866,Ecommerce,2,K,1,2,2-K-1-2-16,2-K-1-2-16,PICK,FALSE,1265
11867,Ecommerce,2,K,1,2,2-K-1-2-17,2-K-1-2-17,PICK,FALSE,1265
11868,Ecommerce,2,K,1,2,2-K-1-2-18,2-K-1-2-18,PICK,FALSE,1265
17171,Ecommerce,2,K,1,3,2-K-1-3-1,2-K-1-3-1,PICK,FALSE,1266
17172,Ecommerce,2,K,1,3,2-K-1-3-2,2-K-1-3-2,PICK,FALSE,1266
17173,Ecommerce,2,K,1,3,2-K-1-3-3,2-K-1-3-3,PICK,FALSE,1266
17174,Ecommerce,2,K,1,3,2-K-1-3-4,2-K-1-3-4,PICK,FALSE,1266
17175,Ecommerce,2,K,1,3,2-K-1-3-5,2-K-1-3-5,PICK,FALSE,1266
17176,Ecommerce,2,K,1,3,2-K-1-3-6,2-K-1-3-6,PICK,FALSE,1266
17177,Ecommerce,2,K,1,3,2-K-1-3-7,2-K-1-3-7,PICK,FALSE,1266
17178,Ecommerce,2,K,1,3,2-K-1-3-8,2-K-1-3-8,PICK,FALSE,1266
17179,Ecommerce,2,K,1,3,2-K-1-3-9,2-K-1-3-9,PICK,FALSE,1266
17180,Ecommerce,2,K,1,3,2-K-1-3-10,2-K-1-3-10,PICK,FALSE,1266
17181,Ecommerce,2,K,1,3,2-K-1-3-11,2-K-1-3-11,PICK,FALSE,1266
17182,Ecommerce,2,K,1,3,2-K-1-3-12,2-K-1-3-12,PICK,FALSE,1266
17183,Ecommerce,2,K,1,3,2-K-1-3-13,2-K-1-3-13,PICK,FALSE,1266
17184,Ecommerce,2,K,1,3,2-K-1-3-14,2-K-1-3-14,PICK,FALSE,1266
17185,Ecommerce,2,K,1,3,2-K-1-3-15,2-K-1-3-15,PICK,FALSE,1266
17186,Ecommerce,2,K,1,3,2-K-1-3-16,2-K-1-3-16,PICK,FALSE,1266
17187,Ecommerce,2,K,1,3,2-K-1-3-17,2-K-1-3-17,PICK,FALSE,1266
17188,Ecommerce,2,K,1,3,2-K-1-3-18,2-K-1-3-18,PICK,FALSE,1266
10085,Ecommerce,2,K,1,3,2-K-1-3,2-K-1-3,PICK,FALSE,1266
10084,Ecommerce,2,K,1,4,2-K-1-4,2-K-1-4,PICK,FALSE,1267
17189,Ecommerce,2,K,1,4,2-K-1-4-1,2-K-1-4-1,PICK,FALSE,1267
17190,Ecommerce,2,K,1,4,2-K-1-4-2,2-K-1-4-2,PICK,FALSE,1267
17191,Ecommerce,2,K,1,4,2-K-1-4-3,2-K-1-4-3,PICK,FALSE,1267
17192,Ecommerce,2,K,1,4,2-K-1-4-4,2-K-1-4-4,PICK,FALSE,1267
17193,Ecommerce,2,K,1,4,2-K-1-4-5,2-K-1-4-5,PICK,FALSE,1267
17194,Ecommerce,2,K,1,4,2-K-1-4-6,2-K-1-4-6,PICK,FALSE,1267
17195,Ecommerce,2,K,1,4,2-K-1-4-7,2-K-1-4-7,PICK,FALSE,1267
17196,Ecommerce,2,K,1,4,2-K-1-4-8,2-K-1-4-8,PICK,FALSE,1267
17197,Ecommerce,2,K,1,4,2-K-1-4-9,2-K-1-4-9,PICK,FALSE,1267
17198,Ecommerce,2,K,1,4,2-K-1-4-10,2-K-1-4-10,PICK,FALSE,1267
17199,Ecommerce,2,K,1,4,2-K-1-4-11,2-K-1-4-11,PICK,FALSE,1267
17200,Ecommerce,2,K,1,4,2-K-1-4-12,2-K-1-4-12,PICK,FALSE,1267
17201,Ecommerce,2,K,1,4,2-K-1-4-13,2-K-1-4-13,PICK,FALSE,1267
17202,Ecommerce,2,K,1,4,2-K-1-4-14,2-K-1-4-14,PICK,FALSE,1267
17203,Ecommerce,2,K,1,4,2-K-1-4-15,2-K-1-4-15,PICK,FALSE,1267
17204,Ecommerce,2,K,1,4,2-K-1-4-16,2-K-1-4-16,PICK,FALSE,1267
17205,Ecommerce,2,K,1,4,2-K-1-4-17,2-K-1-4-17,PICK,FALSE,1267
17206,Ecommerce,2,K,1,4,2-K-1-4-18,2-K-1-4-18,PICK,FALSE,1267
10083,Ecommerce,2,K,1,5,2-K-1-5,2-K-1-5,PICK,FALSE,1268
8126,Ecommerce,2,J,1,2,2-J-1-2,2-J-1-2,PICK,FALSE,1269
10082,Ecommerce,2,J,1,3,2-J-1-3,2-J-1-3,PICK,FALSE,1270
10081,Ecommerce,2,J,1,4,2-J-1-4,2-J-1-4,PICK,FALSE,1271
10080,Ecommerce,2,J,1,5,2-J-1-5,2-J-1-5,PICK,FALSE,1272
10079,Ecommerce,2,K,2,2,2-K-2-2,2-K-2-2,PICK,FALSE,1273
11869,Ecommerce,2,K,2,2,2-K-2-2-1,2-K-2-2-1,PICK,FALSE,1273
11870,Ecommerce,2,K,2,2,2-K-2-2-2,2-K-2-2-2,PICK,FALSE,1273
11871,Ecommerce,2,K,2,2,2-K-2-2-3,2-K-2-2-3,PICK,FALSE,1273
11872,Ecommerce,2,K,2,2,2-K-2-2-4,2-K-2-2-4,PICK,FALSE,1273
11873,Ecommerce,2,K,2,2,2-K-2-2-5,2-K-2-2-5,PICK,FALSE,1273
11874,Ecommerce,2,K,2,2,2-K-2-2-6,2-K-2-2-6,PICK,FALSE,1273
11875,Ecommerce,2,K,2,2,2-K-2-2-7,2-K-2-2-7,PICK,FALSE,1273
11876,Ecommerce,2,K,2,2,2-K-2-2-8,2-K-2-2-8,PICK,FALSE,1273
11877,Ecommerce,2,K,2,2,2-K-2-2-9,2-K-2-2-9,PICK,FALSE,1273
11878,Ecommerce,2,K,2,2,2-K-2-2-10,2-K-2-2-10,PICK,FALSE,1273
11879,Ecommerce,2,K,2,2,2-K-2-2-11,2-K-2-2-11,PICK,FALSE,1273
11880,Ecommerce,2,K,2,2,2-K-2-2-12,2-K-2-2-12,PICK,FALSE,1273
11881,Ecommerce,2,K,2,2,2-K-2-2-13,2-K-2-2-13,PICK,FALSE,1273
11882,Ecommerce,2,K,2,2,2-K-2-2-14,2-K-2-2-14,PICK,FALSE,1273
11883,Ecommerce,2,K,2,2,2-K-2-2-15,2-K-2-2-15,PICK,FALSE,1273
11884,Ecommerce,2,K,2,2,2-K-2-2-16,2-K-2-2-16,PICK,FALSE,1273
11885,Ecommerce,2,K,2,2,2-K-2-2-17,2-K-2-2-17,PICK,FALSE,1273
11886,Ecommerce,2,K,2,2,2-K-2-2-18,2-K-2-2-18,PICK,FALSE,1273
10078,Ecommerce,2,K,2,3,2-K-2-3,2-K-2-3,PICK,FALSE,1274
10077,Ecommerce,2,K,2,4,2-K-2-4,2-K-2-4,PICK,FALSE,1275
10076,Ecommerce,2,K,2,5,2-K-2-5,2-K-2-5,PICK,FALSE,1276
8129,Ecommerce,2,J,2,2,2-J-2-2,2-J-2-2,PICK,FALSE,1277
10075,Ecommerce,2,J,2,3,2-J-2-3,2-J-2-3,PICK,FALSE,1278
10074,Ecommerce,2,J,2,4,2-J-2-4,2-J-2-4,PICK,FALSE,1279
10073,Ecommerce,2,J,2,5,2-J-2-5,2-J-2-5,PICK,FALSE,1280
10072,Ecommerce,2,K,3,2,2-K-3-2,2-K-3-2,PICK,FALSE,1281
10071,Ecommerce,2,K,3,3,2-K-3-3,2-K-3-3,PICK,FALSE,1282
10070,Ecommerce,2,K,3,4,2-K-3-4,2-K-3-4,PICK,FALSE,1283
10069,Ecommerce,2,K,3,5,2-K-3-5,2-K-3-5,PICK,FALSE,1284
8132,Ecommerce,2,J,3,2,2-J-3-2,2-J-3-2,PICK,FALSE,1285
10068,Ecommerce,2,J,3,3,2-J-3-3,2-J-3-3,PICK,FALSE,1286
10067,Ecommerce,2,J,3,4,2-J-3-4,2-J-3-4,PICK,FALSE,1287
10066,Ecommerce,2,J,3,5,2-J-3-5,2-J-3-5,PICK,FALSE,1288
10065,Ecommerce,2,K,4,2,2-K-4-2,2-K-4-2,PICK,FALSE,1289
10064,Ecommerce,2,K,4,3,2-K-4-3,2-K-4-3,PICK,FALSE,1290
10063,Ecommerce,2,K,4,4,2-K-4-4,2-K-4-4,PICK,FALSE,1291
10062,Ecommerce,2,K,4,5,2-K-4-5,2-K-4-5,PICK,FALSE,1292
17207,Ecommerce,2,J,4,2,2-J-4-2-1,2-J-4-2-1,PICK,FALSE,1293
17208,Ecommerce,2,J,4,2,2-J-4-2-2,2-J-4-2-2,PICK,FALSE,1293
17209,Ecommerce,2,J,4,2,2-J-4-2-3,2-J-4-2-3,PICK,FALSE,1293
17210,Ecommerce,2,J,4,2,2-J-4-2-4,2-J-4-2-4,PICK,FALSE,1293
17211,Ecommerce,2,J,4,2,2-J-4-2-5,2-J-4-2-5,PICK,FALSE,1293
17212,Ecommerce,2,J,4,2,2-J-4-2-6,2-J-4-2-6,PICK,FALSE,1293
17213,Ecommerce,2,J,4,2,2-J-4-2-7,2-J-4-2-7,PICK,FALSE,1293
17214,Ecommerce,2,J,4,2,2-J-4-2-8,2-J-4-2-8,PICK,FALSE,1293
17215,Ecommerce,2,J,4,2,2-J-4-2-9,2-J-4-2-9,PICK,FALSE,1293
17216,Ecommerce,2,J,4,2,2-J-4-2-10,2-J-4-2-10,PICK,FALSE,1293
17217,Ecommerce,2,J,4,2,2-J-4-2-11,2-J-4-2-11,PICK,FALSE,1293
17218,Ecommerce,2,J,4,2,2-J-4-2-12,2-J-4-2-12,PICK,FALSE,1293
17219,Ecommerce,2,J,4,2,2-J-4-2-13,2-J-4-2-13,PICK,FALSE,1293
17220,Ecommerce,2,J,4,2,2-J-4-2-14,2-J-4-2-14,PICK,FALSE,1293
17221,Ecommerce,2,J,4,2,2-J-4-2-15,2-J-4-2-15,PICK,FALSE,1293
17222,Ecommerce,2,J,4,2,2-J-4-2-16,2-J-4-2-16,PICK,FALSE,1293
17223,Ecommerce,2,J,4,2,2-J-4-2-17,2-J-4-2-17,PICK,FALSE,1293
17224,Ecommerce,2,J,4,2,2-J-4-2-18,2-J-4-2-18,PICK,FALSE,1293
8135,Ecommerce,2,J,4,2,2-J-4-2,2-J-4-2,PICK,FALSE,1293
17225,Ecommerce,2,J,4,3,2-J-4-3-1,2-J-4-3-1,PICK,FALSE,1294
17226,Ecommerce,2,J,4,3,2-J-4-3-2,2-J-4-3-2,PICK,FALSE,1294
17227,Ecommerce,2,J,4,3,2-J-4-3-3,2-J-4-3-3,PICK,FALSE,1294
17228,Ecommerce,2,J,4,3,2-J-4-3-4,2-J-4-3-4,PICK,FALSE,1294
17229,Ecommerce,2,J,4,3,2-J-4-3-5,2-J-4-3-5,PICK,FALSE,1294
17230,Ecommerce,2,J,4,3,2-J-4-3-6,2-J-4-3-6,PICK,FALSE,1294
17231,Ecommerce,2,J,4,3,2-J-4-3-7,2-J-4-3-7,PICK,FALSE,1294
17232,Ecommerce,2,J,4,3,2-J-4-3-8,2-J-4-3-8,PICK,FALSE,1294
17233,Ecommerce,2,J,4,3,2-J-4-3-9,2-J-4-3-9,PICK,FALSE,1294
17234,Ecommerce,2,J,4,3,2-J-4-3-10,2-J-4-3-10,PICK,FALSE,1294
17235,Ecommerce,2,J,4,3,2-J-4-3-11,2-J-4-3-11,PICK,FALSE,1294
17236,Ecommerce,2,J,4,3,2-J-4-3-12,2-J-4-3-12,PICK,FALSE,1294
17237,Ecommerce,2,J,4,3,2-J-4-3-13,2-J-4-3-13,PICK,FALSE,1294
17238,Ecommerce,2,J,4,3,2-J-4-3-14,2-J-4-3-14,PICK,FALSE,1294
17239,Ecommerce,2,J,4,3,2-J-4-3-15,2-J-4-3-15,PICK,FALSE,1294
17240,Ecommerce,2,J,4,3,2-J-4-3-16,2-J-4-3-16,PICK,FALSE,1294
17241,Ecommerce,2,J,4,3,2-J-4-3-17,2-J-4-3-17,PICK,FALSE,1294
17242,Ecommerce,2,J,4,3,2-J-4-3-18,2-J-4-3-18,PICK,FALSE,1294
10061,Ecommerce,2,J,4,3,2-J-4-3,2-J-4-3,PICK,FALSE,1294
10060,Ecommerce,2,J,4,4,2-J-4-4,2-J-4-4,PICK,FALSE,1295
17243,Ecommerce,2,J,4,4,2-J-4-4-1,2-J-4-4-1,PICK,FALSE,1295
17244,Ecommerce,2,J,4,4,2-J-4-4-2,2-J-4-4-2,PICK,FALSE,1295
17245,Ecommerce,2,J,4,4,2-J-4-4-3,2-J-4-4-3,PICK,FALSE,1295
17246,Ecommerce,2,J,4,4,2-J-4-4-4,2-J-4-4-4,PICK,FALSE,1295
17247,Ecommerce,2,J,4,4,2-J-4-4-5,2-J-4-4-5,PICK,FALSE,1295
17248,Ecommerce,2,J,4,4,2-J-4-4-6,2-J-4-4-6,PICK,FALSE,1295
17249,Ecommerce,2,J,4,4,2-J-4-4-7,2-J-4-4-7,PICK,FALSE,1295
17250,Ecommerce,2,J,4,4,2-J-4-4-8,2-J-4-4-8,PICK,FALSE,1295
17251,Ecommerce,2,J,4,4,2-J-4-4-9,2-J-4-4-9,PICK,FALSE,1295
17252,Ecommerce,2,J,4,4,2-J-4-4-10,2-J-4-4-10,PICK,FALSE,1295
17253,Ecommerce,2,J,4,4,2-J-4-4-11,2-J-4-4-11,PICK,FALSE,1295
17254,Ecommerce,2,J,4,4,2-J-4-4-12,2-J-4-4-12,PICK,FALSE,1295
17255,Ecommerce,2,J,4,4,2-J-4-4-13,2-J-4-4-13,PICK,FALSE,1295
17256,Ecommerce,2,J,4,4,2-J-4-4-14,2-J-4-4-14,PICK,FALSE,1295
17257,Ecommerce,2,J,4,4,2-J-4-4-15,2-J-4-4-15,PICK,FALSE,1295
17258,Ecommerce,2,J,4,4,2-J-4-4-16,2-J-4-4-16,PICK,FALSE,1295
17259,Ecommerce,2,J,4,4,2-J-4-4-17,2-J-4-4-17,PICK,FALSE,1295
17260,Ecommerce,2,J,4,4,2-J-4-4-18,2-J-4-4-18,PICK,FALSE,1295
10059,Ecommerce,2,J,4,5,2-J-4-5,2-J-4-5,PICK,FALSE,1296
10058,Ecommerce,2,K,5,2,2-K-5-2,2-K-5-2,PICK,FALSE,1297
10057,Ecommerce,2,K,5,3,2-K-5-3,2-K-5-3,PICK,FALSE,1298
,Ecommerce,2,K,5,3,2-K-5-3-1,2-K-5-3-1,PICK,FALSE,1298
,Ecommerce,2,K,5,3,2-K-5-3-2,2-K-5-3-2,PICK,FALSE,1298
,Ecommerce,2,K,5,3,2-K-5-3-3,2-K-5-3-3,PICK,FALSE,1298
,Ecommerce,2,K,5,3,2-K-5-3-4,2-K-5-3-4,PICK,FALSE,1298
,Ecommerce,2,K,5,3,2-K-5-3-5,2-K-5-3-5,PICK,FALSE,1298
,Ecommerce,2,K,5,3,2-K-5-3-6,2-K-5-3-6,PICK,FALSE,1298
,Ecommerce,2,K,5,3,2-K-5-3-7,2-K-5-3-7,PICK,FALSE,1298
,Ecommerce,2,K,5,3,2-K-5-3-8,2-K-5-3-8,PICK,FALSE,1298
,Ecommerce,2,K,5,3,2-K-5-3-9,2-K-5-3-9,PICK,FALSE,1298
,Ecommerce,2,K,5,3,2-K-5-3-10,2-K-5-3-10,PICK,FALSE,1298
,Ecommerce,2,K,5,3,2-K-5-3-11,2-K-5-3-11,PICK,FALSE,1298
,Ecommerce,2,K,5,3,2-K-5-3-12,2-K-5-3-12,PICK,FALSE,1298
,Ecommerce,2,K,5,3,2-K-5-3-13,2-K-5-3-13,PICK,FALSE,1298
,Ecommerce,2,K,5,3,2-K-5-3-14,2-K-5-3-14,PICK,FALSE,1298
,Ecommerce,2,K,5,3,2-K-5-3-15,2-K-5-3-15,PICK,FALSE,1298
,Ecommerce,2,K,5,3,2-K-5-3-16,2-K-5-3-16,PICK,FALSE,1298
,Ecommerce,2,K,5,3,2-K-5-3-17,2-K-5-3-17,PICK,FALSE,1298
,Ecommerce,2,K,5,3,2-K-5-3-18,2-K-5-3-18,PICK,FALSE,1298
10056,Ecommerce,2,K,5,4,2-K-5-4,2-K-5-4,PICK,FALSE,1299
,Ecommerce,2,K,5,4,2-K-5-4-1,2-K-5-4-1,PICK,FALSE,1299
,Ecommerce,2,K,5,4,2-K-5-4-2,2-K-5-4-2,PICK,FALSE,1299
,Ecommerce,2,K,5,4,2-K-5-4-3,2-K-5-4-3,PICK,FALSE,1299
,Ecommerce,2,K,5,4,2-K-5-4-4,2-K-5-4-4,PICK,FALSE,1299
,Ecommerce,2,K,5,4,2-K-5-4-5,2-K-5-4-5,PICK,FALSE,1299
,Ecommerce,2,K,5,4,2-K-5-4-6,2-K-5-4-6,PICK,FALSE,1299
,Ecommerce,2,K,5,4,2-K-5-4-7,2-K-5-4-7,PICK,FALSE,1299
,Ecommerce,2,K,5,4,2-K-5-4-8,2-K-5-4-8,PICK,FALSE,1299
,Ecommerce,2,K,5,4,2-K-5-4-9,2-K-5-4-9,PICK,FALSE,1299
,Ecommerce,2,K,5,4,2-K-5-4-10,2-K-5-4-10,PICK,FALSE,1299
,Ecommerce,2,K,5,4,2-K-5-4-11,2-K-5-4-11,PICK,FALSE,1299
,Ecommerce,2,K,5,4,2-K-5-4-12,2-K-5-4-12,PICK,FALSE,1299
,Ecommerce,2,K,5,4,2-K-5-4-13,2-K-5-4-13,PICK,FALSE,1299
,Ecommerce,2,K,5,4,2-K-5-4-14,2-K-5-4-14,PICK,FALSE,1299
,Ecommerce,2,K,5,4,2-K-5-4-15,2-K-5-4-15,PICK,FALSE,1299
,Ecommerce,2,K,5,4,2-K-5-4-16,2-K-5-4-16,PICK,FALSE,1299
,Ecommerce,2,K,5,4,2-K-5-4-17,2-K-5-4-17,PICK,FALSE,1299
,Ecommerce,2,K,5,4,2-K-5-4-18,2-K-5-4-18,PICK,FALSE,1299
10055,Ecommerce,2,K,5,5,2-K-5-5,2-K-5-5,PICK,FALSE,1300
17261,Ecommerce,2,J,5,2,2-J-5-2-1,2-J-5-2-1,PICK,FALSE,1301
17262,Ecommerce,2,J,5,2,2-J-5-2-2,2-J-5-2-2,PICK,FALSE,1301
17263,Ecommerce,2,J,5,2,2-J-5-2-3,2-J-5-2-3,PICK,FALSE,1301
17264,Ecommerce,2,J,5,2,2-J-5-2-4,2-J-5-2-4,PICK,FALSE,1301
17265,Ecommerce,2,J,5,2,2-J-5-2-5,2-J-5-2-5,PICK,FALSE,1301
17266,Ecommerce,2,J,5,2,2-J-5-2-6,2-J-5-2-6,PICK,FALSE,1301
17267,Ecommerce,2,J,5,2,2-J-5-2-7,2-J-5-2-7,PICK,FALSE,1301
17268,Ecommerce,2,J,5,2,2-J-5-2-8,2-J-5-2-8,PICK,FALSE,1301
17269,Ecommerce,2,J,5,2,2-J-5-2-9,2-J-5-2-9,PICK,FALSE,1301
17270,Ecommerce,2,J,5,2,2-J-5-2-10,2-J-5-2-10,PICK,FALSE,1301
17271,Ecommerce,2,J,5,2,2-J-5-2-11,2-J-5-2-11,PICK,FALSE,1301
17272,Ecommerce,2,J,5,2,2-J-5-2-12,2-J-5-2-12,PICK,FALSE,1301
17273,Ecommerce,2,J,5,2,2-J-5-2-13,2-J-5-2-13,PICK,FALSE,1301
17274,Ecommerce,2,J,5,2,2-J-5-2-14,2-J-5-2-14,PICK,FALSE,1301
17275,Ecommerce,2,J,5,2,2-J-5-2-15,2-J-5-2-15,PICK,FALSE,1301
17276,Ecommerce,2,J,5,2,2-J-5-2-16,2-J-5-2-16,PICK,FALSE,1301
17277,Ecommerce,2,J,5,2,2-J-5-2-17,2-J-5-2-17,PICK,FALSE,1301
17278,Ecommerce,2,J,5,2,2-J-5-2-18,2-J-5-2-18,PICK,FALSE,1301
8138,Ecommerce,2,J,5,2,2-J-5-2,2-J-5-2,PICK,FALSE,1301
10054,Ecommerce,2,J,5,3,2-J-5-3,2-J-5-3,PICK,FALSE,1302
17279,Ecommerce,2,J,5,3,2-J-5-3-1,2-J-5-3-1,PICK,FALSE,1302
17280,Ecommerce,2,J,5,3,2-J-5-3-2,2-J-5-3-2,PICK,FALSE,1302
17281,Ecommerce,2,J,5,3,2-J-5-3-3,2-J-5-3-3,PICK,FALSE,1302
17282,Ecommerce,2,J,5,3,2-J-5-3-4,2-J-5-3-4,PICK,FALSE,1302
17283,Ecommerce,2,J,5,3,2-J-5-3-5,2-J-5-3-5,PICK,FALSE,1302
17284,Ecommerce,2,J,5,3,2-J-5-3-6,2-J-5-3-6,PICK,FALSE,1302
17285,Ecommerce,2,J,5,3,2-J-5-3-7,2-J-5-3-7,PICK,FALSE,1302
17286,Ecommerce,2,J,5,3,2-J-5-3-8,2-J-5-3-8,PICK,FALSE,1302
17287,Ecommerce,2,J,5,3,2-J-5-3-9,2-J-5-3-9,PICK,FALSE,1302
17288,Ecommerce,2,J,5,3,2-J-5-3-10,2-J-5-3-10,PICK,FALSE,1302
17289,Ecommerce,2,J,5,3,2-J-5-3-11,2-J-5-3-11,PICK,FALSE,1302
17290,Ecommerce,2,J,5,3,2-J-5-3-12,2-J-5-3-12,PICK,FALSE,1302
17291,Ecommerce,2,J,5,3,2-J-5-3-13,2-J-5-3-13,PICK,FALSE,1302
17292,Ecommerce,2,J,5,3,2-J-5-3-14,2-J-5-3-14,PICK,FALSE,1302
17293,Ecommerce,2,J,5,3,2-J-5-3-15,2-J-5-3-15,PICK,FALSE,1302
17294,Ecommerce,2,J,5,3,2-J-5-3-16,2-J-5-3-16,PICK,FALSE,1302
17295,Ecommerce,2,J,5,3,2-J-5-3-17,2-J-5-3-17,PICK,FALSE,1302
17296,Ecommerce,2,J,5,3,2-J-5-3-18,2-J-5-3-18,PICK,FALSE,1302
17297,Ecommerce,2,J,5,4,2-J-5-4-1,2-J-5-4-1,PICK,FALSE,1303
17298,Ecommerce,2,J,5,4,2-J-5-4-2,2-J-5-4-2,PICK,FALSE,1303
17299,Ecommerce,2,J,5,4,2-J-5-4-3,2-J-5-4-3,PICK,FALSE,1303
17300,Ecommerce,2,J,5,4,2-J-5-4-4,2-J-5-4-4,PICK,FALSE,1303
17301,Ecommerce,2,J,5,4,2-J-5-4-5,2-J-5-4-5,PICK,FALSE,1303
17302,Ecommerce,2,J,5,4,2-J-5-4-6,2-J-5-4-6,PICK,FALSE,1303
17303,Ecommerce,2,J,5,4,2-J-5-4-7,2-J-5-4-7,PICK,FALSE,1303
17304,Ecommerce,2,J,5,4,2-J-5-4-8,2-J-5-4-8,PICK,FALSE,1303
17305,Ecommerce,2,J,5,4,2-J-5-4-9,2-J-5-4-9,PICK,FALSE,1303
17306,Ecommerce,2,J,5,4,2-J-5-4-10,2-J-5-4-10,PICK,FALSE,1303
17307,Ecommerce,2,J,5,4,2-J-5-4-11,2-J-5-4-11,PICK,FALSE,1303
17308,Ecommerce,2,J,5,4,2-J-5-4-12,2-J-5-4-12,PICK,FALSE,1303
17309,Ecommerce,2,J,5,4,2-J-5-4-13,2-J-5-4-13,PICK,FALSE,1303
17310,Ecommerce,2,J,5,4,2-J-5-4-14,2-J-5-4-14,PICK,FALSE,1303
17311,Ecommerce,2,J,5,4,2-J-5-4-15,2-J-5-4-15,PICK,FALSE,1303
17312,Ecommerce,2,J,5,4,2-J-5-4-16,2-J-5-4-16,PICK,FALSE,1303
17313,Ecommerce,2,J,5,4,2-J-5-4-17,2-J-5-4-17,PICK,FALSE,1303
17314,Ecommerce,2,J,5,4,2-J-5-4-18,2-J-5-4-18,PICK,FALSE,1303
10053,Ecommerce,2,J,5,4,2-J-5-4,2-J-5-4,PICK,FALSE,1303
10052,Ecommerce,2,J,5,5,2-J-5-5,2-J-5-5,PICK,FALSE,1304
17315,Ecommerce,2,J,5,5,2-J-5-5-1,2-J-5-5-1,PICK,FALSE,1304
17316,Ecommerce,2,J,5,5,2-J-5-5-2,2-J-5-5-2,PICK,FALSE,1304
17317,Ecommerce,2,J,5,5,2-J-5-5-3,2-J-5-5-3,PICK,FALSE,1304
17318,Ecommerce,2,J,5,5,2-J-5-5-4,2-J-5-5-4,PICK,FALSE,1304
17319,Ecommerce,2,J,5,5,2-J-5-5-5,2-J-5-5-5,PICK,FALSE,1304
17320,Ecommerce,2,J,5,5,2-J-5-5-6,2-J-5-5-6,PICK,FALSE,1304
17321,Ecommerce,2,J,5,5,2-J-5-5-7,2-J-5-5-7,PICK,FALSE,1304
17322,Ecommerce,2,J,5,5,2-J-5-5-8,2-J-5-5-8,PICK,FALSE,1304
17323,Ecommerce,2,J,5,5,2-J-5-5-9,2-J-5-5-9,PICK,FALSE,1304
17324,Ecommerce,2,J,5,5,2-J-5-5-10,2-J-5-5-10,PICK,FALSE,1304
17325,Ecommerce,2,J,5,5,2-J-5-5-11,2-J-5-5-11,PICK,FALSE,1304
17326,Ecommerce,2,J,5,5,2-J-5-5-12,2-J-5-5-12,PICK,FALSE,1304
17327,Ecommerce,2,J,5,5,2-J-5-5-13,2-J-5-5-13,PICK,FALSE,1304
17328,Ecommerce,2,J,5,5,2-J-5-5-14,2-J-5-5-14,PICK,FALSE,1304
17329,Ecommerce,2,J,5,5,2-J-5-5-15,2-J-5-5-15,PICK,FALSE,1304
17330,Ecommerce,2,J,5,5,2-J-5-5-16,2-J-5-5-16,PICK,FALSE,1304
17331,Ecommerce,2,J,5,5,2-J-5-5-17,2-J-5-5-17,PICK,FALSE,1304
17332,Ecommerce,2,J,5,5,2-J-5-5-18,2-J-5-5-18,PICK,FALSE,1304
10051,Ecommerce,2,K,6,2,2-K-6-2,2-K-6-2,PICK,FALSE,1305
10050,Ecommerce,2,K,6,3,2-K-6-3,2-K-6-3,PICK,FALSE,1306
,Ecommerce,2,K,6,3,2-K-6-3-1,2-K-6-3-1,PICK,FALSE,1306
,Ecommerce,2,K,6,3,2-K-6-3-2,2-K-6-3-2,PICK,FALSE,1306
,Ecommerce,2,K,6,3,2-K-6-3-3,2-K-6-3-3,PICK,FALSE,1306
,Ecommerce,2,K,6,3,2-K-6-3-4,2-K-6-3-4,PICK,FALSE,1306
,Ecommerce,2,K,6,3,2-K-6-3-5,2-K-6-3-5,PICK,FALSE,1306
,Ecommerce,2,K,6,3,2-K-6-3-6,2-K-6-3-6,PICK,FALSE,1306
,Ecommerce,2,K,6,3,2-K-6-3-7,2-K-6-3-7,PICK,FALSE,1306
,Ecommerce,2,K,6,3,2-K-6-3-8,2-K-6-3-8,PICK,FALSE,1306
,Ecommerce,2,K,6,3,2-K-6-3-9,2-K-6-3-9,PICK,FALSE,1306
,Ecommerce,2,K,6,3,2-K-6-3-10,2-K-6-3-10,PICK,FALSE,1306
,Ecommerce,2,K,6,3,2-K-6-3-11,2-K-6-3-11,PICK,FALSE,1306
,Ecommerce,2,K,6,3,2-K-6-3-12,2-K-6-3-12,PICK,FALSE,1306
,Ecommerce,2,K,6,3,2-K-6-3-13,2-K-6-3-13,PICK,FALSE,1306
,Ecommerce,2,K,6,3,2-K-6-3-14,2-K-6-3-14,PICK,FALSE,1306
,Ecommerce,2,K,6,3,2-K-6-3-15,2-K-6-3-15,PICK,FALSE,1306
,Ecommerce,2,K,6,3,2-K-6-3-16,2-K-6-3-16,PICK,FALSE,1306
,Ecommerce,2,K,6,3,2-K-6-3-17,2-K-6-3-17,PICK,FALSE,1306
,Ecommerce,2,K,6,3,2-K-6-3-18,2-K-6-3-18,PICK,FALSE,1306
10049,Ecommerce,2,K,6,4,2-K-6-4,2-K-6-4,PICK,FALSE,1307
,Ecommerce,2,K,6,4,2-K-6-4-1,2-K-6-4-1,PICK,FALSE,1307
,Ecommerce,2,K,6,4,2-K-6-4-2,2-K-6-4-2,PICK,FALSE,1307
,Ecommerce,2,K,6,4,2-K-6-4-3,2-K-6-4-3,PICK,FALSE,1307
,Ecommerce,2,K,6,4,2-K-6-4-4,2-K-6-4-4,PICK,FALSE,1307
,Ecommerce,2,K,6,4,2-K-6-4-5,2-K-6-4-5,PICK,FALSE,1307
,Ecommerce,2,K,6,4,2-K-6-4-6,2-K-6-4-6,PICK,FALSE,1307
,Ecommerce,2,K,6,4,2-K-6-4-7,2-K-6-4-7,PICK,FALSE,1307
,Ecommerce,2,K,6,4,2-K-6-4-8,2-K-6-4-8,PICK,FALSE,1307
,Ecommerce,2,K,6,4,2-K-6-4-9,2-K-6-4-9,PICK,FALSE,1307
,Ecommerce,2,K,6,4,2-K-6-4-10,2-K-6-4-10,PICK,FALSE,1307
,Ecommerce,2,K,6,4,2-K-6-4-11,2-K-6-4-11,PICK,FALSE,1307
,Ecommerce,2,K,6,4,2-K-6-4-12,2-K-6-4-12,PICK,FALSE,1307
,Ecommerce,2,K,6,4,2-K-6-4-13,2-K-6-4-13,PICK,FALSE,1307
,Ecommerce,2,K,6,4,2-K-6-4-14,2-K-6-4-14,PICK,FALSE,1307
,Ecommerce,2,K,6,4,2-K-6-4-15,2-K-6-4-15,PICK,FALSE,1307
,Ecommerce,2,K,6,4,2-K-6-4-16,2-K-6-4-16,PICK,FALSE,1307
,Ecommerce,2,K,6,4,2-K-6-4-17,2-K-6-4-17,PICK,FALSE,1307
,Ecommerce,2,K,6,4,2-K-6-4-18,2-K-6-4-18,PICK,FALSE,1307
10048,Ecommerce,2,K,6,5,2-K-6-5,2-K-6-5,PICK,FALSE,1308
10047,Ecommerce,2,J,6,2,2-J-6-2,2-J-6-2,PICK,FALSE,1309
,Ecommerce,2,J,6,2,2-J-6-2-1,2-J-6-2-1,PICK,FALSE,1309
,Ecommerce,2,J,6,2,2-J-6-2-2,2-J-6-2-2,PICK,FALSE,1309
,Ecommerce,2,J,6,2,2-J-6-2-3,2-J-6-2-3,PICK,FALSE,1309
,Ecommerce,2,J,6,2,2-J-6-2-4,2-J-6-2-4,PICK,FALSE,1309
,Ecommerce,2,J,6,2,2-J-6-2-5,2-J-6-2-5,PICK,FALSE,1309
,Ecommerce,2,J,6,2,2-J-6-2-6,2-J-6-2-6,PICK,FALSE,1309
,Ecommerce,2,J,6,2,2-J-6-2-7,2-J-6-2-7,PICK,FALSE,1309
,Ecommerce,2,J,6,2,2-J-6-2-8,2-J-6-2-8,PICK,FALSE,1309
,Ecommerce,2,J,6,2,2-J-6-2-9,2-J-6-2-9,PICK,FALSE,1309
,Ecommerce,2,J,6,2,2-J-6-2-10,2-J-6-2-10,PICK,FALSE,1309
,Ecommerce,2,J,6,2,2-J-6-2-11,2-J-6-2-11,PICK,FALSE,1309
,Ecommerce,2,J,6,2,2-J-6-2-12,2-J-6-2-12,PICK,FALSE,1309
,Ecommerce,2,J,6,2,2-J-6-2-13,2-J-6-2-13,PICK,FALSE,1309
,Ecommerce,2,J,6,2,2-J-6-2-14,2-J-6-2-14,PICK,FALSE,1309
,Ecommerce,2,J,6,2,2-J-6-2-15,2-J-6-2-15,PICK,FALSE,1309
,Ecommerce,2,J,6,2,2-J-6-2-16,2-J-6-2-16,PICK,FALSE,1309
,Ecommerce,2,J,6,2,2-J-6-2-17,2-J-6-2-17,PICK,FALSE,1309
,Ecommerce,2,J,6,2,2-J-6-2-18,2-J-6-2-18,PICK,FALSE,1309
10046,Ecommerce,2,J,6,3,2-J-6-3,2-J-6-3,PICK,FALSE,1310
,Ecommerce,2,J,6,3,2-J-6-3-1,2-J-6-3-1,PICK,FALSE,1310
,Ecommerce,2,J,6,3,2-J-6-3-2,2-J-6-3-2,PICK,FALSE,1310
,Ecommerce,2,J,6,3,2-J-6-3-3,2-J-6-3-3,PICK,FALSE,1310
,Ecommerce,2,J,6,3,2-J-6-3-4,2-J-6-3-4,PICK,FALSE,1310
,Ecommerce,2,J,6,3,2-J-6-3-5,2-J-6-3-5,PICK,FALSE,1310
,Ecommerce,2,J,6,3,2-J-6-3-6,2-J-6-3-6,PICK,FALSE,1310
,Ecommerce,2,J,6,3,2-J-6-3-7,2-J-6-3-7,PICK,FALSE,1310
,Ecommerce,2,J,6,3,2-J-6-3-8,2-J-6-3-8,PICK,FALSE,1310
,Ecommerce,2,J,6,3,2-J-6-3-9,2-J-6-3-9,PICK,FALSE,1310
,Ecommerce,2,J,6,3,2-J-6-3-10,2-J-6-3-10,PICK,FALSE,1310
,Ecommerce,2,J,6,3,2-J-6-3-11,2-J-6-3-11,PICK,FALSE,1310
,Ecommerce,2,J,6,3,2-J-6-3-12,2-J-6-3-12,PICK,FALSE,1310
,Ecommerce,2,J,6,3,2-J-6-3-13,2-J-6-3-13,PICK,FALSE,1310
,Ecommerce,2,J,6,3,2-J-6-3-14,2-J-6-3-14,PICK,FALSE,1310
,Ecommerce,2,J,6,3,2-J-6-3-15,2-J-6-3-15,PICK,FALSE,1310
,Ecommerce,2,J,6,3,2-J-6-3-16,2-J-6-3-16,PICK,FALSE,1310
,Ecommerce,2,J,6,3,2-J-6-3-17,2-J-6-3-17,PICK,FALSE,1310
,Ecommerce,2,J,6,3,2-J-6-3-18,2-J-6-3-18,PICK,FALSE,1310
10045,Ecommerce,2,J,6,4,2-J-6-4,2-J-6-4,PICK,FALSE,1311
,Ecommerce,2,J,6,4,2-J-6-4-1,2-J-6-4-1,PICK,FALSE,1311
,Ecommerce,2,J,6,4,2-J-6-4-2,2-J-6-4-2,PICK,FALSE,1311
,Ecommerce,2,J,6,4,2-J-6-4-3,2-J-6-4-3,PICK,FALSE,1311
,Ecommerce,2,J,6,4,2-J-6-4-4,2-J-6-4-4,PICK,FALSE,1311
,Ecommerce,2,J,6,4,2-J-6-4-5,2-J-6-4-5,PICK,FALSE,1311
,Ecommerce,2,J,6,4,2-J-6-4-6,2-J-6-4-6,PICK,FALSE,1311
,Ecommerce,2,J,6,4,2-J-6-4-7,2-J-6-4-7,PICK,FALSE,1311
,Ecommerce,2,J,6,4,2-J-6-4-8,2-J-6-4-8,PICK,FALSE,1311
,Ecommerce,2,J,6,4,2-J-6-4-9,2-J-6-4-9,PICK,FALSE,1311
,Ecommerce,2,J,6,4,2-J-6-4-10,2-J-6-4-10,PICK,FALSE,1311
,Ecommerce,2,J,6,4,2-J-6-4-11,2-J-6-4-11,PICK,FALSE,1311
,Ecommerce,2,J,6,4,2-J-6-4-12,2-J-6-4-12,PICK,FALSE,1311
,Ecommerce,2,J,6,4,2-J-6-4-13,2-J-6-4-13,PICK,FALSE,1311
,Ecommerce,2,J,6,4,2-J-6-4-14,2-J-6-4-14,PICK,FALSE,1311
,Ecommerce,2,J,6,4,2-J-6-4-15,2-J-6-4-15,PICK,FALSE,1311
,Ecommerce,2,J,6,4,2-J-6-4-16,2-J-6-4-16,PICK,FALSE,1311
,Ecommerce,2,J,6,4,2-J-6-4-17,2-J-6-4-17,PICK,FALSE,1311
,Ecommerce,2,J,6,4,2-J-6-4-18,2-J-6-4-18,PICK,FALSE,1311
10044,Ecommerce,2,J,6,5,2-J-6-5,2-J-6-5,PICK,FALSE,1312
10043,Ecommerce,2,K,7,2,2-K-7-2,2-K-7-2,PICK,FALSE,1313
10042,Ecommerce,2,K,7,3,2-K-7-3,2-K-7-3,PICK,FALSE,1314
10041,Ecommerce,2,K,7,4,2-K-7-4,2-K-7-4,PICK,FALSE,1315
10040,Ecommerce,2,K,7,5,2-K-7-5,2-K-7-5,PICK,FALSE,1316
10039,Ecommerce,2,J,7,2,2-J-7-2,2-J-7-2,PICK,FALSE,1317
,Ecommerce,2,J,7,2,2-J-7-2-1,2-J-7-2-1,PICK,FALSE,1317
,Ecommerce,2,J,7,2,2-J-7-2-2,2-J-7-2-2,PICK,FALSE,1317
,Ecommerce,2,J,7,2,2-J-7-2-3,2-J-7-2-3,PICK,FALSE,1317
,Ecommerce,2,J,7,2,2-J-7-2-4,2-J-7-2-4,PICK,FALSE,1317
,Ecommerce,2,J,7,2,2-J-7-2-5,2-J-7-2-5,PICK,FALSE,1317
,Ecommerce,2,J,7,2,2-J-7-2-6,2-J-7-2-6,PICK,FALSE,1317
,Ecommerce,2,J,7,2,2-J-7-2-7,2-J-7-2-7,PICK,FALSE,1317
,Ecommerce,2,J,7,2,2-J-7-2-8,2-J-7-2-8,PICK,FALSE,1317
,Ecommerce,2,J,7,2,2-J-7-2-9,2-J-7-2-9,PICK,FALSE,1317
,Ecommerce,2,J,7,2,2-J-7-2-10,2-J-7-2-10,PICK,FALSE,1317
,Ecommerce,2,J,7,2,2-J-7-2-11,2-J-7-2-11,PICK,FALSE,1317
,Ecommerce,2,J,7,2,2-J-7-2-12,2-J-7-2-12,PICK,FALSE,1317
,Ecommerce,2,J,7,2,2-J-7-2-13,2-J-7-2-13,PICK,FALSE,1317
,Ecommerce,2,J,7,2,2-J-7-2-14,2-J-7-2-14,PICK,FALSE,1317
,Ecommerce,2,J,7,2,2-J-7-2-15,2-J-7-2-15,PICK,FALSE,1317
,Ecommerce,2,J,7,2,2-J-7-2-16,2-J-7-2-16,PICK,FALSE,1317
,Ecommerce,2,J,7,2,2-J-7-2-17,2-J-7-2-17,PICK,FALSE,1317
,Ecommerce,2,J,7,2,2-J-7-2-18,2-J-7-2-18,PICK,FALSE,1317
10038,Ecommerce,2,J,7,3,2-J-7-3,2-J-7-3,PICK,FALSE,1318
,Ecommerce,2,J,7,3,2-J-7-3-1,2-J-7-3-1,PICK,FALSE,1318
,Ecommerce,2,J,7,3,2-J-7-3-2,2-J-7-3-2,PICK,FALSE,1318
,Ecommerce,2,J,7,3,2-J-7-3-3,2-J-7-3-3,PICK,FALSE,1318
,Ecommerce,2,J,7,3,2-J-7-3-4,2-J-7-3-4,PICK,FALSE,1318
,Ecommerce,2,J,7,3,2-J-7-3-5,2-J-7-3-5,PICK,FALSE,1318
,Ecommerce,2,J,7,3,2-J-7-3-6,2-J-7-3-6,PICK,FALSE,1318
,Ecommerce,2,J,7,3,2-J-7-3-7,2-J-7-3-7,PICK,FALSE,1318
,Ecommerce,2,J,7,3,2-J-7-3-8,2-J-7-3-8,PICK,FALSE,1318
,Ecommerce,2,J,7,3,2-J-7-3-9,2-J-7-3-9,PICK,FALSE,1318
,Ecommerce,2,J,7,3,2-J-7-3-10,2-J-7-3-10,PICK,FALSE,1318
,Ecommerce,2,J,7,3,2-J-7-3-11,2-J-7-3-11,PICK,FALSE,1318
,Ecommerce,2,J,7,3,2-J-7-3-12,2-J-7-3-12,PICK,FALSE,1318
,Ecommerce,2,J,7,3,2-J-7-3-13,2-J-7-3-13,PICK,FALSE,1318
,Ecommerce,2,J,7,3,2-J-7-3-14,2-J-7-3-14,PICK,FALSE,1318
,Ecommerce,2,J,7,3,2-J-7-3-15,2-J-7-3-15,PICK,FALSE,1318
,Ecommerce,2,J,7,3,2-J-7-3-16,2-J-7-3-16,PICK,FALSE,1318
,Ecommerce,2,J,7,3,2-J-7-3-17,2-J-7-3-17,PICK,FALSE,1318
,Ecommerce,2,J,7,3,2-J-7-3-18,2-J-7-3-18,PICK,FALSE,1318
10037,Ecommerce,2,J,7,4,2-J-7-4,2-J-7-4,PICK,FALSE,1319
,Ecommerce,2,J,7,4,2-J-7-4-1,2-J-7-4-1,PICK,FALSE,1319
,Ecommerce,2,J,7,4,2-J-7-4-2,2-J-7-4-2,PICK,FALSE,1319
,Ecommerce,2,J,7,4,2-J-7-4-3,2-J-7-4-3,PICK,FALSE,1319
,Ecommerce,2,J,7,4,2-J-7-4-4,2-J-7-4-4,PICK,FALSE,1319
,Ecommerce,2,J,7,4,2-J-7-4-5,2-J-7-4-5,PICK,FALSE,1319
,Ecommerce,2,J,7,4,2-J-7-4-6,2-J-7-4-6,PICK,FALSE,1319
,Ecommerce,2,J,7,4,2-J-7-4-7,2-J-7-4-7,PICK,FALSE,1319
,Ecommerce,2,J,7,4,2-J-7-4-8,2-J-7-4-8,PICK,FALSE,1319
,Ecommerce,2,J,7,4,2-J-7-4-9,2-J-7-4-9,PICK,FALSE,1319
,Ecommerce,2,J,7,4,2-J-7-4-10,2-J-7-4-10,PICK,FALSE,1319
,Ecommerce,2,J,7,4,2-J-7-4-11,2-J-7-4-11,PICK,FALSE,1319
,Ecommerce,2,J,7,4,2-J-7-4-12,2-J-7-4-12,PICK,FALSE,1319
,Ecommerce,2,J,7,4,2-J-7-4-13,2-J-7-4-13,PICK,FALSE,1319
,Ecommerce,2,J,7,4,2-J-7-4-14,2-J-7-4-14,PICK,FALSE,1319
,Ecommerce,2,J,7,4,2-J-7-4-15,2-J-7-4-15,PICK,FALSE,1319
,Ecommerce,2,J,7,4,2-J-7-4-16,2-J-7-4-16,PICK,FALSE,1319
,Ecommerce,2,J,7,4,2-J-7-4-17,2-J-7-4-17,PICK,FALSE,1319
,Ecommerce,2,J,7,4,2-J-7-4-18,2-J-7-4-18,PICK,FALSE,1319
10036,Ecommerce,2,J,7,5,2-J-7-5,2-J-7-5,PICK,FALSE,1320
10035,Ecommerce,2,K,8,2,2-K-8-2,2-K-8-2,PICK,FALSE,1321
10034,Ecommerce,2,K,8,3,2-K-8-3,2-K-8-3,PICK,FALSE,1322
10033,Ecommerce,2,K,8,4,2-K-8-4,2-K-8-4,PICK,FALSE,1323
10032,Ecommerce,2,K,8,5,2-K-8-5,2-K-8-5,PICK,FALSE,1324
10031,Ecommerce,2,J,8,2,2-J-8-2,2-J-8-2,PICK,FALSE,1325
,Ecommerce,2,J,8,2,2-J-8-2-1,2-J-8-2-1,PICK,FALSE,1325
,Ecommerce,2,J,8,2,2-J-8-2-2,2-J-8-2-2,PICK,FALSE,1325
,Ecommerce,2,J,8,2,2-J-8-2-3,2-J-8-2-3,PICK,FALSE,1325
,Ecommerce,2,J,8,2,2-J-8-2-4,2-J-8-2-4,PICK,FALSE,1325
,Ecommerce,2,J,8,2,2-J-8-2-5,2-J-8-2-5,PICK,FALSE,1325
,Ecommerce,2,J,8,2,2-J-8-2-6,2-J-8-2-6,PICK,FALSE,1325
,Ecommerce,2,J,8,2,2-J-8-2-7,2-J-8-2-7,PICK,FALSE,1325
,Ecommerce,2,J,8,2,2-J-8-2-8,2-J-8-2-8,PICK,FALSE,1325
,Ecommerce,2,J,8,2,2-J-8-2-9,2-J-8-2-9,PICK,FALSE,1325
,Ecommerce,2,J,8,2,2-J-8-2-10,2-J-8-2-10,PICK,FALSE,1325
,Ecommerce,2,J,8,2,2-J-8-2-11,2-J-8-2-11,PICK,FALSE,1325
,Ecommerce,2,J,8,2,2-J-8-2-12,2-J-8-2-12,PICK,FALSE,1325
,Ecommerce,2,J,8,2,2-J-8-2-13,2-J-8-2-13,PICK,FALSE,1325
,Ecommerce,2,J,8,2,2-J-8-2-14,2-J-8-2-14,PICK,FALSE,1325
,Ecommerce,2,J,8,2,2-J-8-2-15,2-J-8-2-15,PICK,FALSE,1325
,Ecommerce,2,J,8,2,2-J-8-2-16,2-J-8-2-16,PICK,FALSE,1325
,Ecommerce,2,J,8,2,2-J-8-2-17,2-J-8-2-17,PICK,FALSE,1325
,Ecommerce,2,J,8,2,2-J-8-2-18,2-J-8-2-18,PICK,FALSE,1325
10030,Ecommerce,2,J,8,3,2-J-8-3,2-J-8-3,PICK,FALSE,1326
,Ecommerce,2,J,8,3,2-J-8-3-1,2-J-8-3-1,PICK,FALSE,1326
,Ecommerce,2,J,8,3,2-J-8-3-2,2-J-8-3-2,PICK,FALSE,1326
,Ecommerce,2,J,8,3,2-J-8-3-3,2-J-8-3-3,PICK,FALSE,1326
,Ecommerce,2,J,8,3,2-J-8-3-4,2-J-8-3-4,PICK,FALSE,1326
,Ecommerce,2,J,8,3,2-J-8-3-5,2-J-8-3-5,PICK,FALSE,1326
,Ecommerce,2,J,8,3,2-J-8-3-6,2-J-8-3-6,PICK,FALSE,1326
,Ecommerce,2,J,8,3,2-J-8-3-7,2-J-8-3-7,PICK,FALSE,1326
,Ecommerce,2,J,8,3,2-J-8-3-8,2-J-8-3-8,PICK,FALSE,1326
,Ecommerce,2,J,8,3,2-J-8-3-9,2-J-8-3-9,PICK,FALSE,1326
,Ecommerce,2,J,8,3,2-J-8-3-10,2-J-8-3-10,PICK,FALSE,1326
,Ecommerce,2,J,8,3,2-J-8-3-11,2-J-8-3-11,PICK,FALSE,1326
,Ecommerce,2,J,8,3,2-J-8-3-12,2-J-8-3-12,PICK,FALSE,1326
,Ecommerce,2,J,8,3,2-J-8-3-13,2-J-8-3-13,PICK,FALSE,1326
,Ecommerce,2,J,8,3,2-J-8-3-14,2-J-8-3-14,PICK,FALSE,1326
,Ecommerce,2,J,8,3,2-J-8-3-15,2-J-8-3-15,PICK,FALSE,1326
,Ecommerce,2,J,8,3,2-J-8-3-16,2-J-8-3-16,PICK,FALSE,1326
,Ecommerce,2,J,8,3,2-J-8-3-17,2-J-8-3-17,PICK,FALSE,1326
,Ecommerce,2,J,8,3,2-J-8-3-18,2-J-8-3-18,PICK,FALSE,1326
10029,Ecommerce,2,J,8,4,2-J-8-4,2-J-8-4,PICK,FALSE,1327
,Ecommerce,2,J,8,4,2-J-8-4-1,2-J-8-4-1,PICK,FALSE,1327
,Ecommerce,2,J,8,4,2-J-8-4-2,2-J-8-4-2,PICK,FALSE,1327
,Ecommerce,2,J,8,4,2-J-8-4-3,2-J-8-4-3,PICK,FALSE,1327
,Ecommerce,2,J,8,4,2-J-8-4-4,2-J-8-4-4,PICK,FALSE,1327
,Ecommerce,2,J,8,4,2-J-8-4-5,2-J-8-4-5,PICK,FALSE,1327
,Ecommerce,2,J,8,4,2-J-8-4-6,2-J-8-4-6,PICK,FALSE,1327
,Ecommerce,2,J,8,4,2-J-8-4-7,2-J-8-4-7,PICK,FALSE,1327
,Ecommerce,2,J,8,4,2-J-8-4-8,2-J-8-4-8,PICK,FALSE,1327
,Ecommerce,2,J,8,4,2-J-8-4-9,2-J-8-4-9,PICK,FALSE,1327
,Ecommerce,2,J,8,4,2-J-8-4-10,2-J-8-4-10,PICK,FALSE,1327
,Ecommerce,2,J,8,4,2-J-8-4-11,2-J-8-4-11,PICK,FALSE,1327
,Ecommerce,2,J,8,4,2-J-8-4-12,2-J-8-4-12,PICK,FALSE,1327
,Ecommerce,2,J,8,4,2-J-8-4-13,2-J-8-4-13,PICK,FALSE,1327
,Ecommerce,2,J,8,4,2-J-8-4-14,2-J-8-4-14,PICK,FALSE,1327
,Ecommerce,2,J,8,4,2-J-8-4-15,2-J-8-4-15,PICK,FALSE,1327
,Ecommerce,2,J,8,4,2-J-8-4-16,2-J-8-4-16,PICK,FALSE,1327
,Ecommerce,2,J,8,4,2-J-8-4-17,2-J-8-4-17,PICK,FALSE,1327
,Ecommerce,2,J,8,4,2-J-8-4-18,2-J-8-4-18,PICK,FALSE,1327
10028,Ecommerce,2,J,8,5,2-J-8-5,2-J-8-5,PICK,FALSE,1328
10027,Ecommerce,2,K,9,2,2-K-9-2,2-K-9-2,PICK,FALSE,1329
17333,Ecommerce,2,K,9,2,2-K-9-2-1,2-K-9-2-1,PICK,FALSE,1329
17334,Ecommerce,2,K,9,2,2-K-9-2-2,2-K-9-2-2,PICK,FALSE,1329
17335,Ecommerce,2,K,9,2,2-K-9-2-3,2-K-9-2-3,PICK,FALSE,1329
17336,Ecommerce,2,K,9,2,2-K-9-2-4,2-K-9-2-4,PICK,FALSE,1329
17337,Ecommerce,2,K,9,2,2-K-9-2-5,2-K-9-2-5,PICK,FALSE,1329
17338,Ecommerce,2,K,9,2,2-K-9-2-6,2-K-9-2-6,PICK,FALSE,1329
17339,Ecommerce,2,K,9,2,2-K-9-2-7,2-K-9-2-7,PICK,FALSE,1329
17340,Ecommerce,2,K,9,2,2-K-9-2-8,2-K-9-2-8,PICK,FALSE,1329
17341,Ecommerce,2,K,9,2,2-K-9-2-9,2-K-9-2-9,PICK,FALSE,1329
17342,Ecommerce,2,K,9,2,2-K-9-2-10,2-K-9-2-10,PICK,FALSE,1329
17343,Ecommerce,2,K,9,2,2-K-9-2-11,2-K-9-2-11,PICK,FALSE,1329
17344,Ecommerce,2,K,9,2,2-K-9-2-12,2-K-9-2-12,PICK,FALSE,1329
17345,Ecommerce,2,K,9,2,2-K-9-2-13,2-K-9-2-13,PICK,FALSE,1329
17346,Ecommerce,2,K,9,2,2-K-9-2-14,2-K-9-2-14,PICK,FALSE,1329
17347,Ecommerce,2,K,9,2,2-K-9-2-15,2-K-9-2-15,PICK,FALSE,1329
17348,Ecommerce,2,K,9,2,2-K-9-2-16,2-K-9-2-16,PICK,FALSE,1329
17349,Ecommerce,2,K,9,2,2-K-9-2-17,2-K-9-2-17,PICK,FALSE,1329
17350,Ecommerce,2,K,9,2,2-K-9-2-18,2-K-9-2-18,PICK,FALSE,1329
17351,Ecommerce,2,K,9,3,2-K-9-3-1,2-K-9-3-1,PICK,FALSE,1330
17352,Ecommerce,2,K,9,3,2-K-9-3-2,2-K-9-3-2,PICK,FALSE,1330
17353,Ecommerce,2,K,9,3,2-K-9-3-3,2-K-9-3-3,PICK,FALSE,1330
17354,Ecommerce,2,K,9,3,2-K-9-3-4,2-K-9-3-4,PICK,FALSE,1330
17355,Ecommerce,2,K,9,3,2-K-9-3-5,2-K-9-3-5,PICK,FALSE,1330
17356,Ecommerce,2,K,9,3,2-K-9-3-6,2-K-9-3-6,PICK,FALSE,1330
17357,Ecommerce,2,K,9,3,2-K-9-3-7,2-K-9-3-7,PICK,FALSE,1330
17358,Ecommerce,2,K,9,3,2-K-9-3-8,2-K-9-3-8,PICK,FALSE,1330
17359,Ecommerce,2,K,9,3,2-K-9-3-9,2-K-9-3-9,PICK,FALSE,1330
17360,Ecommerce,2,K,9,3,2-K-9-3-10,2-K-9-3-10,PICK,FALSE,1330
17361,Ecommerce,2,K,9,3,2-K-9-3-11,2-K-9-3-11,PICK,FALSE,1330
17362,Ecommerce,2,K,9,3,2-K-9-3-12,2-K-9-3-12,PICK,FALSE,1330
17363,Ecommerce,2,K,9,3,2-K-9-3-13,2-K-9-3-13,PICK,FALSE,1330
17364,Ecommerce,2,K,9,3,2-K-9-3-14,2-K-9-3-14,PICK,FALSE,1330
17365,Ecommerce,2,K,9,3,2-K-9-3-15,2-K-9-3-15,PICK,FALSE,1330
17366,Ecommerce,2,K,9,3,2-K-9-3-16,2-K-9-3-16,PICK,FALSE,1330
17367,Ecommerce,2,K,9,3,2-K-9-3-17,2-K-9-3-17,PICK,FALSE,1330
17368,Ecommerce,2,K,9,3,2-K-9-3-18,2-K-9-3-18,PICK,FALSE,1330
10026,Ecommerce,2,K,9,3,2-K-9-3,2-K-9-3,PICK,FALSE,1330
10025,Ecommerce,2,K,9,4,2-K-9-4,2-K-9-4,PICK,FALSE,1331
17369,Ecommerce,2,K,9,4,2-K-9-4-1,2-K-9-4-1,PICK,FALSE,1331
17370,Ecommerce,2,K,9,4,2-K-9-4-2,2-K-9-4-2,PICK,FALSE,1331
17371,Ecommerce,2,K,9,4,2-K-9-4-3,2-K-9-4-3,PICK,FALSE,1331
17372,Ecommerce,2,K,9,4,2-K-9-4-4,2-K-9-4-4,PICK,FALSE,1331
17373,Ecommerce,2,K,9,4,2-K-9-4-5,2-K-9-4-5,PICK,FALSE,1331
17374,Ecommerce,2,K,9,4,2-K-9-4-6,2-K-9-4-6,PICK,FALSE,1331
17375,Ecommerce,2,K,9,4,2-K-9-4-7,2-K-9-4-7,PICK,FALSE,1331
17376,Ecommerce,2,K,9,4,2-K-9-4-8,2-K-9-4-8,PICK,FALSE,1331
17377,Ecommerce,2,K,9,4,2-K-9-4-9,2-K-9-4-9,PICK,FALSE,1331
17378,Ecommerce,2,K,9,4,2-K-9-4-10,2-K-9-4-10,PICK,FALSE,1331
17379,Ecommerce,2,K,9,4,2-K-9-4-11,2-K-9-4-11,PICK,FALSE,1331
17380,Ecommerce,2,K,9,4,2-K-9-4-12,2-K-9-4-12,PICK,FALSE,1331
17381,Ecommerce,2,K,9,4,2-K-9-4-13,2-K-9-4-13,PICK,FALSE,1331
17382,Ecommerce,2,K,9,4,2-K-9-4-14,2-K-9-4-14,PICK,FALSE,1331
17383,Ecommerce,2,K,9,4,2-K-9-4-15,2-K-9-4-15,PICK,FALSE,1331
17384,Ecommerce,2,K,9,4,2-K-9-4-16,2-K-9-4-16,PICK,FALSE,1331
17385,Ecommerce,2,K,9,4,2-K-9-4-17,2-K-9-4-17,PICK,FALSE,1331
17386,Ecommerce,2,K,9,4,2-K-9-4-18,2-K-9-4-18,PICK,FALSE,1331
10024,Ecommerce,2,K,9,5,2-K-9-5,2-K-9-5,PICK,FALSE,1332
10023,Ecommerce,2,J,9,2,2-J-9-2,2-J-9-2,PICK,FALSE,1333
,Ecommerce,2,J,9,2,2-J-9-2-1,2-J-9-2-1,PICK,FALSE,1333
,Ecommerce,2,J,9,2,2-J-9-2-2,2-J-9-2-2,PICK,FALSE,1333
,Ecommerce,2,J,9,2,2-J-9-2-3,2-J-9-2-3,PICK,FALSE,1333
,Ecommerce,2,J,9,2,2-J-9-2-4,2-J-9-2-4,PICK,FALSE,1333
,Ecommerce,2,J,9,2,2-J-9-2-5,2-J-9-2-5,PICK,FALSE,1333
,Ecommerce,2,J,9,2,2-J-9-2-6,2-J-9-2-6,PICK,FALSE,1333
,Ecommerce,2,J,9,2,2-J-9-2-7,2-J-9-2-7,PICK,FALSE,1333
,Ecommerce,2,J,9,2,2-J-9-2-8,2-J-9-2-8,PICK,FALSE,1333
,Ecommerce,2,J,9,2,2-J-9-2-9,2-J-9-2-9,PICK,FALSE,1333
,Ecommerce,2,J,9,2,2-J-9-2-10,2-J-9-2-10,PICK,FALSE,1333
,Ecommerce,2,J,9,2,2-J-9-2-11,2-J-9-2-11,PICK,FALSE,1333
,Ecommerce,2,J,9,2,2-J-9-2-12,2-J-9-2-12,PICK,FALSE,1333
,Ecommerce,2,J,9,2,2-J-9-2-13,2-J-9-2-13,PICK,FALSE,1333
,Ecommerce,2,J,9,2,2-J-9-2-14,2-J-9-2-14,PICK,FALSE,1333
,Ecommerce,2,J,9,2,2-J-9-2-15,2-J-9-2-15,PICK,FALSE,1333
,Ecommerce,2,J,9,2,2-J-9-2-16,2-J-9-2-16,PICK,FALSE,1333
,Ecommerce,2,J,9,2,2-J-9-2-17,2-J-9-2-17,PICK,FALSE,1333
,Ecommerce,2,J,9,2,2-J-9-2-18,2-J-9-2-18,PICK,FALSE,1333
10022,Ecommerce,2,J,9,3,2-J-9-3,2-J-9-3,PICK,FALSE,1334
,Ecommerce,2,J,9,3,2-J-9-3-1,2-J-9-3-1,PICK,FALSE,1334
,Ecommerce,2,J,9,3,2-J-9-3-2,2-J-9-3-2,PICK,FALSE,1334
,Ecommerce,2,J,9,3,2-J-9-3-3,2-J-9-3-3,PICK,FALSE,1334
,Ecommerce,2,J,9,3,2-J-9-3-4,2-J-9-3-4,PICK,FALSE,1334
,Ecommerce,2,J,9,3,2-J-9-3-5,2-J-9-3-5,PICK,FALSE,1334
,Ecommerce,2,J,9,3,2-J-9-3-6,2-J-9-3-6,PICK,FALSE,1334
,Ecommerce,2,J,9,3,2-J-9-3-7,2-J-9-3-7,PICK,FALSE,1334
,Ecommerce,2,J,9,3,2-J-9-3-8,2-J-9-3-8,PICK,FALSE,1334
,Ecommerce,2,J,9,3,2-J-9-3-9,2-J-9-3-9,PICK,FALSE,1334
,Ecommerce,2,J,9,3,2-J-9-3-10,2-J-9-3-10,PICK,FALSE,1334
,Ecommerce,2,J,9,3,2-J-9-3-11,2-J-9-3-11,PICK,FALSE,1334
,Ecommerce,2,J,9,3,2-J-9-3-12,2-J-9-3-12,PICK,FALSE,1334
,Ecommerce,2,J,9,3,2-J-9-3-13,2-J-9-3-13,PICK,FALSE,1334
,Ecommerce,2,J,9,3,2-J-9-3-14,2-J-9-3-14,PICK,FALSE,1334
,Ecommerce,2,J,9,3,2-J-9-3-15,2-J-9-3-15,PICK,FALSE,1334
,Ecommerce,2,J,9,3,2-J-9-3-16,2-J-9-3-16,PICK,FALSE,1334
,Ecommerce,2,J,9,3,2-J-9-3-17,2-J-9-3-17,PICK,FALSE,1334
,Ecommerce,2,J,9,3,2-J-9-3-18,2-J-9-3-18,PICK,FALSE,1334
10021,Ecommerce,2,J,9,4,2-J-9-4,2-J-9-4,PICK,FALSE,1335
,Ecommerce,2,J,9,4,2-J-9-4-1,2-J-9-4-1,PICK,FALSE,1335
,Ecommerce,2,J,9,4,2-J-9-4-2,2-J-9-4-2,PICK,FALSE,1335
,Ecommerce,2,J,9,4,2-J-9-4-3,2-J-9-4-3,PICK,FALSE,1335
,Ecommerce,2,J,9,4,2-J-9-4-4,2-J-9-4-4,PICK,FALSE,1335
,Ecommerce,2,J,9,4,2-J-9-4-5,2-J-9-4-5,PICK,FALSE,1335
,Ecommerce,2,J,9,4,2-J-9-4-6,2-J-9-4-6,PICK,FALSE,1335
,Ecommerce,2,J,9,4,2-J-9-4-7,2-J-9-4-7,PICK,FALSE,1335
,Ecommerce,2,J,9,4,2-J-9-4-8,2-J-9-4-8,PICK,FALSE,1335
,Ecommerce,2,J,9,4,2-J-9-4-9,2-J-9-4-9,PICK,FALSE,1335
,Ecommerce,2,J,9,4,2-J-9-4-10,2-J-9-4-10,PICK,FALSE,1335
,Ecommerce,2,J,9,4,2-J-9-4-11,2-J-9-4-11,PICK,FALSE,1335
,Ecommerce,2,J,9,4,2-J-9-4-12,2-J-9-4-12,PICK,FALSE,1335
,Ecommerce,2,J,9,4,2-J-9-4-13,2-J-9-4-13,PICK,FALSE,1335
,Ecommerce,2,J,9,4,2-J-9-4-14,2-J-9-4-14,PICK,FALSE,1335
,Ecommerce,2,J,9,4,2-J-9-4-15,2-J-9-4-15,PICK,FALSE,1335
,Ecommerce,2,J,9,4,2-J-9-4-16,2-J-9-4-16,PICK,FALSE,1335
,Ecommerce,2,J,9,4,2-J-9-4-17,2-J-9-4-17,PICK,FALSE,1335
,Ecommerce,2,J,9,4,2-J-9-4-18,2-J-9-4-18,PICK,FALSE,1335
10020,Ecommerce,2,J,9,5,2-J-9-5,2-J-9-5,PICK,FALSE,1336
10019,Ecommerce,2,K,10,2,2-K-10-2,2-K-10-2,PICK,FALSE,1337
17387,Ecommerce,2,K,10,2,2-K-10-2-1,2-K-10-2-1,PICK,FALSE,1337
17388,Ecommerce,2,K,10,2,2-K-10-2-2,2-K-10-2-2,PICK,FALSE,1337
17389,Ecommerce,2,K,10,2,2-K-10-2-3,2-K-10-2-3,PICK,FALSE,1337
17390,Ecommerce,2,K,10,2,2-K-10-2-4,2-K-10-2-4,PICK,FALSE,1337
17391,Ecommerce,2,K,10,2,2-K-10-2-5,2-K-10-2-5,PICK,FALSE,1337
17392,Ecommerce,2,K,10,2,2-K-10-2-6,2-K-10-2-6,PICK,FALSE,1337
17393,Ecommerce,2,K,10,2,2-K-10-2-7,2-K-10-2-7,PICK,FALSE,1337
17394,Ecommerce,2,K,10,2,2-K-10-2-8,2-K-10-2-8,PICK,FALSE,1337
17395,Ecommerce,2,K,10,2,2-K-10-2-9,2-K-10-2-9,PICK,FALSE,1337
17396,Ecommerce,2,K,10,2,2-K-10-2-10,2-K-10-2-10,PICK,FALSE,1337
17397,Ecommerce,2,K,10,2,2-K-10-2-11,2-K-10-2-11,PICK,FALSE,1337
17398,Ecommerce,2,K,10,2,2-K-10-2-12,2-K-10-2-12,PICK,FALSE,1337
17399,Ecommerce,2,K,10,2,2-K-10-2-13,2-K-10-2-13,PICK,FALSE,1337
17400,Ecommerce,2,K,10,2,2-K-10-2-14,2-K-10-2-14,PICK,FALSE,1337
17401,Ecommerce,2,K,10,2,2-K-10-2-15,2-K-10-2-15,PICK,FALSE,1337
17402,Ecommerce,2,K,10,2,2-K-10-2-16,2-K-10-2-16,PICK,FALSE,1337
17403,Ecommerce,2,K,10,2,2-K-10-2-17,2-K-10-2-17,PICK,FALSE,1337
17404,Ecommerce,2,K,10,2,2-K-10-2-18,2-K-10-2-18,PICK,FALSE,1337
17405,Ecommerce,2,K,10,3,2-K-10-3-1,2-K-10-3-1,PICK,FALSE,1338
17406,Ecommerce,2,K,10,3,2-K-10-3-2,2-K-10-3-2,PICK,FALSE,1338
17407,Ecommerce,2,K,10,3,2-K-10-3-3,2-K-10-3-3,PICK,FALSE,1338
17408,Ecommerce,2,K,10,3,2-K-10-3-4,2-K-10-3-4,PICK,FALSE,1338
17409,Ecommerce,2,K,10,3,2-K-10-3-5,2-K-10-3-5,PICK,FALSE,1338
17410,Ecommerce,2,K,10,3,2-K-10-3-6,2-K-10-3-6,PICK,FALSE,1338
17411,Ecommerce,2,K,10,3,2-K-10-3-7,2-K-10-3-7,PICK,FALSE,1338
17412,Ecommerce,2,K,10,3,2-K-10-3-8,2-K-10-3-8,PICK,FALSE,1338
17413,Ecommerce,2,K,10,3,2-K-10-3-9,2-K-10-3-9,PICK,FALSE,1338
17414,Ecommerce,2,K,10,3,2-K-10-3-10,2-K-10-3-10,PICK,FALSE,1338
17415,Ecommerce,2,K,10,3,2-K-10-3-11,2-K-10-3-11,PICK,FALSE,1338
17416,Ecommerce,2,K,10,3,2-K-10-3-12,2-K-10-3-12,PICK,FALSE,1338
17417,Ecommerce,2,K,10,3,2-K-10-3-13,2-K-10-3-13,PICK,FALSE,1338
17418,Ecommerce,2,K,10,3,2-K-10-3-14,2-K-10-3-14,PICK,FALSE,1338
17419,Ecommerce,2,K,10,3,2-K-10-3-15,2-K-10-3-15,PICK,FALSE,1338
17420,Ecommerce,2,K,10,3,2-K-10-3-16,2-K-10-3-16,PICK,FALSE,1338
17421,Ecommerce,2,K,10,3,2-K-10-3-17,2-K-10-3-17,PICK,FALSE,1338
17422,Ecommerce,2,K,10,3,2-K-10-3-18,2-K-10-3-18,PICK,FALSE,1338
10018,Ecommerce,2,K,10,3,2-K-10-3,2-K-10-3,PICK,FALSE,1338
10017,Ecommerce,2,K,10,4,2-K-10-4,2-K-10-4,PICK,FALSE,1339
17423,Ecommerce,2,K,10,4,2-K-10-4-1,2-K-10-4-1,PICK,FALSE,1339
17424,Ecommerce,2,K,10,4,2-K-10-4-2,2-K-10-4-2,PICK,FALSE,1339
17425,Ecommerce,2,K,10,4,2-K-10-4-3,2-K-10-4-3,PICK,FALSE,1339
17426,Ecommerce,2,K,10,4,2-K-10-4-4,2-K-10-4-4,PICK,FALSE,1339
17427,Ecommerce,2,K,10,4,2-K-10-4-5,2-K-10-4-5,PICK,FALSE,1339
17428,Ecommerce,2,K,10,4,2-K-10-4-6,2-K-10-4-6,PICK,FALSE,1339
17429,Ecommerce,2,K,10,4,2-K-10-4-7,2-K-10-4-7,PICK,FALSE,1339
17430,Ecommerce,2,K,10,4,2-K-10-4-8,2-K-10-4-8,PICK,FALSE,1339
17431,Ecommerce,2,K,10,4,2-K-10-4-9,2-K-10-4-9,PICK,FALSE,1339
17432,Ecommerce,2,K,10,4,2-K-10-4-10,2-K-10-4-10,PICK,FALSE,1339
17433,Ecommerce,2,K,10,4,2-K-10-4-11,2-K-10-4-11,PICK,FALSE,1339
17434,Ecommerce,2,K,10,4,2-K-10-4-12,2-K-10-4-12,PICK,FALSE,1339
17435,Ecommerce,2,K,10,4,2-K-10-4-13,2-K-10-4-13,PICK,FALSE,1339
17436,Ecommerce,2,K,10,4,2-K-10-4-14,2-K-10-4-14,PICK,FALSE,1339
17437,Ecommerce,2,K,10,4,2-K-10-4-15,2-K-10-4-15,PICK,FALSE,1339
17438,Ecommerce,2,K,10,4,2-K-10-4-16,2-K-10-4-16,PICK,FALSE,1339
17439,Ecommerce,2,K,10,4,2-K-10-4-17,2-K-10-4-17,PICK,FALSE,1339
17440,Ecommerce,2,K,10,4,2-K-10-4-18,2-K-10-4-18,PICK,FALSE,1339
10016,Ecommerce,2,K,10,5,2-K-10-5,2-K-10-5,PICK,FALSE,1340
10015,Ecommerce,2,J,10,2,2-J-10-2,2-J-10-2,PICK,FALSE,1341
10014,Ecommerce,2,J,10,3,2-J-10-3,2-J-10-3,PICK,FALSE,1342
10013,Ecommerce,2,J,10,4,2-J-10-4,2-J-10-4,PICK,FALSE,1343
10012,Ecommerce,2,J,10,5,2-J-10-5,2-J-10-5,PICK,FALSE,1344
10011,Ecommerce,2,K,11,2,2-K-11-2,2-K-11-2,PICK,FALSE,1345
17441,Ecommerce,2,K,11,2,2-K-11-2-1,2-K-11-2-1,PICK,FALSE,1345
17442,Ecommerce,2,K,11,2,2-K-11-2-2,2-K-11-2-2,PICK,FALSE,1345
17443,Ecommerce,2,K,11,2,2-K-11-2-3,2-K-11-2-3,PICK,FALSE,1345
17444,Ecommerce,2,K,11,2,2-K-11-2-4,2-K-11-2-4,PICK,FALSE,1345
17445,Ecommerce,2,K,11,2,2-K-11-2-5,2-K-11-2-5,PICK,FALSE,1345
17446,Ecommerce,2,K,11,2,2-K-11-2-6,2-K-11-2-6,PICK,FALSE,1345
17447,Ecommerce,2,K,11,2,2-K-11-2-7,2-K-11-2-7,PICK,FALSE,1345
17448,Ecommerce,2,K,11,2,2-K-11-2-8,2-K-11-2-8,PICK,FALSE,1345
17449,Ecommerce,2,K,11,2,2-K-11-2-9,2-K-11-2-9,PICK,FALSE,1345
17450,Ecommerce,2,K,11,2,2-K-11-2-10,2-K-11-2-10,PICK,FALSE,1345
17451,Ecommerce,2,K,11,2,2-K-11-2-11,2-K-11-2-11,PICK,FALSE,1345
17452,Ecommerce,2,K,11,2,2-K-11-2-12,2-K-11-2-12,PICK,FALSE,1345
17453,Ecommerce,2,K,11,2,2-K-11-2-13,2-K-11-2-13,PICK,FALSE,1345
17454,Ecommerce,2,K,11,2,2-K-11-2-14,2-K-11-2-14,PICK,FALSE,1345
17455,Ecommerce,2,K,11,2,2-K-11-2-15,2-K-11-2-15,PICK,FALSE,1345
17456,Ecommerce,2,K,11,2,2-K-11-2-16,2-K-11-2-16,PICK,FALSE,1345
17457,Ecommerce,2,K,11,2,2-K-11-2-17,2-K-11-2-17,PICK,FALSE,1345
17458,Ecommerce,2,K,11,2,2-K-11-2-18,2-K-11-2-18,PICK,FALSE,1345
17459,Ecommerce,2,K,11,3,2-K-11-3-1,2-K-11-3-1,PICK,FALSE,1346
17460,Ecommerce,2,K,11,3,2-K-11-3-2,2-K-11-3-2,PICK,FALSE,1346
17461,Ecommerce,2,K,11,3,2-K-11-3-3,2-K-11-3-3,PICK,FALSE,1346
17462,Ecommerce,2,K,11,3,2-K-11-3-4,2-K-11-3-4,PICK,FALSE,1346
17463,Ecommerce,2,K,11,3,2-K-11-3-5,2-K-11-3-5,PICK,FALSE,1346
17464,Ecommerce,2,K,11,3,2-K-11-3-6,2-K-11-3-6,PICK,FALSE,1346
17465,Ecommerce,2,K,11,3,2-K-11-3-7,2-K-11-3-7,PICK,FALSE,1346
17466,Ecommerce,2,K,11,3,2-K-11-3-8,2-K-11-3-8,PICK,FALSE,1346
17467,Ecommerce,2,K,11,3,2-K-11-3-9,2-K-11-3-9,PICK,FALSE,1346
17468,Ecommerce,2,K,11,3,2-K-11-3-10,2-K-11-3-10,PICK,FALSE,1346
17469,Ecommerce,2,K,11,3,2-K-11-3-11,2-K-11-3-11,PICK,FALSE,1346
17470,Ecommerce,2,K,11,3,2-K-11-3-12,2-K-11-3-12,PICK,FALSE,1346
17471,Ecommerce,2,K,11,3,2-K-11-3-13,2-K-11-3-13,PICK,FALSE,1346
17472,Ecommerce,2,K,11,3,2-K-11-3-14,2-K-11-3-14,PICK,FALSE,1346
17473,Ecommerce,2,K,11,3,2-K-11-3-15,2-K-11-3-15,PICK,FALSE,1346
17474,Ecommerce,2,K,11,3,2-K-11-3-16,2-K-11-3-16,PICK,FALSE,1346
17475,Ecommerce,2,K,11,3,2-K-11-3-17,2-K-11-3-17,PICK,FALSE,1346
17476,Ecommerce,2,K,11,3,2-K-11-3-18,2-K-11-3-18,PICK,FALSE,1346
10010,Ecommerce,2,K,11,3,2-K-11-3,2-K-11-3,PICK,FALSE,1346
10009,Ecommerce,2,K,11,4,2-K-11-4,2-K-11-4,PICK,FALSE,1347
17477,Ecommerce,2,K,11,4,2-K-11-4-1,2-K-11-4-1,PICK,FALSE,1347
17478,Ecommerce,2,K,11,4,2-K-11-4-2,2-K-11-4-2,PICK,FALSE,1347
17479,Ecommerce,2,K,11,4,2-K-11-4-3,2-K-11-4-3,PICK,FALSE,1347
17480,Ecommerce,2,K,11,4,2-K-11-4-4,2-K-11-4-4,PICK,FALSE,1347
17481,Ecommerce,2,K,11,4,2-K-11-4-5,2-K-11-4-5,PICK,FALSE,1347
17482,Ecommerce,2,K,11,4,2-K-11-4-6,2-K-11-4-6,PICK,FALSE,1347
17483,Ecommerce,2,K,11,4,2-K-11-4-7,2-K-11-4-7,PICK,FALSE,1347
17484,Ecommerce,2,K,11,4,2-K-11-4-8,2-K-11-4-8,PICK,FALSE,1347
17485,Ecommerce,2,K,11,4,2-K-11-4-9,2-K-11-4-9,PICK,FALSE,1347
17486,Ecommerce,2,K,11,4,2-K-11-4-10,2-K-11-4-10,PICK,FALSE,1347
17487,Ecommerce,2,K,11,4,2-K-11-4-11,2-K-11-4-11,PICK,FALSE,1347
17488,Ecommerce,2,K,11,4,2-K-11-4-12,2-K-11-4-12,PICK,FALSE,1347
17489,Ecommerce,2,K,11,4,2-K-11-4-13,2-K-11-4-13,PICK,FALSE,1347
17490,Ecommerce,2,K,11,4,2-K-11-4-14,2-K-11-4-14,PICK,FALSE,1347
17491,Ecommerce,2,K,11,4,2-K-11-4-15,2-K-11-4-15,PICK,FALSE,1347
17492,Ecommerce,2,K,11,4,2-K-11-4-16,2-K-11-4-16,PICK,FALSE,1347
17493,Ecommerce,2,K,11,4,2-K-11-4-17,2-K-11-4-17,PICK,FALSE,1347
17494,Ecommerce,2,K,11,4,2-K-11-4-18,2-K-11-4-18,PICK,FALSE,1347
10008,Ecommerce,2,K,11,5,2-K-11-5,2-K-11-5,PICK,FALSE,1348
10007,Ecommerce,2,J,11,2,2-J-11-2,2-J-11-2,PICK,FALSE,1349
10006,Ecommerce,2,J,11,3,2-J-11-3,2-J-11-3,PICK,FALSE,1350
10005,Ecommerce,2,J,11,4,2-J-11-4,2-J-11-4,PICK,FALSE,1351
10004,Ecommerce,2,J,11,5,2-J-11-5,2-J-11-5,PICK,FALSE,1352
12247,Ecommerce,2,K,12,2,2-K-12-2-1,2-K-12-2-1,PICK,FALSE,1353
12248,Ecommerce,2,K,12,2,2-K-12-2-2,2-K-12-2-2,PICK,FALSE,1353
12249,Ecommerce,2,K,12,2,2-K-12-2-3,2-K-12-2-3,PICK,FALSE,1353
12250,Ecommerce,2,K,12,2,2-K-12-2-4,2-K-12-2-4,PICK,FALSE,1353
12251,Ecommerce,2,K,12,2,2-K-12-2-5,2-K-12-2-5,PICK,FALSE,1353
12252,Ecommerce,2,K,12,2,2-K-12-2-6,2-K-12-2-6,PICK,FALSE,1353
12253,Ecommerce,2,K,12,2,2-K-12-2-7,2-K-12-2-7,PICK,FALSE,1353
12254,Ecommerce,2,K,12,2,2-K-12-2-8,2-K-12-2-8,PICK,FALSE,1353
12255,Ecommerce,2,K,12,2,2-K-12-2-9,2-K-12-2-9,PICK,FALSE,1353
12256,Ecommerce,2,K,12,2,2-K-12-2-10,2-K-12-2-10,PICK,FALSE,1353
12257,Ecommerce,2,K,12,2,2-K-12-2-11,2-K-12-2-11,PICK,FALSE,1353
12258,Ecommerce,2,K,12,2,2-K-12-2-12,2-K-12-2-12,PICK,FALSE,1353
12259,Ecommerce,2,K,12,2,2-K-12-2-13,2-K-12-2-13,PICK,FALSE,1353
12260,Ecommerce,2,K,12,2,2-K-12-2-14,2-K-12-2-14,PICK,FALSE,1353
12261,Ecommerce,2,K,12,2,2-K-12-2-15,2-K-12-2-15,PICK,FALSE,1353
12262,Ecommerce,2,K,12,2,2-K-12-2-16,2-K-12-2-16,PICK,FALSE,1353
12263,Ecommerce,2,K,12,2,2-K-12-2-17,2-K-12-2-17,PICK,FALSE,1353
12264,Ecommerce,2,K,12,2,2-K-12-2-18,2-K-12-2-18,PICK,FALSE,1353
4399,Ecommerce,2,K,12,2,2-K-12-2,2-K-12-2,PICK,FALSE,1353
10003,Ecommerce,2,K,12,3,2-K-12-3,2-K-12-3,PICK,FALSE,1354
12265,Ecommerce,2,K,12,3,2-K-12-3-1,2-K-12-3-1,PICK,FALSE,1354
12266,Ecommerce,2,K,12,3,2-K-12-3-2,2-K-12-3-2,PICK,FALSE,1354
12267,Ecommerce,2,K,12,3,2-K-12-3-3,2-K-12-3-3,PICK,FALSE,1354
12268,Ecommerce,2,K,12,3,2-K-12-3-4,2-K-12-3-4,PICK,FALSE,1354
12269,Ecommerce,2,K,12,3,2-K-12-3-5,2-K-12-3-5,PICK,FALSE,1354
12270,Ecommerce,2,K,12,3,2-K-12-3-6,2-K-12-3-6,PICK,FALSE,1354
12271,Ecommerce,2,K,12,3,2-K-12-3-7,2-K-12-3-7,PICK,FALSE,1354
12272,Ecommerce,2,K,12,3,2-K-12-3-8,2-K-12-3-8,PICK,FALSE,1354
12273,Ecommerce,2,K,12,3,2-K-12-3-9,2-K-12-3-9,PICK,FALSE,1354
12274,Ecommerce,2,K,12,3,2-K-12-3-10,2-K-12-3-10,PICK,FALSE,1354
12275,Ecommerce,2,K,12,3,2-K-12-3-11,2-K-12-3-11,PICK,FALSE,1354
12276,Ecommerce,2,K,12,3,2-K-12-3-12,2-K-12-3-12,PICK,FALSE,1354
12277,Ecommerce,2,K,12,3,2-K-12-3-13,2-K-12-3-13,PICK,FALSE,1354
12278,Ecommerce,2,K,12,3,2-K-12-3-14,2-K-12-3-14,PICK,FALSE,1354
12279,Ecommerce,2,K,12,3,2-K-12-3-15,2-K-12-3-15,PICK,FALSE,1354
12280,Ecommerce,2,K,12,3,2-K-12-3-16,2-K-12-3-16,PICK,FALSE,1354
12281,Ecommerce,2,K,12,3,2-K-12-3-17,2-K-12-3-17,PICK,FALSE,1354
12282,Ecommerce,2,K,12,3,2-K-12-3-18,2-K-12-3-18,PICK,FALSE,1354
12283,Ecommerce,2,K,12,4,2-K-12-4-1,2-K-12-4-1,PICK,FALSE,1355
12284,Ecommerce,2,K,12,4,2-K-12-4-2,2-K-12-4-2,PICK,FALSE,1355
12285,Ecommerce,2,K,12,4,2-K-12-4-3,2-K-12-4-3,PICK,FALSE,1355
12286,Ecommerce,2,K,12,4,2-K-12-4-4,2-K-12-4-4,PICK,FALSE,1355
12287,Ecommerce,2,K,12,4,2-K-12-4-5,2-K-12-4-5,PICK,FALSE,1355
12288,Ecommerce,2,K,12,4,2-K-12-4-6,2-K-12-4-6,PICK,FALSE,1355
12289,Ecommerce,2,K,12,4,2-K-12-4-7,2-K-12-4-7,PICK,FALSE,1355
12290,Ecommerce,2,K,12,4,2-K-12-4-8,2-K-12-4-8,PICK,FALSE,1355
12291,Ecommerce,2,K,12,4,2-K-12-4-9,2-K-12-4-9,PICK,FALSE,1355
12292,Ecommerce,2,K,12,4,2-K-12-4-10,2-K-12-4-10,PICK,FALSE,1355
12293,Ecommerce,2,K,12,4,2-K-12-4-11,2-K-12-4-11,PICK,FALSE,1355
12294,Ecommerce,2,K,12,4,2-K-12-4-12,2-K-12-4-12,PICK,FALSE,1355
12295,Ecommerce,2,K,12,4,2-K-12-4-13,2-K-12-4-13,PICK,FALSE,1355
12296,Ecommerce,2,K,12,4,2-K-12-4-14,2-K-12-4-14,PICK,FALSE,1355
12297,Ecommerce,2,K,12,4,2-K-12-4-15,2-K-12-4-15,PICK,FALSE,1355
12298,Ecommerce,2,K,12,4,2-K-12-4-16,2-K-12-4-16,PICK,FALSE,1355
12299,Ecommerce,2,K,12,4,2-K-12-4-17,2-K-12-4-17,PICK,FALSE,1355
12300,Ecommerce,2,K,12,4,2-K-12-4-18,2-K-12-4-18,PICK,FALSE,1355
10002,Ecommerce,2,K,12,4,2-K-12-4,2-K-12-4,PICK,FALSE,1355
10001,Ecommerce,2,K,12,5,2-K-12-5,2-K-12-5,PICK,FALSE,1356
12301,Ecommerce,2,K,12,5,2-K-12-5-1,2-K-12-5-1,PICK,FALSE,1356
12302,Ecommerce,2,K,12,5,2-K-12-5-2,2-K-12-5-2,PICK,FALSE,1356
12303,Ecommerce,2,K,12,5,2-K-12-5-3,2-K-12-5-3,PICK,FALSE,1356
12304,Ecommerce,2,K,12,5,2-K-12-5-4,2-K-12-5-4,PICK,FALSE,1356
12305,Ecommerce,2,K,12,5,2-K-12-5-5,2-K-12-5-5,PICK,FALSE,1356
12306,Ecommerce,2,K,12,5,2-K-12-5-6,2-K-12-5-6,PICK,FALSE,1356
12307,Ecommerce,2,K,12,5,2-K-12-5-7,2-K-12-5-7,PICK,FALSE,1356
12308,Ecommerce,2,K,12,5,2-K-12-5-8,2-K-12-5-8,PICK,FALSE,1356
12309,Ecommerce,2,K,12,5,2-K-12-5-9,2-K-12-5-9,PICK,FALSE,1356
12310,Ecommerce,2,K,12,5,2-K-12-5-10,2-K-12-5-10,PICK,FALSE,1356
12311,Ecommerce,2,K,12,5,2-K-12-5-11,2-K-12-5-11,PICK,FALSE,1356
12312,Ecommerce,2,K,12,5,2-K-12-5-12,2-K-12-5-12,PICK,FALSE,1356
12313,Ecommerce,2,K,12,5,2-K-12-5-13,2-K-12-5-13,PICK,FALSE,1356
12314,Ecommerce,2,K,12,5,2-K-12-5-14,2-K-12-5-14,PICK,FALSE,1356
12315,Ecommerce,2,K,12,5,2-K-12-5-15,2-K-12-5-15,PICK,FALSE,1356
12316,Ecommerce,2,K,12,5,2-K-12-5-16,2-K-12-5-16,PICK,FALSE,1356
12317,Ecommerce,2,K,12,5,2-K-12-5-17,2-K-12-5-17,PICK,FALSE,1356
12318,Ecommerce,2,K,12,5,2-K-12-5-18,2-K-12-5-18,PICK,FALSE,1356
4407,Ecommerce,2,J,12,2,2-J-12-2,2-J-12-2,PICK,FALSE,1357
10000,Ecommerce,2,J,12,3,2-J-12-3,2-J-12-3,PICK,FALSE,1358
9999,Ecommerce,2,J,12,4,2-J-12-4,2-J-12-4,PICK,FALSE,1359
9998,Ecommerce,2,J,12,5,2-J-12-5,2-J-12-5,PICK,FALSE,1360
4401,Ecommerce,2,I,12,2,2-I-12-2,2-I-12-2,PICK,FALSE,1361
9997,Ecommerce,2,I,12,3,2-I-12-3,2-I-12-3,PICK,FALSE,1362
9996,Ecommerce,2,I,12,4,2-I-12-4,2-I-12-4,PICK,FALSE,1363
9995,Ecommerce,2,I,12,5,2-I-12-5,2-I-12-5,PICK,FALSE,1364
17495,Ecommerce,2,H,12,2,2-H-12-2-1,2-H-12-2-1,PICK,FALSE,1365
17496,Ecommerce,2,H,12,2,2-H-12-2-2,2-H-12-2-2,PICK,FALSE,1365
17497,Ecommerce,2,H,12,2,2-H-12-2-3,2-H-12-2-3,PICK,FALSE,1365
17498,Ecommerce,2,H,12,2,2-H-12-2-4,2-H-12-2-4,PICK,FALSE,1365
17499,Ecommerce,2,H,12,2,2-H-12-2-5,2-H-12-2-5,PICK,FALSE,1365
17500,Ecommerce,2,H,12,2,2-H-12-2-6,2-H-12-2-6,PICK,FALSE,1365
17501,Ecommerce,2,H,12,2,2-H-12-2-7,2-H-12-2-7,PICK,FALSE,1365
17502,Ecommerce,2,H,12,2,2-H-12-2-8,2-H-12-2-8,PICK,FALSE,1365
17503,Ecommerce,2,H,12,2,2-H-12-2-9,2-H-12-2-9,PICK,FALSE,1365
17504,Ecommerce,2,H,12,2,2-H-12-2-10,2-H-12-2-10,PICK,FALSE,1365
17505,Ecommerce,2,H,12,2,2-H-12-2-11,2-H-12-2-11,PICK,FALSE,1365
17506,Ecommerce,2,H,12,2,2-H-12-2-12,2-H-12-2-12,PICK,FALSE,1365
17507,Ecommerce,2,H,12,2,2-H-12-2-13,2-H-12-2-13,PICK,FALSE,1365
17508,Ecommerce,2,H,12,2,2-H-12-2-14,2-H-12-2-14,PICK,FALSE,1365
17509,Ecommerce,2,H,12,2,2-H-12-2-15,2-H-12-2-15,PICK,FALSE,1365
17510,Ecommerce,2,H,12,2,2-H-12-2-16,2-H-12-2-16,PICK,FALSE,1365
17511,Ecommerce,2,H,12,2,2-H-12-2-17,2-H-12-2-17,PICK,FALSE,1365
17512,Ecommerce,2,H,12,2,2-H-12-2-18,2-H-12-2-18,PICK,FALSE,1365
9994,Ecommerce,2,H,12,2,2-H-12-2,2-H-12-2,PICK,FALSE,1365
9993,Ecommerce,2,H,12,3,2-H-12-3,2-H-12-3,PICK,FALSE,1366
17513,Ecommerce,2,H,12,3,2-H-12-3-1,2-H-12-3-1,PICK,FALSE,1366
17514,Ecommerce,2,H,12,3,2-H-12-3-2,2-H-12-3-2,PICK,FALSE,1366
17515,Ecommerce,2,H,12,3,2-H-12-3-3,2-H-12-3-3,PICK,FALSE,1366
17516,Ecommerce,2,H,12,3,2-H-12-3-4,2-H-12-3-4,PICK,FALSE,1366
17517,Ecommerce,2,H,12,3,2-H-12-3-5,2-H-12-3-5,PICK,FALSE,1366
17518,Ecommerce,2,H,12,3,2-H-12-3-6,2-H-12-3-6,PICK,FALSE,1366
17519,Ecommerce,2,H,12,3,2-H-12-3-7,2-H-12-3-7,PICK,FALSE,1366
17520,Ecommerce,2,H,12,3,2-H-12-3-8,2-H-12-3-8,PICK,FALSE,1366
17521,Ecommerce,2,H,12,3,2-H-12-3-9,2-H-12-3-9,PICK,FALSE,1366
17522,Ecommerce,2,H,12,3,2-H-12-3-10,2-H-12-3-10,PICK,FALSE,1366
17523,Ecommerce,2,H,12,3,2-H-12-3-11,2-H-12-3-11,PICK,FALSE,1366
17524,Ecommerce,2,H,12,3,2-H-12-3-12,2-H-12-3-12,PICK,FALSE,1366
17525,Ecommerce,2,H,12,3,2-H-12-3-13,2-H-12-3-13,PICK,FALSE,1366
17526,Ecommerce,2,H,12,3,2-H-12-3-14,2-H-12-3-14,PICK,FALSE,1366
17527,Ecommerce,2,H,12,3,2-H-12-3-15,2-H-12-3-15,PICK,FALSE,1366
17528,Ecommerce,2,H,12,3,2-H-12-3-16,2-H-12-3-16,PICK,FALSE,1366
17529,Ecommerce,2,H,12,3,2-H-12-3-17,2-H-12-3-17,PICK,FALSE,1366
17530,Ecommerce,2,H,12,3,2-H-12-3-18,2-H-12-3-18,PICK,FALSE,1366
17531,Ecommerce,2,H,12,4,2-H-12-4-1,2-H-12-4-1,PICK,FALSE,1367
17532,Ecommerce,2,H,12,4,2-H-12-4-2,2-H-12-4-2,PICK,FALSE,1367
17533,Ecommerce,2,H,12,4,2-H-12-4-3,2-H-12-4-3,PICK,FALSE,1367
17534,Ecommerce,2,H,12,4,2-H-12-4-4,2-H-12-4-4,PICK,FALSE,1367
17535,Ecommerce,2,H,12,4,2-H-12-4-5,2-H-12-4-5,PICK,FALSE,1367
17536,Ecommerce,2,H,12,4,2-H-12-4-6,2-H-12-4-6,PICK,FALSE,1367
17537,Ecommerce,2,H,12,4,2-H-12-4-7,2-H-12-4-7,PICK,FALSE,1367
17538,Ecommerce,2,H,12,4,2-H-12-4-8,2-H-12-4-8,PICK,FALSE,1367
17539,Ecommerce,2,H,12,4,2-H-12-4-9,2-H-12-4-9,PICK,FALSE,1367
17540,Ecommerce,2,H,12,4,2-H-12-4-10,2-H-12-4-10,PICK,FALSE,1367
17541,Ecommerce,2,H,12,4,2-H-12-4-11,2-H-12-4-11,PICK,FALSE,1367
17542,Ecommerce,2,H,12,4,2-H-12-4-12,2-H-12-4-12,PICK,FALSE,1367
17543,Ecommerce,2,H,12,4,2-H-12-4-13,2-H-12-4-13,PICK,FALSE,1367
17544,Ecommerce,2,H,12,4,2-H-12-4-14,2-H-12-4-14,PICK,FALSE,1367
17545,Ecommerce,2,H,12,4,2-H-12-4-15,2-H-12-4-15,PICK,FALSE,1367
17546,Ecommerce,2,H,12,4,2-H-12-4-16,2-H-12-4-16,PICK,FALSE,1367
17547,Ecommerce,2,H,12,4,2-H-12-4-17,2-H-12-4-17,PICK,FALSE,1367
17548,Ecommerce,2,H,12,4,2-H-12-4-18,2-H-12-4-18,PICK,FALSE,1367
9992,Ecommerce,2,H,12,4,2-H-12-4,2-H-12-4,PICK,FALSE,1367
9991,Ecommerce,2,H,12,5,2-H-12-5,2-H-12-5,PICK,FALSE,1368
17549,Ecommerce,2,H,12,5,2-H-12-5-1,2-H-12-5-1,PICK,FALSE,1368
17550,Ecommerce,2,H,12,5,2-H-12-5-2,2-H-12-5-2,PICK,FALSE,1368
17551,Ecommerce,2,H,12,5,2-H-12-5-3,2-H-12-5-3,PICK,FALSE,1368
17552,Ecommerce,2,H,12,5,2-H-12-5-4,2-H-12-5-4,PICK,FALSE,1368
17553,Ecommerce,2,H,12,5,2-H-12-5-5,2-H-12-5-5,PICK,FALSE,1368
17554,Ecommerce,2,H,12,5,2-H-12-5-6,2-H-12-5-6,PICK,FALSE,1368
17555,Ecommerce,2,H,12,5,2-H-12-5-7,2-H-12-5-7,PICK,FALSE,1368
17556,Ecommerce,2,H,12,5,2-H-12-5-8,2-H-12-5-8,PICK,FALSE,1368
17557,Ecommerce,2,H,12,5,2-H-12-5-9,2-H-12-5-9,PICK,FALSE,1368
17558,Ecommerce,2,H,12,5,2-H-12-5-10,2-H-12-5-10,PICK,FALSE,1368
17559,Ecommerce,2,H,12,5,2-H-12-5-11,2-H-12-5-11,PICK,FALSE,1368
17560,Ecommerce,2,H,12,5,2-H-12-5-12,2-H-12-5-12,PICK,FALSE,1368
17561,Ecommerce,2,H,12,5,2-H-12-5-13,2-H-12-5-13,PICK,FALSE,1368
17562,Ecommerce,2,H,12,5,2-H-12-5-14,2-H-12-5-14,PICK,FALSE,1368
17563,Ecommerce,2,H,12,5,2-H-12-5-15,2-H-12-5-15,PICK,FALSE,1368
17564,Ecommerce,2,H,12,5,2-H-12-5-16,2-H-12-5-16,PICK,FALSE,1368
17565,Ecommerce,2,H,12,5,2-H-12-5-17,2-H-12-5-17,PICK,FALSE,1368
17566,Ecommerce,2,H,12,5,2-H-12-5-18,2-H-12-5-18,PICK,FALSE,1368
9990,Ecommerce,2,I,11,2,2-I-11-2,2-I-11-2,PICK,FALSE,1369
9989,Ecommerce,2,I,11,3,2-I-11-3,2-I-11-3,PICK,FALSE,1370
9988,Ecommerce,2,I,11,4,2-I-11-4,2-I-11-4,PICK,FALSE,1371
9987,Ecommerce,2,I,11,5,2-I-11-5,2-I-11-5,PICK,FALSE,1372
9986,Ecommerce,2,H,11,2,2-H-11-2,2-H-11-2,PICK,FALSE,1373
9985,Ecommerce,2,H,11,3,2-H-11-3,2-H-11-3,PICK,FALSE,1374
9984,Ecommerce,2,H,11,4,2-H-11-4,2-H-11-4,PICK,FALSE,1375
9983,Ecommerce,2,H,11,5,2-H-11-5,2-H-11-5,PICK,FALSE,1376
9982,Ecommerce,2,I,10,2,2-I-10-2,2-I-10-2,PICK,FALSE,1377
9981,Ecommerce,2,I,10,3,2-I-10-3,2-I-10-3,PICK,FALSE,1378
9980,Ecommerce,2,I,10,4,2-I-10-4,2-I-10-4,PICK,FALSE,1379
9979,Ecommerce,2,I,10,5,2-I-10-5,2-I-10-5,PICK,FALSE,1380
9978,Ecommerce,2,H,10,2,2-H-10-2,2-H-10-2,PICK,FALSE,1381
9977,Ecommerce,2,H,10,3,2-H-10-3,2-H-10-3,PICK,FALSE,1382
9976,Ecommerce,2,H,10,4,2-H-10-4,2-H-10-4,PICK,FALSE,1383
9975,Ecommerce,2,H,10,5,2-H-10-5,2-H-10-5,PICK,FALSE,1384
9974,Ecommerce,2,I,9,2,2-I-9-2,2-I-9-2,PICK,FALSE,1385
9973,Ecommerce,2,I,9,3,2-I-9-3,2-I-9-3,PICK,FALSE,1386
9972,Ecommerce,2,I,9,4,2-I-9-4,2-I-9-4,PICK,FALSE,1387
9971,Ecommerce,2,I,9,5,2-I-9-5,2-I-9-5,PICK,FALSE,1388
9970,Ecommerce,2,H,9,2,2-H-9-2,2-H-9-2,PICK,FALSE,1389
9969,Ecommerce,2,H,9,3,2-H-9-3,2-H-9-3,PICK,FALSE,1390
9968,Ecommerce,2,H,9,4,2-H-9-4,2-H-9-4,PICK,FALSE,1391
9967,Ecommerce,2,H,9,5,2-H-9-5,2-H-9-5,PICK,FALSE,1392
9966,Ecommerce,2,I,8,2,2-I-8-2,2-I-8-2,PICK,FALSE,1393
9965,Ecommerce,2,I,8,3,2-I-8-3,2-I-8-3,PICK,FALSE,1394
9964,Ecommerce,2,I,8,4,2-I-8-4,2-I-8-4,PICK,FALSE,1395
9963,Ecommerce,2,I,8,5,2-I-8-5,2-I-8-5,PICK,FALSE,1396
9962,Ecommerce,2,H,8,2,2-H-8-2,2-H-8-2,PICK,FALSE,1397
9961,Ecommerce,2,H,8,3,2-H-8-3,2-H-8-3,PICK,FALSE,1398
9960,Ecommerce,2,H,8,4,2-H-8-4,2-H-8-4,PICK,FALSE,1399
9959,Ecommerce,2,H,8,5,2-H-8-5,2-H-8-5,PICK,FALSE,1400
9958,Ecommerce,2,I,7,2,2-I-7-2,2-I-7-2,PICK,FALSE,1401
9957,Ecommerce,2,I,7,3,2-I-7-3,2-I-7-3,PICK,FALSE,1402
9956,Ecommerce,2,I,7,4,2-I-7-4,2-I-7-4,PICK,FALSE,1403
9955,Ecommerce,2,I,7,5,2-I-7-5,2-I-7-5,PICK,FALSE,1404
4320,Ecommerce,2,H,7,2,2-H-7-2,2-H-7-2,PICK,FALSE,1405
9954,Ecommerce,2,H,7,3,2-H-7-3,2-H-7-3,PICK,FALSE,1406
9953,Ecommerce,2,H,7,4,2-H-7-4,2-H-7-4,PICK,FALSE,1407
9952,Ecommerce,2,H,7,5,2-H-7-5,2-H-7-5,PICK,FALSE,1408
9951,Ecommerce,2,I,6,2,2-I-6-2,2-I-6-2,PICK,FALSE,1409
9950,Ecommerce,2,I,6,3,2-I-6-3,2-I-6-3,PICK,FALSE,1410
9949,Ecommerce,2,I,6,4,2-I-6-4,2-I-6-4,PICK,FALSE,1411
9948,Ecommerce,2,I,6,5,2-I-6-5,2-I-6-5,PICK,FALSE,1412
9947,Ecommerce,2,H,6,2,2-H-6-2,2-H-6-2,PICK,FALSE,1413
9946,Ecommerce,2,H,6,3,2-H-6-3,2-H-6-3,PICK,FALSE,1414
9945,Ecommerce,2,H,6,4,2-H-6-4,2-H-6-4,PICK,FALSE,1415
9944,Ecommerce,2,H,6,5,2-H-6-5,2-H-6-5,PICK,FALSE,1416
17567,Ecommerce,2,I,5,2,*2-I-5-2-1,*2-I-5-2-1,PICK,FALSE,1417
17568,Ecommerce,2,I,5,2,*2-I-5-2-2,*2-I-5-2-2,PICK,FALSE,1417
17569,Ecommerce,2,I,5,2,*2-I-5-2-3,*2-I-5-2-3,PICK,FALSE,1417
17570,Ecommerce,2,I,5,2,*2-I-5-2-4,*2-I-5-2-4,PICK,FALSE,1417
17571,Ecommerce,2,I,5,2,*2-I-5-2-5,*2-I-5-2-5,PICK,FALSE,1417
17572,Ecommerce,2,I,5,2,*2-I-5-2-6,*2-I-5-2-6,PICK,FALSE,1417
17573,Ecommerce,2,I,5,2,*2-I-5-2-7,*2-I-5-2-7,PICK,FALSE,1417
17574,Ecommerce,2,I,5,2,*2-I-5-2-8,*2-I-5-2-8,PICK,FALSE,1417
17575,Ecommerce,2,I,5,2,*2-I-5-2-9,*2-I-5-2-9,PICK,FALSE,1417
17576,Ecommerce,2,I,5,2,*2-I-5-2-10,*2-I-5-2-10,PICK,FALSE,1417
17577,Ecommerce,2,I,5,2,*2-I-5-2-11,*2-I-5-2-11,PICK,FALSE,1417
17578,Ecommerce,2,I,5,2,*2-I-5-2-12,*2-I-5-2-12,PICK,FALSE,1417
17579,Ecommerce,2,I,5,2,*2-I-5-2-13,*2-I-5-2-13,PICK,FALSE,1417
17580,Ecommerce,2,I,5,2,*2-I-5-2-14,*2-I-5-2-14,PICK,FALSE,1417
17581,Ecommerce,2,I,5,2,*2-I-5-2-15,*2-I-5-2-15,PICK,FALSE,1417
17582,Ecommerce,2,I,5,2,*2-I-5-2-16,*2-I-5-2-16,PICK,FALSE,1417
17583,Ecommerce,2,I,5,2,*2-I-5-2-17,*2-I-5-2-17,PICK,FALSE,1417
17584,Ecommerce,2,I,5,2,*2-I-5-2-18,*2-I-5-2-18,PICK,FALSE,1417
8123,Ecommerce,2,I,5,2,2-I-5-2,2-I-5-2,PICK,FALSE,1417
17585,Ecommerce,2,I,5,3,*2-I-5-3-1,*2-I-5-3-1,PICK,FALSE,1418
17586,Ecommerce,2,I,5,3,*2-I-5-3-2,*2-I-5-3-2,PICK,FALSE,1418
17587,Ecommerce,2,I,5,3,*2-I-5-3-3,*2-I-5-3-3,PICK,FALSE,1418
17588,Ecommerce,2,I,5,3,*2-I-5-3-4,*2-I-5-3-4,PICK,FALSE,1418
17589,Ecommerce,2,I,5,3,*2-I-5-3-5,*2-I-5-3-5,PICK,FALSE,1418
17590,Ecommerce,2,I,5,3,*2-I-5-3-6,*2-I-5-3-6,PICK,FALSE,1418
17591,Ecommerce,2,I,5,3,*2-I-5-3-7,*2-I-5-3-7,PICK,FALSE,1418
17592,Ecommerce,2,I,5,3,*2-I-5-3-8,*2-I-5-3-8,PICK,FALSE,1418
17593,Ecommerce,2,I,5,3,*2-I-5-3-9,*2-I-5-3-9,PICK,FALSE,1418
17594,Ecommerce,2,I,5,3,*2-I-5-3-10,*2-I-5-3-10,PICK,FALSE,1418
17595,Ecommerce,2,I,5,3,*2-I-5-3-11,*2-I-5-3-11,PICK,FALSE,1418
17596,Ecommerce,2,I,5,3,*2-I-5-3-12,*2-I-5-3-12,PICK,FALSE,1418
17597,Ecommerce,2,I,5,3,*2-I-5-3-13,*2-I-5-3-13,PICK,FALSE,1418
17598,Ecommerce,2,I,5,3,*2-I-5-3-14,*2-I-5-3-14,PICK,FALSE,1418
17599,Ecommerce,2,I,5,3,*2-I-5-3-15,*2-I-5-3-15,PICK,FALSE,1418
17600,Ecommerce,2,I,5,3,*2-I-5-3-16,*2-I-5-3-16,PICK,FALSE,1418
17601,Ecommerce,2,I,5,3,*2-I-5-3-17,*2-I-5-3-17,PICK,FALSE,1418
17602,Ecommerce,2,I,5,3,*2-I-5-3-18,*2-I-5-3-18,PICK,FALSE,1418
9943,Ecommerce,2,I,5,3,2-I-5-3,2-I-5-3,PICK,FALSE,1418
9942,Ecommerce,2,I,5,4,2-I-5-4,2-I-5-4,PICK,FALSE,1419
17603,Ecommerce,2,I,5,4,*2-I-5-4-1,*2-I-5-4-1,PICK,FALSE,1419
17604,Ecommerce,2,I,5,4,*2-I-5-4-2,*2-I-5-4-2,PICK,FALSE,1419
17605,Ecommerce,2,I,5,4,*2-I-5-4-3,*2-I-5-4-3,PICK,FALSE,1419
17606,Ecommerce,2,I,5,4,*2-I-5-4-4,*2-I-5-4-4,PICK,FALSE,1419
17607,Ecommerce,2,I,5,4,*2-I-5-4-5,*2-I-5-4-5,PICK,FALSE,1419
17608,Ecommerce,2,I,5,4,*2-I-5-4-6,*2-I-5-4-6,PICK,FALSE,1419
17609,Ecommerce,2,I,5,4,*2-I-5-4-7,*2-I-5-4-7,PICK,FALSE,1419
17610,Ecommerce,2,I,5,4,*2-I-5-4-8,*2-I-5-4-8,PICK,FALSE,1419
17611,Ecommerce,2,I,5,4,*2-I-5-4-9,*2-I-5-4-9,PICK,FALSE,1419
17612,Ecommerce,2,I,5,4,*2-I-5-4-10,*2-I-5-4-10,PICK,FALSE,1419
17613,Ecommerce,2,I,5,4,*2-I-5-4-11,*2-I-5-4-11,PICK,FALSE,1419
17614,Ecommerce,2,I,5,4,*2-I-5-4-12,*2-I-5-4-12,PICK,FALSE,1419
17615,Ecommerce,2,I,5,4,*2-I-5-4-13,*2-I-5-4-13,PICK,FALSE,1419
17616,Ecommerce,2,I,5,4,*2-I-5-4-14,*2-I-5-4-14,PICK,FALSE,1419
17617,Ecommerce,2,I,5,4,*2-I-5-4-15,*2-I-5-4-15,PICK,FALSE,1419
17618,Ecommerce,2,I,5,4,*2-I-5-4-16,*2-I-5-4-16,PICK,FALSE,1419
17619,Ecommerce,2,I,5,4,*2-I-5-4-17,*2-I-5-4-17,PICK,FALSE,1419
17620,Ecommerce,2,I,5,4,*2-I-5-4-18,*2-I-5-4-18,PICK,FALSE,1419
9941,Ecommerce,2,I,5,5,2-I-5-5,2-I-5-5,PICK,FALSE,1420
9940,Ecommerce,2,H,5,2,2-H-5-2,2-H-5-2,PICK,FALSE,1421
9939,Ecommerce,2,H,5,3,2-H-5-3,2-H-5-3,PICK,FALSE,1422
9938,Ecommerce,2,H,5,4,2-H-5-4,2-H-5-4,PICK,FALSE,1423
9937,Ecommerce,2,H,5,5,2-H-5-5,2-H-5-5,PICK,FALSE,1424
17621,Ecommerce,2,I,4,2,*2-I-4-2-1,*2-I-4-2-1,PICK,FALSE,1425
17622,Ecommerce,2,I,4,2,*2-I-4-2-2,*2-I-4-2-2,PICK,FALSE,1425
17623,Ecommerce,2,I,4,2,*2-I-4-2-3,*2-I-4-2-3,PICK,FALSE,1425
17624,Ecommerce,2,I,4,2,*2-I-4-2-4,*2-I-4-2-4,PICK,FALSE,1425
17625,Ecommerce,2,I,4,2,*2-I-4-2-5,*2-I-4-2-5,PICK,FALSE,1425
17626,Ecommerce,2,I,4,2,*2-I-4-2-6,*2-I-4-2-6,PICK,FALSE,1425
17627,Ecommerce,2,I,4,2,*2-I-4-2-7,*2-I-4-2-7,PICK,FALSE,1425
17628,Ecommerce,2,I,4,2,*2-I-4-2-8,*2-I-4-2-8,PICK,FALSE,1425
17629,Ecommerce,2,I,4,2,*2-I-4-2-9,*2-I-4-2-9,PICK,FALSE,1425
17630,Ecommerce,2,I,4,2,*2-I-4-2-10,*2-I-4-2-10,PICK,FALSE,1425
17631,Ecommerce,2,I,4,2,*2-I-4-2-11,*2-I-4-2-11,PICK,FALSE,1425
17632,Ecommerce,2,I,4,2,*2-I-4-2-12,*2-I-4-2-12,PICK,FALSE,1425
17633,Ecommerce,2,I,4,2,*2-I-4-2-13,*2-I-4-2-13,PICK,FALSE,1425
17634,Ecommerce,2,I,4,2,*2-I-4-2-14,*2-I-4-2-14,PICK,FALSE,1425
17635,Ecommerce,2,I,4,2,*2-I-4-2-15,*2-I-4-2-15,PICK,FALSE,1425
17636,Ecommerce,2,I,4,2,*2-I-4-2-16,*2-I-4-2-16,PICK,FALSE,1425
17637,Ecommerce,2,I,4,2,*2-I-4-2-17,*2-I-4-2-17,PICK,FALSE,1425
17638,Ecommerce,2,I,4,2,*2-I-4-2-18,*2-I-4-2-18,PICK,FALSE,1425
8120,Ecommerce,2,I,4,2,2-I-4-2,2-I-4-2,PICK,FALSE,1425
17639,Ecommerce,2,I,4,3,*2-I-4-3-1,*2-I-4-3-1,PICK,FALSE,1426
17640,Ecommerce,2,I,4,3,*2-I-4-3-2,*2-I-4-3-2,PICK,FALSE,1426
17641,Ecommerce,2,I,4,3,*2-I-4-3-3,*2-I-4-3-3,PICK,FALSE,1426
17642,Ecommerce,2,I,4,3,*2-I-4-3-4,*2-I-4-3-4,PICK,FALSE,1426
17643,Ecommerce,2,I,4,3,*2-I-4-3-5,*2-I-4-3-5,PICK,FALSE,1426
17644,Ecommerce,2,I,4,3,*2-I-4-3-6,*2-I-4-3-6,PICK,FALSE,1426
17645,Ecommerce,2,I,4,3,*2-I-4-3-7,*2-I-4-3-7,PICK,FALSE,1426
17646,Ecommerce,2,I,4,3,*2-I-4-3-8,*2-I-4-3-8,PICK,FALSE,1426
17647,Ecommerce,2,I,4,3,*2-I-4-3-9,*2-I-4-3-9,PICK,FALSE,1426
17648,Ecommerce,2,I,4,3,*2-I-4-3-10,*2-I-4-3-10,PICK,FALSE,1426
17649,Ecommerce,2,I,4,3,*2-I-4-3-11,*2-I-4-3-11,PICK,FALSE,1426
17650,Ecommerce,2,I,4,3,*2-I-4-3-12,*2-I-4-3-12,PICK,FALSE,1426
17651,Ecommerce,2,I,4,3,*2-I-4-3-13,*2-I-4-3-13,PICK,FALSE,1426
17652,Ecommerce,2,I,4,3,*2-I-4-3-14,*2-I-4-3-14,PICK,FALSE,1426
17653,Ecommerce,2,I,4,3,*2-I-4-3-15,*2-I-4-3-15,PICK,FALSE,1426
17654,Ecommerce,2,I,4,3,*2-I-4-3-16,*2-I-4-3-16,PICK,FALSE,1426
17655,Ecommerce,2,I,4,3,*2-I-4-3-17,*2-I-4-3-17,PICK,FALSE,1426
17656,Ecommerce,2,I,4,3,*2-I-4-3-18,*2-I-4-3-18,PICK,FALSE,1426
9936,Ecommerce,2,I,4,3,2-I-4-3,2-I-4-3,PICK,FALSE,1426
9935,Ecommerce,2,I,4,4,2-I-4-4,2-I-4-4,PICK,FALSE,1427
17657,Ecommerce,2,I,4,4,*2-I-4-4-1,*2-I-4-4-1,PICK,FALSE,1427
17658,Ecommerce,2,I,4,4,*2-I-4-4-2,*2-I-4-4-2,PICK,FALSE,1427
17659,Ecommerce,2,I,4,4,*2-I-4-4-3,*2-I-4-4-3,PICK,FALSE,1427
17660,Ecommerce,2,I,4,4,*2-I-4-4-4,*2-I-4-4-4,PICK,FALSE,1427
17661,Ecommerce,2,I,4,4,*2-I-4-4-5,*2-I-4-4-5,PICK,FALSE,1427
17662,Ecommerce,2,I,4,4,*2-I-4-4-6,*2-I-4-4-6,PICK,FALSE,1427
17663,Ecommerce,2,I,4,4,*2-I-4-4-7,*2-I-4-4-7,PICK,FALSE,1427
17664,Ecommerce,2,I,4,4,*2-I-4-4-8,*2-I-4-4-8,PICK,FALSE,1427
17665,Ecommerce,2,I,4,4,*2-I-4-4-9,*2-I-4-4-9,PICK,FALSE,1427
17666,Ecommerce,2,I,4,4,*2-I-4-4-10,*2-I-4-4-10,PICK,FALSE,1427
17667,Ecommerce,2,I,4,4,*2-I-4-4-11,*2-I-4-4-11,PICK,FALSE,1427
17668,Ecommerce,2,I,4,4,*2-I-4-4-12,*2-I-4-4-12,PICK,FALSE,1427
17669,Ecommerce,2,I,4,4,*2-I-4-4-13,*2-I-4-4-13,PICK,FALSE,1427
17670,Ecommerce,2,I,4,4,*2-I-4-4-14,*2-I-4-4-14,PICK,FALSE,1427
17671,Ecommerce,2,I,4,4,*2-I-4-4-15,*2-I-4-4-15,PICK,FALSE,1427
17672,Ecommerce,2,I,4,4,*2-I-4-4-16,*2-I-4-4-16,PICK,FALSE,1427
17673,Ecommerce,2,I,4,4,*2-I-4-4-17,*2-I-4-4-17,PICK,FALSE,1427
17674,Ecommerce,2,I,4,4,*2-I-4-4-18,*2-I-4-4-18,PICK,FALSE,1427
9934,Ecommerce,2,I,4,5,2-I-4-5,2-I-4-5,PICK,FALSE,1428
4313,Ecommerce,2,H,4,2,2-H-4-2,2-H-4-2,PICK,FALSE,1429
9933,Ecommerce,2,H,4,3,2-H-4-3,2-H-4-3,PICK,FALSE,1430
9932,Ecommerce,2,H,4,4,2-H-4-4,2-H-4-4,PICK,FALSE,1431
9931,Ecommerce,2,H,4,5,2-H-4-5,2-H-4-5,PICK,FALSE,1432
8117,Ecommerce,2,I,3,2,2-I-3-2,2-I-3-2,PICK,FALSE,1433
9930,Ecommerce,2,I,3,3,2-I-3-3,2-I-3-3,PICK,FALSE,1434
9929,Ecommerce,2,I,3,4,2-I-3-4,2-I-3-4,PICK,FALSE,1435
9928,Ecommerce,2,I,3,5,2-I-3-5,2-I-3-5,PICK,FALSE,1436
9927,Ecommerce,2,H,3,2,2-H-3-2,2-H-3-2,PICK,FALSE,1437
9926,Ecommerce,2,H,3,3,2-H-3-3,2-H-3-3,PICK,FALSE,1438
9925,Ecommerce,2,H,3,4,2-H-3-4,2-H-3-4,PICK,FALSE,1439
9924,Ecommerce,2,H,3,5,2-H-3-5,2-H-3-5,PICK,FALSE,1440
8114,Ecommerce,2,I,2,2,2-I-2-2,2-I-2-2,PICK,FALSE,1441
9923,Ecommerce,2,I,2,3,2-I-2-3,2-I-2-3,PICK,FALSE,1442
9922,Ecommerce,2,I,2,4,2-I-2-4,2-I-2-4,PICK,FALSE,1443
9921,Ecommerce,2,I,2,5,2-I-2-5,2-I-2-5,PICK,FALSE,1444
9920,Ecommerce,2,H,2,2,2-H-2-2,2-H-2-2,PICK,FALSE,1445
9919,Ecommerce,2,H,2,3,2-H-2-3,2-H-2-3,PICK,FALSE,1446
9918,Ecommerce,2,H,2,4,2-H-2-4,2-H-2-4,PICK,FALSE,1447
9917,Ecommerce,2,H,2,5,2-H-2-5,2-H-2-5,PICK,FALSE,1448
8111,Ecommerce,2,I,1,2,2-I-1-2,2-I-1-2,PICK,FALSE,1449
9916,Ecommerce,2,I,1,3,2-I-1-3,2-I-1-3,PICK,FALSE,1450
9915,Ecommerce,2,I,1,4,2-I-1-4,2-I-1-4,PICK,FALSE,1451
9914,Ecommerce,2,I,1,5,2-I-1-5,2-I-1-5,PICK,FALSE,1452
9913,Ecommerce,2,H,1,2,2-H-1-2,2-H-1-2,PICK,FALSE,1453
9912,Ecommerce,2,H,1,3,2-H-1-3,2-H-1-3,PICK,FALSE,1454
9911,Ecommerce,2,H,1,4,2-H-1-4,2-H-1-4,PICK,FALSE,1455
9910,Ecommerce,2,H,1,5,2-H-1-5,2-H-1-5,PICK,FALSE,1456
8437,Ecommerce,2,G,1,2,2-G-1-2,2-G-1-2,PICK,FALSE,1457
8438,Ecommerce,2,G,1,3,2-G-1-3,2-G-1-3,PICK,FALSE,1458
8439,Ecommerce,2,G,1,4,2-G-1-4,2-G-1-4,PICK,FALSE,1459
8440,Ecommerce,2,G,1,5,2-G-1-5,2-G-1-5,PICK,FALSE,1460
8312,Ecommerce,2,F,1,2,2-F-1-2,2-F-1-2,PICK,FALSE,1461
8324,Ecommerce,2,F,1,3,2-F-1-3,2-F-1-3,PICK,FALSE,1462
8336,Ecommerce,2,F,1,4,2-F-1-4,2-F-1-4,PICK,FALSE,1463
8348,Ecommerce,2,F,1,5,2-F-1-5,2-F-1-5,PICK,FALSE,1464
8431,Ecommerce,2,G,2,2,2-G-2-2,2-G-2-2,PICK,FALSE,1465
8432,Ecommerce,2,G,2,3,2-G-2-3,2-G-2-3,PICK,FALSE,1466
8433,Ecommerce,2,G,2,4,2-G-2-4,2-G-2-4,PICK,FALSE,1467
8434,Ecommerce,2,G,2,5,2-G-2-5,2-G-2-5,PICK,FALSE,1468
8313,Ecommerce,2,F,2,2,2-F-2-2,2-F-2-2,PICK,FALSE,1469
8325,Ecommerce,2,F,2,3,2-F-2-3,2-F-2-3,PICK,FALSE,1470
8337,Ecommerce,2,F,2,4,2-F-2-4,2-F-2-4,PICK,FALSE,1471
8349,Ecommerce,2,F,2,5,2-F-2-5,2-F-2-5,PICK,FALSE,1472
8106,Ecommerce,2,G,3,2,2-G-3-2,2-G-3-2,PICK,FALSE,1473
9909,Ecommerce,2,G,3,3,2-G-3-3,2-G-3-3,PICK,FALSE,1474
9908,Ecommerce,2,G,3,4,2-G-3-4,2-G-3-4,PICK,FALSE,1475
9907,Ecommerce,2,G,3,5,2-G-3-5,2-G-3-5,PICK,FALSE,1476
8314,Ecommerce,2,F,3,2,2-F-3-2,2-F-3-2,PICK,FALSE,1477
8326,Ecommerce,2,F,3,3,2-F-3-3,2-F-3-3,PICK,FALSE,1478
8338,Ecommerce,2,F,3,4,2-F-3-4,2-F-3-4,PICK,FALSE,1479
8350,Ecommerce,2,F,3,5,2-F-3-5,2-F-3-5,PICK,FALSE,1480
8362,Ecommerce,2,G,4,2,2-G-4-2,2-G-4-2,PICK,FALSE,1481
8363,Ecommerce,2,G,4,3,2-G-4-3,2-G-4-3,PICK,FALSE,1482
8364,Ecommerce,2,G,4,4,2-G-4-4,2-G-4-4,PICK,FALSE,1483
8365,Ecommerce,2,G,4,5,2-G-4-5,2-G-4-5,PICK,FALSE,1484
8315,Ecommerce,2,F,4,2,2-F-4-2,2-F-4-2,PICK,FALSE,1485
8327,Ecommerce,2,F,4,3,2-F-4-3,2-F-4-3,PICK,FALSE,1486
8339,Ecommerce,2,F,4,4,2-F-4-4,2-F-4-4,PICK,FALSE,1487
8351,Ecommerce,2,F,4,5,2-F-4-5,2-F-4-5,PICK,FALSE,1488
5090,Ecommerce,2,G,5,2,2-G-5-2,2-G-5-2,PICK,FALSE,1489
5091,Ecommerce,2,G,5,3,2-G-5-3,2-G-5-3,PICK,FALSE,1490
5092,Ecommerce,2,G,5,4,2-G-5-4,2-G-5-4,PICK,FALSE,1491
5093,Ecommerce,2,G,5,5,2-G-5-5,2-G-5-5,PICK,FALSE,1492
8316,Ecommerce,2,F,5,2,2-F-5-2,2-F-5-2,PICK,FALSE,1493
8328,Ecommerce,2,F,5,3,2-F-5-3,2-F-5-3,PICK,FALSE,1494
8340,Ecommerce,2,F,5,4,2-F-5-4,2-F-5-4,PICK,FALSE,1495
8352,Ecommerce,2,F,5,5,2-F-5-5,2-F-5-5,PICK,FALSE,1496
4308,Ecommerce,2,G,6,2,2-G-6-2,2-G-6-2,PICK,FALSE,1497
9906,Ecommerce,2,G,6,3,2-G-6-3,2-G-6-3,PICK,FALSE,1498
9905,Ecommerce,2,G,6,4,2-G-6-4,2-G-6-4,PICK,FALSE,1499
9904,Ecommerce,2,G,6,5,2-G-6-5,2-G-6-5,PICK,FALSE,1500
8317,Ecommerce,2,F,6,2,2-F-6-2,2-F-6-2,PICK,FALSE,1501
8329,Ecommerce,2,F,6,3,2-F-6-3,2-F-6-3,PICK,FALSE,1502
8341,Ecommerce,2,F,6,4,2-F-6-4,2-F-6-4,PICK,FALSE,1503
8353,Ecommerce,2,F,6,5,2-F-6-5,2-F-6-5,PICK,FALSE,1504
4311,Ecommerce,2,G,7,2,2-G-7-2,2-G-7-2,PICK,FALSE,1505
9903,Ecommerce,2,G,7,3,2-G-7-3,2-G-7-3,PICK,FALSE,1506
9902,Ecommerce,2,G,7,4,2-G-7-4,2-G-7-4,PICK,FALSE,1507
9901,Ecommerce,2,G,7,5,2-G-7-5,2-G-7-5,PICK,FALSE,1508
8318,Ecommerce,2,F,7,2,2-F-7-2,2-F-7-2,PICK,FALSE,1509
8330,Ecommerce,2,F,7,3,2-F-7-3,2-F-7-3,PICK,FALSE,1510
8342,Ecommerce,2,F,7,4,2-F-7-4,2-F-7-4,PICK,FALSE,1511
8354,Ecommerce,2,F,7,5,2-F-7-5,2-F-7-5,PICK,FALSE,1512
9900,Ecommerce,2,G,8,2,2-G-8-2,2-G-8-2,PICK,FALSE,1513
9899,Ecommerce,2,G,8,3,2-G-8-3,2-G-8-3,PICK,FALSE,1514
9898,Ecommerce,2,G,8,4,2-G-8-4,2-G-8-4,PICK,FALSE,1515
9897,Ecommerce,2,G,8,5,2-G-8-5,2-G-8-5,PICK,FALSE,1516
8319,Ecommerce,2,F,8,2,2-F-8-2,2-F-8-2,PICK,FALSE,1517
8331,Ecommerce,2,F,8,3,2-F-8-3,2-F-8-3,PICK,FALSE,1518
8343,Ecommerce,2,F,8,4,2-F-8-4,2-F-8-4,PICK,FALSE,1519
8355,Ecommerce,2,F,8,5,2-F-8-5,2-F-8-5,PICK,FALSE,1520
9896,Ecommerce,2,G,9,2,2-G-9-2,2-G-9-2,PICK,FALSE,1521
9895,Ecommerce,2,G,9,3,2-G-9-3,2-G-9-3,PICK,FALSE,1522
9894,Ecommerce,2,G,9,4,2-G-9-4,2-G-9-4,PICK,FALSE,1523
9893,Ecommerce,2,G,9,5,2-G-9-5,2-G-9-5,PICK,FALSE,1524
8320,Ecommerce,2,F,9,2,2-F-9-2,2-F-9-2,PICK,FALSE,1525
8332,Ecommerce,2,F,9,3,2-F-9-3,2-F-9-3,PICK,FALSE,1526
8344,Ecommerce,2,F,9,4,2-F-9-4,2-F-9-4,PICK,FALSE,1527
8356,Ecommerce,2,F,9,5,2-F-9-5,2-F-9-5,PICK,FALSE,1528
9892,Ecommerce,2,G,10,2,2-G-10-2,2-G-10-2,PICK,FALSE,1529
9891,Ecommerce,2,G,10,3,2-G-10-3,2-G-10-3,PICK,FALSE,1530
9890,Ecommerce,2,G,10,4,2-G-10-4,2-G-10-4,PICK,FALSE,1531
9889,Ecommerce,2,G,10,5,2-G-10-5,2-G-10-5,PICK,FALSE,1532
8321,Ecommerce,2,F,10,2,2-F-10-2,2-F-10-2,PICK,FALSE,1533
8333,Ecommerce,2,F,10,3,2-F-10-3,2-F-10-3,PICK,FALSE,1534
8345,Ecommerce,2,F,10,4,2-F-10-4,2-F-10-4,PICK,FALSE,1535
8357,Ecommerce,2,F,10,5,2-F-10-5,2-F-10-5,PICK,FALSE,1536
9888,Ecommerce,2,G,11,2,2-G-11-2,2-G-11-2,PICK,FALSE,1537
9887,Ecommerce,2,G,11,3,2-G-11-3,2-G-11-3,PICK,FALSE,1538
9886,Ecommerce,2,G,11,4,2-G-11-4,2-G-11-4,PICK,FALSE,1539
9885,Ecommerce,2,G,11,5,2-G-11-5,2-G-11-5,PICK,FALSE,1540
8322,Ecommerce,2,F,11,2,2-F-11-2,2-F-11-2,PICK,FALSE,1541
8334,Ecommerce,2,F,11,3,2-F-11-3,2-F-11-3,PICK,FALSE,1542
8346,Ecommerce,2,F,11,4,2-F-11-4,2-F-11-4,PICK,FALSE,1543
8358,Ecommerce,2,F,11,5,2-F-11-5,2-F-11-5,PICK,FALSE,1544
9884,Ecommerce,2,G,12,2,2-G-12-2,2-G-12-2,PICK,FALSE,1545
9883,Ecommerce,2,G,12,3,2-G-12-3,2-G-12-3,PICK,FALSE,1546
9882,Ecommerce,2,G,12,4,2-G-12-4,2-G-12-4,PICK,FALSE,1547
9881,Ecommerce,2,G,12,5,2-G-12-5,2-G-12-5,PICK,FALSE,1548
8323,Ecommerce,2,F,12,2,2-F-12-2,2-F-12-2,PICK,FALSE,1549
8335,Ecommerce,2,F,12,3,2-F-12-3,2-F-12-3,PICK,FALSE,1550
8347,Ecommerce,2,F,12,4,2-F-12-4,2-F-12-4,PICK,FALSE,1551
8359,Ecommerce,2,F,12,5,2-F-12-5,2-F-12-5,PICK,FALSE,1552
9880,Ecommerce,2,E,12,2,2-E-12-2,2-E-12-2,PICK,FALSE,1553
9879,Ecommerce,2,E,12,3,2-E-12-3,2-E-12-3,PICK,FALSE,1554
9878,Ecommerce,2,E,12,4,2-E-12-4,2-E-12-4,PICK,FALSE,1555
9877,Ecommerce,2,E,12,5,2-E-12-5,2-E-12-5,PICK,FALSE,1556
9876,Ecommerce,2,D,12,2,2-D-12-2,2-D-12-2,PICK,FALSE,1557
9875,Ecommerce,2,D,12,3,2-D-12-3,2-D-12-3,PICK,FALSE,1558
9874,Ecommerce,2,D,12,4,2-D-12-4,2-D-12-4,PICK,FALSE,1559
9873,Ecommerce,2,D,12,5,2-D-12-5,2-D-12-5,PICK,FALSE,1560
4576,Ecommerce,2,E,11,2,2-E-11-2,2-E-11-2,PICK,FALSE,1561
9872,Ecommerce,2,E,11,3,2-E-11-3,2-E-11-3,PICK,FALSE,1562
9871,Ecommerce,2,E,11,4,2-E-11-4,2-E-11-4,PICK,FALSE,1563
9870,Ecommerce,2,E,11,5,2-E-11-5,2-E-11-5,PICK,FALSE,1564
9869,Ecommerce,2,D,11,2,2-D-11-2,2-D-11-2,PICK,FALSE,1565
9868,Ecommerce,2,D,11,3,2-D-11-3,2-D-11-3,PICK,FALSE,1566
9867,Ecommerce,2,D,11,4,2-D-11-4,2-D-11-4,PICK,FALSE,1567
9866,Ecommerce,2,D,11,5,2-D-11-5,2-D-11-5,PICK,FALSE,1568
4573,Ecommerce,2,E,10,2,2-E-10-2,2-E-10-2,PICK,FALSE,1569
9865,Ecommerce,2,E,10,3,2-E-10-3,2-E-10-3,PICK,FALSE,1570
9864,Ecommerce,2,E,10,4,2-E-10-4,2-E-10-4,PICK,FALSE,1571
9863,Ecommerce,2,E,10,5,2-E-10-5,2-E-10-5,PICK,FALSE,1572
9862,Ecommerce,2,D,10,2,2-D-10-2,2-D-10-2,PICK,FALSE,1573
4554,Ecommerce,2,D,10,3,2-D-10-3,2-D-10-3,PICK,FALSE,1574
4555,Ecommerce,2,D,10,4,2-D-10-4,2-D-10-4,PICK,FALSE,1575
4556,Ecommerce,2,D,10,5,2-D-10-5,2-D-10-5,PICK,FALSE,1576
4593,Ecommerce,2,E,9,2,2-E-9-2,2-E-9-2,PICK,FALSE,1577
4594,Ecommerce,2,E,9,3,2-E-9-3,2-E-9-3,PICK,FALSE,1578
9861,Ecommerce,2,E,9,4,2-E-9-4,2-E-9-4,PICK,FALSE,1579
9860,Ecommerce,2,E,9,5,2-E-9-5,2-E-9-5,PICK,FALSE,1580
4568,Ecommerce,2,D,9,2,2-D-9-2,2-D-9-2,PICK,FALSE,1581
9859,Ecommerce,2,D,9,3,2-D-9-3,2-D-9-3,PICK,FALSE,1582
4569,Ecommerce,2,D,9,4,2-D-9-4,2-D-9-4,PICK,FALSE,1583
4570,Ecommerce,2,D,9,5,2-D-9-5,2-D-9-5,PICK,FALSE,1584
4590,Ecommerce,2,E,8,2,2-E-8-2,2-E-8-2,PICK,FALSE,1585
9858,Ecommerce,2,E,8,3,2-E-8-3,2-E-8-3,PICK,FALSE,1586
9857,Ecommerce,2,E,8,4,2-E-8-4,2-E-8-4,PICK,FALSE,1587
9856,Ecommerce,2,E,8,5,2-E-8-5,2-E-8-5,PICK,FALSE,1588
9855,Ecommerce,2,D,8,2,2-D-8-2,2-D-8-2,PICK,FALSE,1589
4563,Ecommerce,2,D,8,3,2-D-8-3,2-D-8-3,PICK,FALSE,1590
4564,Ecommerce,2,D,8,4,2-D-8-4,2-D-8-4,PICK,FALSE,1591
4565,Ecommerce,2,D,8,5,2-D-8-5,2-D-8-5,PICK,FALSE,1592
4587,Ecommerce,2,E,7,2,2-E-7-2,2-E-7-2,PICK,FALSE,1593
9854,Ecommerce,2,E,7,3,2-E-7-3,2-E-7-3,PICK,FALSE,1594
9853,Ecommerce,2,E,7,4,2-E-7-4,2-E-7-4,PICK,FALSE,1595
9852,Ecommerce,2,E,7,5,2-E-7-5,2-E-7-5,PICK,FALSE,1596
4560,Ecommerce,2,D,7,2,2-D-7-2,2-D-7-2,PICK,FALSE,1597
9851,Ecommerce,2,D,7,3,2-D-7-3,2-D-7-3,PICK,FALSE,1598
9850,Ecommerce,2,D,7,4,2-D-7-4,2-D-7-4,PICK,FALSE,1599
9849,Ecommerce,2,D,7,5,2-D-7-5,2-D-7-5,PICK,FALSE,1600
4584,Ecommerce,2,E,6,2,2-E-6-2,2-E-6-2,PICK,FALSE,1601
9848,Ecommerce,2,E,6,3,2-E-6-3,2-E-6-3,PICK,FALSE,1602
9847,Ecommerce,2,E,6,4,2-E-6-4,2-E-6-4,PICK,FALSE,1603
9846,Ecommerce,2,E,6,5,2-E-6-5,2-E-6-5,PICK,FALSE,1604
9845,Ecommerce,2,D,6,2,2-D-6-2,2-D-6-2,PICK,FALSE,1605
9844,Ecommerce,2,D,6,3,2-D-6-3,2-D-6-3,PICK,FALSE,1606
9843,Ecommerce,2,D,6,4,2-D-6-4,2-D-6-4,PICK,FALSE,1607
9842,Ecommerce,2,D,6,5,2-D-6-5,2-D-6-5,PICK,FALSE,1608
4581,Ecommerce,2,E,5,2,2-E-5-2,2-E-5-2,PICK,FALSE,1609
8457,Ecommerce,2,E,5,3,2-E-5-3,2-E-5-3,PICK,FALSE,1610
8458,Ecommerce,2,E,5,4,2-E-5-4,2-E-5-4,PICK,FALSE,1611
8459,Ecommerce,2,E,5,5,2-E-5-5,2-E-5-5,PICK,FALSE,1612
8100,Ecommerce,2,D,5,2,2-D-5-2,2-D-5-2,PICK,FALSE,1613
8461,Ecommerce,2,D,5,3,2-D-5-3,2-D-5-3,PICK,FALSE,1614
8462,Ecommerce,2,D,5,4,2-D-5-4,2-D-5-4,PICK,FALSE,1615
8463,Ecommerce,2,D,5,5,2-D-5-5,2-D-5-5,PICK,FALSE,1616
8453,Ecommerce,2,E,4,2,2-E-4-2,2-E-4-2,PICK,FALSE,1617
8454,Ecommerce,2,E,4,3,2-E-4-3,2-E-4-3,PICK,FALSE,1618
8455,Ecommerce,2,E,4,4,2-E-4-4,2-E-4-4,PICK,FALSE,1619
8456,Ecommerce,2,E,4,5,2-E-4-5,2-E-4-5,PICK,FALSE,1620
8098,Ecommerce,2,D,4,2,2-D-4-2,2-D-4-2,PICK,FALSE,1621
9841,Ecommerce,2,D,4,3,2-D-4-3,2-D-4-3,PICK,FALSE,1622
9840,Ecommerce,2,D,4,4,2-D-4-4,2-D-4-4,PICK,FALSE,1623
9839,Ecommerce,2,D,4,5,2-D-4-5,2-D-4-5,PICK,FALSE,1624
8447,Ecommerce,2,E,3,2,2-E-3-2,2-E-3-2,PICK,FALSE,1625
8448,Ecommerce,2,E,3,3,2-E-3-3,2-E-3-3,PICK,FALSE,1626
8449,Ecommerce,2,E,3,4,2-E-3-4,2-E-3-4,PICK,FALSE,1627
8450,Ecommerce,2,E,3,5,2-E-3-5,2-E-3-5,PICK,FALSE,1628
8095,Ecommerce,2,D,3,2,2-D-3-2,2-D-3-2,PICK,FALSE,1629
9838,Ecommerce,2,D,3,3,2-D-3-3,2-D-3-3,PICK,FALSE,1630
9837,Ecommerce,2,D,3,4,2-D-3-4,2-D-3-4,PICK,FALSE,1631
9836,Ecommerce,2,D,3,5,2-D-3-5,2-D-3-5,PICK,FALSE,1632
8441,Ecommerce,2,E,2,2,2-E-2-2,2-E-2-2,PICK,FALSE,1633
8442,Ecommerce,2,E,2,3,2-E-2-3,2-E-2-3,PICK,FALSE,1634
8443,Ecommerce,2,E,2,4,2-E-2-4,2-E-2-4,PICK,FALSE,1635
8444,Ecommerce,2,E,2,5,2-E-2-5,2-E-2-5,PICK,FALSE,1636
8092,Ecommerce,2,D,2,2,2-D-2-2,2-D-2-2,PICK,FALSE,1637
9835,Ecommerce,2,D,2,3,2-D-2-3,2-D-2-3,PICK,FALSE,1638
9833,Ecommerce,2,D,2,4,2-D-2-4,2-D-2-4,PICK,FALSE,1639
9831,Ecommerce,2,D,2,5,2-D-2-5,2-D-2-5,PICK,FALSE,1640
9830,Ecommerce,2,E,1,2,2-E-1-2,2-E-1-2,PICK,FALSE,1641
9829,Ecommerce,2,E,1,3,2-E-1-3,2-E-1-3,PICK,FALSE,1642
9828,Ecommerce,2,E,1,4,2-E-1-4,2-E-1-4,PICK,FALSE,1643
9827,Ecommerce,2,E,1,5,2-E-1-5,2-E-1-5,PICK,FALSE,1644
8089,Ecommerce,2,D,1,2,2-D-1-2,2-D-1-2,PICK,FALSE,1645
9826,Ecommerce,2,D,1,3,2-D-1-3,2-D-1-3,PICK,FALSE,1646
9825,Ecommerce,2,D,1,4,2-D-1-4,2-D-1-4,PICK,FALSE,1647
9824,Ecommerce,2,D,1,5,2-D-1-5,2-D-1-5,PICK,FALSE,1648
9823,Ecommerce,2,C,1,2,2-C-1-2,2-C-1-2,PICK,FALSE,1649
9822,Ecommerce,2,C,1,3,2-C-1-3,2-C-1-3,PICK,FALSE,1650
9821,Ecommerce,2,C,1,4,2-C-1-4,2-C-1-4,PICK,FALSE,1651
9820,Ecommerce,2,C,1,5,2-C-1-5,2-C-1-5,PICK,FALSE,1652
9819,Ecommerce,2,B,1,2,2-B-1-2,2-B-1-2,PICK,FALSE,1653
9818,Ecommerce,2,B,1,3,2-B-1-3,2-B-1-3,PICK,FALSE,1654
9817,Ecommerce,2,B,1,4,2-B-1-4,2-B-1-4,PICK,FALSE,1655
9816,Ecommerce,2,B,1,5,2-B-1-5,2-B-1-5,PICK,FALSE,1656
9815,Ecommerce,2,C,2,2,2-C-2-2,2-C-2-2,PICK,FALSE,1657
9814,Ecommerce,2,C,2,3,2-C-2-3,2-C-2-3,PICK,FALSE,1658
9813,Ecommerce,2,C,2,4,2-C-2-4,2-C-2-4,PICK,FALSE,1659
9812,Ecommerce,2,C,2,5,2-C-2-5,2-C-2-5,PICK,FALSE,1660
9811,Ecommerce,2,B,2,2,2-B-2-2,2-B-2-2,PICK,FALSE,1661
9810,Ecommerce,2,B,2,3,2-B-2-3,2-B-2-3,PICK,FALSE,1662
9809,Ecommerce,2,B,2,4,2-B-2-4,2-B-2-4,PICK,FALSE,1663
9808,Ecommerce,2,B,2,5,2-B-2-5,2-B-2-5,PICK,FALSE,1664
9807,Ecommerce,2,C,3,2,2-C-3-2,2-C-3-2,PICK,FALSE,1665
9806,Ecommerce,2,C,3,3,2-C-3-3,2-C-3-3,PICK,FALSE,1666
9805,Ecommerce,2,C,3,4,2-C-3-4,2-C-3-4,PICK,FALSE,1667
9804,Ecommerce,2,C,3,5,2-C-3-5,2-C-3-5,PICK,FALSE,1668
9803,Ecommerce,2,B,3,2,2-B-3-2,2-B-3-2,PICK,FALSE,1669
,Ecommerce,2,B,3,2,2-B-3-2-1,2-B-3-2-1,PICK,FALSE,1669
,Ecommerce,2,B,3,2,2-B-3-2-2,2-B-3-2-2,PICK,FALSE,1669
,Ecommerce,2,B,3,2,2-B-3-2-3,2-B-3-2-3,PICK,FALSE,1669
,Ecommerce,2,B,3,2,2-B-3-2-4,2-B-3-2-4,PICK,FALSE,1669
,Ecommerce,2,B,3,2,2-B-3-2-5,2-B-3-2-5,PICK,FALSE,1669
,Ecommerce,2,B,3,2,2-B-3-2-6,2-B-3-2-6,PICK,FALSE,1669
,Ecommerce,2,B,3,2,2-B-3-2-7,2-B-3-2-7,PICK,FALSE,1669
,Ecommerce,2,B,3,2,2-B-3-2-8,2-B-3-2-8,PICK,FALSE,1669
,Ecommerce,2,B,3,2,2-B-3-2-9,2-B-3-2-9,PICK,FALSE,1669
,Ecommerce,2,B,3,2,2-B-3-2-10,2-B-3-2-10,PICK,FALSE,1669
,Ecommerce,2,B,3,2,2-B-3-2-11,2-B-3-2-11,PICK,FALSE,1669
,Ecommerce,2,B,3,2,2-B-3-2-12,2-B-3-2-12,PICK,FALSE,1669
,Ecommerce,2,B,3,2,2-B-3-2-13,2-B-3-2-13,PICK,FALSE,1669
,Ecommerce,2,B,3,2,2-B-3-2-14,2-B-3-2-14,PICK,FALSE,1669
,Ecommerce,2,B,3,2,2-B-3-2-15,2-B-3-2-15,PICK,FALSE,1669
,Ecommerce,2,B,3,2,2-B-3-2-16,2-B-3-2-16,PICK,FALSE,1669
,Ecommerce,2,B,3,2,2-B-3-2-17,2-B-3-2-17,PICK,FALSE,1669
,Ecommerce,2,B,3,2,2-B-3-2-18,2-B-3-2-18,PICK,FALSE,1669
9802,Ecommerce,2,B,3,3,2-B-3-3,2-B-3-3,PICK,FALSE,1670
,Ecommerce,2,B,3,3,2-B-3-3-1,2-B-3-3-1,PICK,FALSE,1670
,Ecommerce,2,B,3,3,2-B-3-3-2,2-B-3-3-2,PICK,FALSE,1670
,Ecommerce,2,B,3,3,2-B-3-3-3,2-B-3-3-3,PICK,FALSE,1670
,Ecommerce,2,B,3,3,2-B-3-3-4,2-B-3-3-4,PICK,FALSE,1670
,Ecommerce,2,B,3,3,2-B-3-3-5,2-B-3-3-5,PICK,FALSE,1670
,Ecommerce,2,B,3,3,2-B-3-3-6,2-B-3-3-6,PICK,FALSE,1670
,Ecommerce,2,B,3,3,2-B-3-3-7,2-B-3-3-7,PICK,FALSE,1670
,Ecommerce,2,B,3,3,2-B-3-3-8,2-B-3-3-8,PICK,FALSE,1670
,Ecommerce,2,B,3,3,2-B-3-3-9,2-B-3-3-9,PICK,FALSE,1670
,Ecommerce,2,B,3,3,2-B-3-3-10,2-B-3-3-10,PICK,FALSE,1670
,Ecommerce,2,B,3,3,2-B-3-3-11,2-B-3-3-11,PICK,FALSE,1670
,Ecommerce,2,B,3,3,2-B-3-3-12,2-B-3-3-12,PICK,FALSE,1670
,Ecommerce,2,B,3,3,2-B-3-3-13,2-B-3-3-13,PICK,FALSE,1670
,Ecommerce,2,B,3,3,2-B-3-3-14,2-B-3-3-14,PICK,FALSE,1670
,Ecommerce,2,B,3,3,2-B-3-3-15,2-B-3-3-15,PICK,FALSE,1670
,Ecommerce,2,B,3,3,2-B-3-3-16,2-B-3-3-16,PICK,FALSE,1670
,Ecommerce,2,B,3,3,2-B-3-3-17,2-B-3-3-17,PICK,FALSE,1670
,Ecommerce,2,B,3,3,2-B-3-3-18,2-B-3-3-18,PICK,FALSE,1670
9801,Ecommerce,2,B,3,4,2-B-3-4,2-B-3-4,PICK,FALSE,1671
9800,Ecommerce,2,B,3,5,2-B-3-5,2-B-3-5,PICK,FALSE,1672
9799,Ecommerce,2,C,4,2,2-C-4-2,2-C-4-2,PICK,FALSE,1673
9798,Ecommerce,2,C,4,3,2-C-4-3,2-C-4-3,PICK,FALSE,1674
9797,Ecommerce,2,C,4,4,2-C-4-4,2-C-4-4,PICK,FALSE,1675
9796,Ecommerce,2,C,4,5,2-C-4-5,2-C-4-5,PICK,FALSE,1676
9795,Ecommerce,2,B,4,2,2-B-4-2,2-B-4-2,PICK,FALSE,1677
,Ecommerce,2,B,4,2,2-B-4-2-1,2-B-4-2-1,PICK,FALSE,1677
,Ecommerce,2,B,4,2,2-B-4-2-2,2-B-4-2-2,PICK,FALSE,1677
,Ecommerce,2,B,4,2,2-B-4-2-3,2-B-4-2-3,PICK,FALSE,1677
,Ecommerce,2,B,4,2,2-B-4-2-4,2-B-4-2-4,PICK,FALSE,1677
,Ecommerce,2,B,4,2,2-B-4-2-5,2-B-4-2-5,PICK,FALSE,1677
,Ecommerce,2,B,4,2,2-B-4-2-6,2-B-4-2-6,PICK,FALSE,1677
,Ecommerce,2,B,4,2,2-B-4-2-7,2-B-4-2-7,PICK,FALSE,1677
,Ecommerce,2,B,4,2,2-B-4-2-8,2-B-4-2-8,PICK,FALSE,1677
,Ecommerce,2,B,4,2,2-B-4-2-9,2-B-4-2-9,PICK,FALSE,1677
,Ecommerce,2,B,4,2,2-B-4-2-10,2-B-4-2-10,PICK,FALSE,1677
,Ecommerce,2,B,4,2,2-B-4-2-11,2-B-4-2-11,PICK,FALSE,1677
,Ecommerce,2,B,4,2,2-B-4-2-12,2-B-4-2-12,PICK,FALSE,1677
,Ecommerce,2,B,4,2,2-B-4-2-13,2-B-4-2-13,PICK,FALSE,1677
,Ecommerce,2,B,4,2,2-B-4-2-14,2-B-4-2-14,PICK,FALSE,1677
,Ecommerce,2,B,4,2,2-B-4-2-15,2-B-4-2-15,PICK,FALSE,1677
,Ecommerce,2,B,4,2,2-B-4-2-16,2-B-4-2-16,PICK,FALSE,1677
,Ecommerce,2,B,4,2,2-B-4-2-17,2-B-4-2-17,PICK,FALSE,1677
,Ecommerce,2,B,4,2,2-B-4-2-18,2-B-4-2-18,PICK,FALSE,1677
9794,Ecommerce,2,B,4,3,2-B-4-3,2-B-4-3,PICK,FALSE,1678
,Ecommerce,2,B,4,3,2-B-4-3-1,2-B-4-3-1,PICK,FALSE,1678
,Ecommerce,2,B,4,3,2-B-4-3-2,2-B-4-3-2,PICK,FALSE,1678
,Ecommerce,2,B,4,3,2-B-4-3-3,2-B-4-3-3,PICK,FALSE,1678
,Ecommerce,2,B,4,3,2-B-4-3-4,2-B-4-3-4,PICK,FALSE,1678
,Ecommerce,2,B,4,3,2-B-4-3-5,2-B-4-3-5,PICK,FALSE,1678
,Ecommerce,2,B,4,3,2-B-4-3-6,2-B-4-3-6,PICK,FALSE,1678
,Ecommerce,2,B,4,3,2-B-4-3-7,2-B-4-3-7,PICK,FALSE,1678
,Ecommerce,2,B,4,3,2-B-4-3-8,2-B-4-3-8,PICK,FALSE,1678
,Ecommerce,2,B,4,3,2-B-4-3-9,2-B-4-3-9,PICK,FALSE,1678
,Ecommerce,2,B,4,3,2-B-4-3-10,2-B-4-3-10,PICK,FALSE,1678
,Ecommerce,2,B,4,3,2-B-4-3-11,2-B-4-3-11,PICK,FALSE,1678
,Ecommerce,2,B,4,3,2-B-4-3-12,2-B-4-3-12,PICK,FALSE,1678
,Ecommerce,2,B,4,3,2-B-4-3-13,2-B-4-3-13,PICK,FALSE,1678
,Ecommerce,2,B,4,3,2-B-4-3-14,2-B-4-3-14,PICK,FALSE,1678
,Ecommerce,2,B,4,3,2-B-4-3-15,2-B-4-3-15,PICK,FALSE,1678
,Ecommerce,2,B,4,3,2-B-4-3-16,2-B-4-3-16,PICK,FALSE,1678
,Ecommerce,2,B,4,3,2-B-4-3-17,2-B-4-3-17,PICK,FALSE,1678
,Ecommerce,2,B,4,3,2-B-4-3-18,2-B-4-3-18,PICK,FALSE,1678
9793,Ecommerce,2,B,4,4,2-B-4-4,2-B-4-4,PICK,FALSE,1679
,Ecommerce,2,B,4,4,2-B-4-4-1,2-B-4-4-1,PICK,FALSE,1679
,Ecommerce,2,B,4,4,2-B-4-4-2,2-B-4-4-2,PICK,FALSE,1679
,Ecommerce,2,B,4,4,2-B-4-4-3,2-B-4-4-3,PICK,FALSE,1679
,Ecommerce,2,B,4,4,2-B-4-4-4,2-B-4-4-4,PICK,FALSE,1679
,Ecommerce,2,B,4,4,2-B-4-4-5,2-B-4-4-5,PICK,FALSE,1679
,Ecommerce,2,B,4,4,2-B-4-4-6,2-B-4-4-6,PICK,FALSE,1679
,Ecommerce,2,B,4,4,2-B-4-4-7,2-B-4-4-7,PICK,FALSE,1679
,Ecommerce,2,B,4,4,2-B-4-4-8,2-B-4-4-8,PICK,FALSE,1679
,Ecommerce,2,B,4,4,2-B-4-4-9,2-B-4-4-9,PICK,FALSE,1679
,Ecommerce,2,B,4,4,2-B-4-4-10,2-B-4-4-10,PICK,FALSE,1679
,Ecommerce,2,B,4,4,2-B-4-4-11,2-B-4-4-11,PICK,FALSE,1679
,Ecommerce,2,B,4,4,2-B-4-4-12,2-B-4-4-12,PICK,FALSE,1679
,Ecommerce,2,B,4,4,2-B-4-4-13,2-B-4-4-13,PICK,FALSE,1679
,Ecommerce,2,B,4,4,2-B-4-4-14,2-B-4-4-14,PICK,FALSE,1679
,Ecommerce,2,B,4,4,2-B-4-4-15,2-B-4-4-15,PICK,FALSE,1679
,Ecommerce,2,B,4,4,2-B-4-4-16,2-B-4-4-16,PICK,FALSE,1679
,Ecommerce,2,B,4,4,2-B-4-4-17,2-B-4-4-17,PICK,FALSE,1679
,Ecommerce,2,B,4,4,2-B-4-4-18,2-B-4-4-18,PICK,FALSE,1679
9792,Ecommerce,2,B,4,5,2-B-4-5,2-B-4-5,PICK,FALSE,1680
9791,Ecommerce,2,C,5,2,2-C-5-2,2-C-5-2,PICK,FALSE,1681
9790,Ecommerce,2,C,5,3,2-C-5-3,2-C-5-3,PICK,FALSE,1682
9789,Ecommerce,2,C,5,4,2-C-5-4,2-C-5-4,PICK,FALSE,1683
20379,Ecommerce,2,C,5,4,2-C-5-4-1,2-C-5-4-1,PICK,FALSE,1683
20380,Ecommerce,2,C,5,4,2-C-5-4-2,2-C-5-4-2,PICK,FALSE,1683
20381,Ecommerce,2,C,5,4,2-C-5-4-3,2-C-5-4-3,PICK,FALSE,1683
20382,Ecommerce,2,C,5,4,2-C-5-4-4,2-C-5-4-4,PICK,FALSE,1683
20383,Ecommerce,2,C,5,4,2-C-5-4-5,2-C-5-4-5,PICK,FALSE,1683
20384,Ecommerce,2,C,5,4,2-C-5-4-6,2-C-5-4-6,PICK,FALSE,1683
20385,Ecommerce,2,C,5,4,2-C-5-4-7,2-C-5-4-7,PICK,FALSE,1683
20386,Ecommerce,2,C,5,4,2-C-5-4-8,2-C-5-4-8,PICK,FALSE,1683
20387,Ecommerce,2,C,5,4,2-C-5-4-9,2-C-5-4-9,PICK,FALSE,1683
20388,Ecommerce,2,C,5,4,2-C-5-4-10,2-C-5-4-10,PICK,FALSE,1683
20389,Ecommerce,2,C,5,4,2-C-5-4-11,2-C-5-4-11,PICK,FALSE,1683
20390,Ecommerce,2,C,5,4,2-C-5-4-12,2-C-5-4-12,PICK,FALSE,1683
20391,Ecommerce,2,C,5,4,2-C-5-4-13,2-C-5-4-13,PICK,FALSE,1683
20392,Ecommerce,2,C,5,4,2-C-5-4-14,2-C-5-4-14,PICK,FALSE,1683
20393,Ecommerce,2,C,5,4,2-C-5-4-15,2-C-5-4-15,PICK,FALSE,1683
20394,Ecommerce,2,C,5,4,2-C-5-4-16,2-C-5-4-16,PICK,FALSE,1683
20395,Ecommerce,2,C,5,4,2-C-5-4-17,2-C-5-4-17,PICK,FALSE,1683
20396,Ecommerce,2,C,5,4,2-C-5-4-18,2-C-5-4-18,PICK,FALSE,1683
9788,Ecommerce,2,C,5,5,2-C-5-5,2-C-5-5,PICK,FALSE,1684
20343,Ecommerce,2,C,5,5,2-C-5-5-1,2-C-5-5-1,PICK,FALSE,1684
20344,Ecommerce,2,C,5,5,2-C-5-5-2,2-C-5-5-2,PICK,FALSE,1684
20345,Ecommerce,2,C,5,5,2-C-5-5-3,2-C-5-5-3,PICK,FALSE,1684
20346,Ecommerce,2,C,5,5,2-C-5-5-4,2-C-5-5-4,PICK,FALSE,1684
20347,Ecommerce,2,C,5,5,2-C-5-5-5,2-C-5-5-5,PICK,FALSE,1684
20348,Ecommerce,2,C,5,5,2-C-5-5-6,2-C-5-5-6,PICK,FALSE,1684
20349,Ecommerce,2,C,5,5,2-C-5-5-7,2-C-5-5-7,PICK,FALSE,1684
20350,Ecommerce,2,C,5,5,2-C-5-5-8,2-C-5-5-8,PICK,FALSE,1684
20351,Ecommerce,2,C,5,5,2-C-5-5-9,2-C-5-5-9,PICK,FALSE,1684
20352,Ecommerce,2,C,5,5,2-C-5-5-10,2-C-5-5-10,PICK,FALSE,1684
20353,Ecommerce,2,C,5,5,2-C-5-5-11,2-C-5-5-11,PICK,FALSE,1684
20354,Ecommerce,2,C,5,5,2-C-5-5-12,2-C-5-5-12,PICK,FALSE,1684
20355,Ecommerce,2,C,5,5,2-C-5-5-13,2-C-5-5-13,PICK,FALSE,1684
20356,Ecommerce,2,C,5,5,2-C-5-5-14,2-C-5-5-14,PICK,FALSE,1684
20357,Ecommerce,2,C,5,5,2-C-5-5-15,2-C-5-5-15,PICK,FALSE,1684
20358,Ecommerce,2,C,5,5,2-C-5-5-16,2-C-5-5-16,PICK,FALSE,1684
20359,Ecommerce,2,C,5,5,2-C-5-5-17,2-C-5-5-17,PICK,FALSE,1684
20360,Ecommerce,2,C,5,5,2-C-5-5-18,2-C-5-5-18,PICK,FALSE,1684
9787,Ecommerce,2,B,5,2,2-B-5-2,2-B-5-2,PICK,FALSE,1685
,Ecommerce,2,B,5,2,2-B-5-2-1,2-B-5-2-1,PICK,FALSE,1685
,Ecommerce,2,B,5,2,2-B-5-2-2,2-B-5-2-2,PICK,FALSE,1685
,Ecommerce,2,B,5,2,2-B-5-2-3,2-B-5-2-3,PICK,FALSE,1685
,Ecommerce,2,B,5,2,2-B-5-2-4,2-B-5-2-4,PICK,FALSE,1685
,Ecommerce,2,B,5,2,2-B-5-2-5,2-B-5-2-5,PICK,FALSE,1685
,Ecommerce,2,B,5,2,2-B-5-2-6,2-B-5-2-6,PICK,FALSE,1685
,Ecommerce,2,B,5,2,2-B-5-2-7,2-B-5-2-7,PICK,FALSE,1685
,Ecommerce,2,B,5,2,2-B-5-2-8,2-B-5-2-8,PICK,FALSE,1685
,Ecommerce,2,B,5,2,2-B-5-2-9,2-B-5-2-9,PICK,FALSE,1685
,Ecommerce,2,B,5,2,2-B-5-2-10,2-B-5-2-10,PICK,FALSE,1685
,Ecommerce,2,B,5,2,2-B-5-2-11,2-B-5-2-11,PICK,FALSE,1685
,Ecommerce,2,B,5,2,2-B-5-2-12,2-B-5-2-12,PICK,FALSE,1685
,Ecommerce,2,B,5,2,2-B-5-2-13,2-B-5-2-13,PICK,FALSE,1685
,Ecommerce,2,B,5,2,2-B-5-2-14,2-B-5-2-14,PICK,FALSE,1685
,Ecommerce,2,B,5,2,2-B-5-2-15,2-B-5-2-15,PICK,FALSE,1685
,Ecommerce,2,B,5,2,2-B-5-2-16,2-B-5-2-16,PICK,FALSE,1685
,Ecommerce,2,B,5,2,2-B-5-2-17,2-B-5-2-17,PICK,FALSE,1685
,Ecommerce,2,B,5,2,2-B-5-2-18,2-B-5-2-18,PICK,FALSE,1685
9786,Ecommerce,2,B,5,3,2-B-5-3,2-B-5-3,PICK,FALSE,1686
,Ecommerce,2,B,5,3,2-B-5-3-1,2-B-5-3-1,PICK,FALSE,1686
,Ecommerce,2,B,5,3,2-B-5-3-2,2-B-5-3-2,PICK,FALSE,1686
,Ecommerce,2,B,5,3,2-B-5-3-3,2-B-5-3-3,PICK,FALSE,1686
,Ecommerce,2,B,5,3,2-B-5-3-4,2-B-5-3-4,PICK,FALSE,1686
,Ecommerce,2,B,5,3,2-B-5-3-5,2-B-5-3-5,PICK,FALSE,1686
,Ecommerce,2,B,5,3,2-B-5-3-6,2-B-5-3-6,PICK,FALSE,1686
,Ecommerce,2,B,5,3,2-B-5-3-7,2-B-5-3-7,PICK,FALSE,1686
,Ecommerce,2,B,5,3,2-B-5-3-8,2-B-5-3-8,PICK,FALSE,1686
,Ecommerce,2,B,5,3,2-B-5-3-9,2-B-5-3-9,PICK,FALSE,1686
,Ecommerce,2,B,5,3,2-B-5-3-10,2-B-5-3-10,PICK,FALSE,1686
,Ecommerce,2,B,5,3,2-B-5-3-11,2-B-5-3-11,PICK,FALSE,1686
,Ecommerce,2,B,5,3,2-B-5-3-12,2-B-5-3-12,PICK,FALSE,1686
,Ecommerce,2,B,5,3,2-B-5-3-13,2-B-5-3-13,PICK,FALSE,1686
,Ecommerce,2,B,5,3,2-B-5-3-14,2-B-5-3-14,PICK,FALSE,1686
,Ecommerce,2,B,5,3,2-B-5-3-15,2-B-5-3-15,PICK,FALSE,1686
,Ecommerce,2,B,5,3,2-B-5-3-16,2-B-5-3-16,PICK,FALSE,1686
,Ecommerce,2,B,5,3,2-B-5-3-17,2-B-5-3-17,PICK,FALSE,1686
,Ecommerce,2,B,5,3,2-B-5-3-18,2-B-5-3-18,PICK,FALSE,1686
9785,Ecommerce,2,B,5,4,2-B-5-4,2-B-5-4,PICK,FALSE,1687
,Ecommerce,2,B,5,4,2-B-5-4-1,2-B-5-4-1,PICK,FALSE,1687
,Ecommerce,2,B,5,4,2-B-5-4-2,2-B-5-4-2,PICK,FALSE,1687
,Ecommerce,2,B,5,4,2-B-5-4-3,2-B-5-4-3,PICK,FALSE,1687
,Ecommerce,2,B,5,4,2-B-5-4-4,2-B-5-4-4,PICK,FALSE,1687
,Ecommerce,2,B,5,4,2-B-5-4-5,2-B-5-4-5,PICK,FALSE,1687
,Ecommerce,2,B,5,4,2-B-5-4-6,2-B-5-4-6,PICK,FALSE,1687
,Ecommerce,2,B,5,4,2-B-5-4-7,2-B-5-4-7,PICK,FALSE,1687
,Ecommerce,2,B,5,4,2-B-5-4-8,2-B-5-4-8,PICK,FALSE,1687
,Ecommerce,2,B,5,4,2-B-5-4-9,2-B-5-4-9,PICK,FALSE,1687
,Ecommerce,2,B,5,4,2-B-5-4-10,2-B-5-4-10,PICK,FALSE,1687
,Ecommerce,2,B,5,4,2-B-5-4-11,2-B-5-4-11,PICK,FALSE,1687
,Ecommerce,2,B,5,4,2-B-5-4-12,2-B-5-4-12,PICK,FALSE,1687
,Ecommerce,2,B,5,4,2-B-5-4-13,2-B-5-4-13,PICK,FALSE,1687
,Ecommerce,2,B,5,4,2-B-5-4-14,2-B-5-4-14,PICK,FALSE,1687
,Ecommerce,2,B,5,4,2-B-5-4-15,2-B-5-4-15,PICK,FALSE,1687
,Ecommerce,2,B,5,4,2-B-5-4-16,2-B-5-4-16,PICK,FALSE,1687
,Ecommerce,2,B,5,4,2-B-5-4-17,2-B-5-4-17,PICK,FALSE,1687
,Ecommerce,2,B,5,4,2-B-5-4-18,2-B-5-4-18,PICK,FALSE,1687
9784,Ecommerce,2,B,5,5,2-B-5-5,2-B-5-5,PICK,FALSE,1688
,Ecommerce,2,B,5,5,2-B-5-5-1,2-B-5-5-1,PICK,FALSE,1688
,Ecommerce,2,B,5,5,2-B-5-5-2,2-B-5-5-2,PICK,FALSE,1688
,Ecommerce,2,B,5,5,2-B-5-5-3,2-B-5-5-3,PICK,FALSE,1688
,Ecommerce,2,B,5,5,2-B-5-5-4,2-B-5-5-4,PICK,FALSE,1688
,Ecommerce,2,B,5,5,2-B-5-5-5,2-B-5-5-5,PICK,FALSE,1688
,Ecommerce,2,B,5,5,2-B-5-5-6,2-B-5-5-6,PICK,FALSE,1688
,Ecommerce,2,B,5,5,2-B-5-5-7,2-B-5-5-7,PICK,FALSE,1688
,Ecommerce,2,B,5,5,2-B-5-5-8,2-B-5-5-8,PICK,FALSE,1688
,Ecommerce,2,B,5,5,2-B-5-5-9,2-B-5-5-9,PICK,FALSE,1688
,Ecommerce,2,B,5,5,2-B-5-5-10,2-B-5-5-10,PICK,FALSE,1688
,Ecommerce,2,B,5,5,2-B-5-5-11,2-B-5-5-11,PICK,FALSE,1688
,Ecommerce,2,B,5,5,2-B-5-5-12,2-B-5-5-12,PICK,FALSE,1688
,Ecommerce,2,B,5,5,2-B-5-5-13,2-B-5-5-13,PICK,FALSE,1688
,Ecommerce,2,B,5,5,2-B-5-5-14,2-B-5-5-14,PICK,FALSE,1688
,Ecommerce,2,B,5,5,2-B-5-5-15,2-B-5-5-15,PICK,FALSE,1688
,Ecommerce,2,B,5,5,2-B-5-5-16,2-B-5-5-16,PICK,FALSE,1688
,Ecommerce,2,B,5,5,2-B-5-5-17,2-B-5-5-17,PICK,FALSE,1688
,Ecommerce,2,B,5,5,2-B-5-5-18,2-B-5-5-18,PICK,FALSE,1688
9783,Ecommerce,2,C,6,2,2-C-6-2,2-C-6-2,PICK,FALSE,1689
9782,Ecommerce,2,C,6,3,2-C-6-3,2-C-6-3,PICK,FALSE,1690
9781,Ecommerce,2,C,6,4,2-C-6-4,2-C-6-4,PICK,FALSE,1691
20397,Ecommerce,2,C,6,4,2-C-6-4-1,2-C-6-4-1,PICK,FALSE,1691
20398,Ecommerce,2,C,6,4,2-C-6-4-2,2-C-6-4-2,PICK,FALSE,1691
20399,Ecommerce,2,C,6,4,2-C-6-4-3,2-C-6-4-3,PICK,FALSE,1691
20400,Ecommerce,2,C,6,4,2-C-6-4-4,2-C-6-4-4,PICK,FALSE,1691
20401,Ecommerce,2,C,6,4,2-C-6-4-5,2-C-6-4-5,PICK,FALSE,1691
20402,Ecommerce,2,C,6,4,2-C-6-4-6,2-C-6-4-6,PICK,FALSE,1691
20403,Ecommerce,2,C,6,4,2-C-6-4-7,2-C-6-4-7,PICK,FALSE,1691
20404,Ecommerce,2,C,6,4,2-C-6-4-8,2-C-6-4-8,PICK,FALSE,1691
20405,Ecommerce,2,C,6,4,2-C-6-4-9,2-C-6-4-9,PICK,FALSE,1691
20406,Ecommerce,2,C,6,4,2-C-6-4-10,2-C-6-4-10,PICK,FALSE,1691
20407,Ecommerce,2,C,6,4,2-C-6-4-11,2-C-6-4-11,PICK,FALSE,1691
20408,Ecommerce,2,C,6,4,2-C-6-4-12,2-C-6-4-12,PICK,FALSE,1691
20409,Ecommerce,2,C,6,4,2-C-6-4-13,2-C-6-4-13,PICK,FALSE,1691
20410,Ecommerce,2,C,6,4,2-C-6-4-14,2-C-6-4-14,PICK,FALSE,1691
20411,Ecommerce,2,C,6,4,2-C-6-4-15,2-C-6-4-15,PICK,FALSE,1691
20412,Ecommerce,2,C,6,4,2-C-6-4-16,2-C-6-4-16,PICK,FALSE,1691
20413,Ecommerce,2,C,6,4,2-C-6-4-17,2-C-6-4-17,PICK,FALSE,1691
20414,Ecommerce,2,C,6,4,2-C-6-4-18,2-C-6-4-18,PICK,FALSE,1691
9780,Ecommerce,2,C,6,5,2-C-6-5,2-C-6-5,PICK,FALSE,1692
20361,Ecommerce,2,C,6,5,2-C-6-5-1,2-C-6-5-1,PICK,FALSE,1692
20362,Ecommerce,2,C,6,5,2-C-6-5-2,2-C-6-5-2,PICK,FALSE,1692
20363,Ecommerce,2,C,6,5,2-C-6-5-3,2-C-6-5-3,PICK,FALSE,1692
20364,Ecommerce,2,C,6,5,2-C-6-5-4,2-C-6-5-4,PICK,FALSE,1692
20365,Ecommerce,2,C,6,5,2-C-6-5-5,2-C-6-5-5,PICK,FALSE,1692
20366,Ecommerce,2,C,6,5,2-C-6-5-6,2-C-6-5-6,PICK,FALSE,1692
20367,Ecommerce,2,C,6,5,2-C-6-5-7,2-C-6-5-7,PICK,FALSE,1692
20368,Ecommerce,2,C,6,5,2-C-6-5-8,2-C-6-5-8,PICK,FALSE,1692
20369,Ecommerce,2,C,6,5,2-C-6-5-9,2-C-6-5-9,PICK,FALSE,1692
20370,Ecommerce,2,C,6,5,2-C-6-5-10,2-C-6-5-10,PICK,FALSE,1692
20371,Ecommerce,2,C,6,5,2-C-6-5-11,2-C-6-5-11,PICK,FALSE,1692
20372,Ecommerce,2,C,6,5,2-C-6-5-12,2-C-6-5-12,PICK,FALSE,1692
20373,Ecommerce,2,C,6,5,2-C-6-5-13,2-C-6-5-13,PICK,FALSE,1692
20374,Ecommerce,2,C,6,5,2-C-6-5-14,2-C-6-5-14,PICK,FALSE,1692
20375,Ecommerce,2,C,6,5,2-C-6-5-15,2-C-6-5-15,PICK,FALSE,1692
20376,Ecommerce,2,C,6,5,2-C-6-5-16,2-C-6-5-16,PICK,FALSE,1692
20377,Ecommerce,2,C,6,5,2-C-6-5-17,2-C-6-5-17,PICK,FALSE,1692
20378,Ecommerce,2,C,6,5,2-C-6-5-18,2-C-6-5-18,PICK,FALSE,1692
9779,Ecommerce,2,B,6,2,2-B-6-2,2-B-6-2,PICK,FALSE,1693
,Ecommerce,2,B,6,2,2-B-6-2-1,2-B-6-2-1,PICK,FALSE,1693
,Ecommerce,2,B,6,2,2-B-6-2-2,2-B-6-2-2,PICK,FALSE,1693
,Ecommerce,2,B,6,2,2-B-6-2-3,2-B-6-2-3,PICK,FALSE,1693
,Ecommerce,2,B,6,2,2-B-6-2-4,2-B-6-2-4,PICK,FALSE,1693
,Ecommerce,2,B,6,2,2-B-6-2-5,2-B-6-2-5,PICK,FALSE,1693
,Ecommerce,2,B,6,2,2-B-6-2-6,2-B-6-2-6,PICK,FALSE,1693
,Ecommerce,2,B,6,2,2-B-6-2-7,2-B-6-2-7,PICK,FALSE,1693
,Ecommerce,2,B,6,2,2-B-6-2-8,2-B-6-2-8,PICK,FALSE,1693
,Ecommerce,2,B,6,2,2-B-6-2-9,2-B-6-2-9,PICK,FALSE,1693
,Ecommerce,2,B,6,2,2-B-6-2-10,2-B-6-2-10,PICK,FALSE,1693
,Ecommerce,2,B,6,2,2-B-6-2-11,2-B-6-2-11,PICK,FALSE,1693
,Ecommerce,2,B,6,2,2-B-6-2-12,2-B-6-2-12,PICK,FALSE,1693
,Ecommerce,2,B,6,2,2-B-6-2-13,2-B-6-2-13,PICK,FALSE,1693
,Ecommerce,2,B,6,2,2-B-6-2-14,2-B-6-2-14,PICK,FALSE,1693
,Ecommerce,2,B,6,2,2-B-6-2-15,2-B-6-2-15,PICK,FALSE,1693
,Ecommerce,2,B,6,2,2-B-6-2-16,2-B-6-2-16,PICK,FALSE,1693
,Ecommerce,2,B,6,2,2-B-6-2-17,2-B-6-2-17,PICK,FALSE,1693
,Ecommerce,2,B,6,2,2-B-6-2-18,2-B-6-2-18,PICK,FALSE,1693
9778,Ecommerce,2,B,6,3,2-B-6-3,2-B-6-3,PICK,FALSE,1694
,Ecommerce,2,B,6,3,2-B-6-3-1,2-B-6-3-1,PICK,FALSE,1694
,Ecommerce,2,B,6,3,2-B-6-3-2,2-B-6-3-2,PICK,FALSE,1694
,Ecommerce,2,B,6,3,2-B-6-3-3,2-B-6-3-3,PICK,FALSE,1694
,Ecommerce,2,B,6,3,2-B-6-3-4,2-B-6-3-4,PICK,FALSE,1694
,Ecommerce,2,B,6,3,2-B-6-3-5,2-B-6-3-5,PICK,FALSE,1694
,Ecommerce,2,B,6,3,2-B-6-3-6,2-B-6-3-6,PICK,FALSE,1694
,Ecommerce,2,B,6,3,2-B-6-3-7,2-B-6-3-7,PICK,FALSE,1694
,Ecommerce,2,B,6,3,2-B-6-3-8,2-B-6-3-8,PICK,FALSE,1694
,Ecommerce,2,B,6,3,2-B-6-3-9,2-B-6-3-9,PICK,FALSE,1694
,Ecommerce,2,B,6,3,2-B-6-3-10,2-B-6-3-10,PICK,FALSE,1694
,Ecommerce,2,B,6,3,2-B-6-3-11,2-B-6-3-11,PICK,FALSE,1694
,Ecommerce,2,B,6,3,2-B-6-3-12,2-B-6-3-12,PICK,FALSE,1694
,Ecommerce,2,B,6,3,2-B-6-3-13,2-B-6-3-13,PICK,FALSE,1694
,Ecommerce,2,B,6,3,2-B-6-3-14,2-B-6-3-14,PICK,FALSE,1694
,Ecommerce,2,B,6,3,2-B-6-3-15,2-B-6-3-15,PICK,FALSE,1694
,Ecommerce,2,B,6,3,2-B-6-3-16,2-B-6-3-16,PICK,FALSE,1694
,Ecommerce,2,B,6,3,2-B-6-3-17,2-B-6-3-17,PICK,FALSE,1694
,Ecommerce,2,B,6,3,2-B-6-3-18,2-B-6-3-18,PICK,FALSE,1694
9777,Ecommerce,2,B,6,4,2-B-6-4,2-B-6-4,PICK,FALSE,1695
,Ecommerce,2,B,6,4,2-B-6-4-1,2-B-6-4-1,PICK,FALSE,1695
,Ecommerce,2,B,6,4,2-B-6-4-2,2-B-6-4-2,PICK,FALSE,1695
,Ecommerce,2,B,6,4,2-B-6-4-3,2-B-6-4-3,PICK,FALSE,1695
,Ecommerce,2,B,6,4,2-B-6-4-4,2-B-6-4-4,PICK,FALSE,1695
,Ecommerce,2,B,6,4,2-B-6-4-5,2-B-6-4-5,PICK,FALSE,1695
,Ecommerce,2,B,6,4,2-B-6-4-6,2-B-6-4-6,PICK,FALSE,1695
,Ecommerce,2,B,6,4,2-B-6-4-7,2-B-6-4-7,PICK,FALSE,1695
,Ecommerce,2,B,6,4,2-B-6-4-8,2-B-6-4-8,PICK,FALSE,1695
,Ecommerce,2,B,6,4,2-B-6-4-9,2-B-6-4-9,PICK,FALSE,1695
,Ecommerce,2,B,6,4,2-B-6-4-10,2-B-6-4-10,PICK,FALSE,1695
,Ecommerce,2,B,6,4,2-B-6-4-11,2-B-6-4-11,PICK,FALSE,1695
,Ecommerce,2,B,6,4,2-B-6-4-12,2-B-6-4-12,PICK,FALSE,1695
,Ecommerce,2,B,6,4,2-B-6-4-13,2-B-6-4-13,PICK,FALSE,1695
,Ecommerce,2,B,6,4,2-B-6-4-14,2-B-6-4-14,PICK,FALSE,1695
,Ecommerce,2,B,6,4,2-B-6-4-15,2-B-6-4-15,PICK,FALSE,1695
,Ecommerce,2,B,6,4,2-B-6-4-16,2-B-6-4-16,PICK,FALSE,1695
,Ecommerce,2,B,6,4,2-B-6-4-17,2-B-6-4-17,PICK,FALSE,1695
,Ecommerce,2,B,6,4,2-B-6-4-18,2-B-6-4-18,PICK,FALSE,1695
9776,Ecommerce,2,B,6,5,2-B-6-5,2-B-6-5,PICK,FALSE,1696
9775,Ecommerce,2,C,7,2,2-C-7-2,2-C-7-2,PICK,FALSE,1697
9774,Ecommerce,2,C,7,3,2-C-7-3,2-C-7-3,PICK,FALSE,1698
9773,Ecommerce,2,C,7,4,2-C-7-4,2-C-7-4,PICK,FALSE,1699
9772,Ecommerce,2,C,7,5,2-C-7-5,2-C-7-5,PICK,FALSE,1700
9771,Ecommerce,2,B,7,2,2-B-7-2,2-B-7-2,PICK,FALSE,1701
17675,Ecommerce,2,B,7,2,2-B-7-2-1,2-B-7-2-1,PICK,FALSE,1701
17676,Ecommerce,2,B,7,2,2-B-7-2-2,2-B-7-2-2,PICK,FALSE,1701
17677,Ecommerce,2,B,7,2,2-B-7-2-3,2-B-7-2-3,PICK,FALSE,1701
17678,Ecommerce,2,B,7,2,2-B-7-2-4,2-B-7-2-4,PICK,FALSE,1701
17679,Ecommerce,2,B,7,2,2-B-7-2-5,2-B-7-2-5,PICK,FALSE,1701
17680,Ecommerce,2,B,7,2,2-B-7-2-6,2-B-7-2-6,PICK,FALSE,1701
17681,Ecommerce,2,B,7,2,2-B-7-2-7,2-B-7-2-7,PICK,FALSE,1701
17682,Ecommerce,2,B,7,2,2-B-7-2-8,2-B-7-2-8,PICK,FALSE,1701
17683,Ecommerce,2,B,7,2,2-B-7-2-9,2-B-7-2-9,PICK,FALSE,1701
17684,Ecommerce,2,B,7,2,2-B-7-2-10,2-B-7-2-10,PICK,FALSE,1701
17685,Ecommerce,2,B,7,2,2-B-7-2-11,2-B-7-2-11,PICK,FALSE,1701
17686,Ecommerce,2,B,7,2,2-B-7-2-12,2-B-7-2-12,PICK,FALSE,1701
17687,Ecommerce,2,B,7,2,2-B-7-2-13,2-B-7-2-13,PICK,FALSE,1701
17688,Ecommerce,2,B,7,2,2-B-7-2-14,2-B-7-2-14,PICK,FALSE,1701
17689,Ecommerce,2,B,7,2,2-B-7-2-15,2-B-7-2-15,PICK,FALSE,1701
17690,Ecommerce,2,B,7,2,2-B-7-2-16,2-B-7-2-16,PICK,FALSE,1701
17691,Ecommerce,2,B,7,2,2-B-7-2-17,2-B-7-2-17,PICK,FALSE,1701
17692,Ecommerce,2,B,7,2,2-B-7-2-18,2-B-7-2-18,PICK,FALSE,1701
17693,Ecommerce,2,B,7,3,2-B-7-3-1,2-B-7-3-1,PICK,FALSE,1702
17694,Ecommerce,2,B,7,3,2-B-7-3-2,2-B-7-3-2,PICK,FALSE,1702
17695,Ecommerce,2,B,7,3,2-B-7-3-3,2-B-7-3-3,PICK,FALSE,1702
17696,Ecommerce,2,B,7,3,2-B-7-3-4,2-B-7-3-4,PICK,FALSE,1702
17697,Ecommerce,2,B,7,3,2-B-7-3-5,2-B-7-3-5,PICK,FALSE,1702
17698,Ecommerce,2,B,7,3,2-B-7-3-6,2-B-7-3-6,PICK,FALSE,1702
17699,Ecommerce,2,B,7,3,2-B-7-3-7,2-B-7-3-7,PICK,FALSE,1702
17700,Ecommerce,2,B,7,3,2-B-7-3-8,2-B-7-3-8,PICK,FALSE,1702
17701,Ecommerce,2,B,7,3,2-B-7-3-9,2-B-7-3-9,PICK,FALSE,1702
17702,Ecommerce,2,B,7,3,2-B-7-3-10,2-B-7-3-10,PICK,FALSE,1702
17703,Ecommerce,2,B,7,3,2-B-7-3-11,2-B-7-3-11,PICK,FALSE,1702
17704,Ecommerce,2,B,7,3,2-B-7-3-12,2-B-7-3-12,PICK,FALSE,1702
17705,Ecommerce,2,B,7,3,2-B-7-3-13,2-B-7-3-13,PICK,FALSE,1702
17706,Ecommerce,2,B,7,3,2-B-7-3-14,2-B-7-3-14,PICK,FALSE,1702
17707,Ecommerce,2,B,7,3,2-B-7-3-15,2-B-7-3-15,PICK,FALSE,1702
17708,Ecommerce,2,B,7,3,2-B-7-3-16,2-B-7-3-16,PICK,FALSE,1702
17709,Ecommerce,2,B,7,3,2-B-7-3-17,2-B-7-3-17,PICK,FALSE,1702
17710,Ecommerce,2,B,7,3,2-B-7-3-18,2-B-7-3-18,PICK,FALSE,1702
9770,Ecommerce,2,B,7,3,2-B-7-3,2-B-7-3,PICK,FALSE,1702
9769,Ecommerce,2,B,7,4,2-B-7-4,2-B-7-4,PICK,FALSE,1703
17711,Ecommerce,2,B,7,4,2-B-7-4-1,2-B-7-4-1,PICK,FALSE,1703
17712,Ecommerce,2,B,7,4,2-B-7-4-2,2-B-7-4-2,PICK,FALSE,1703
17713,Ecommerce,2,B,7,4,2-B-7-4-3,2-B-7-4-3,PICK,FALSE,1703
17714,Ecommerce,2,B,7,4,2-B-7-4-4,2-B-7-4-4,PICK,FALSE,1703
17715,Ecommerce,2,B,7,4,2-B-7-4-5,2-B-7-4-5,PICK,FALSE,1703
17716,Ecommerce,2,B,7,4,2-B-7-4-6,2-B-7-4-6,PICK,FALSE,1703
17717,Ecommerce,2,B,7,4,2-B-7-4-7,2-B-7-4-7,PICK,FALSE,1703
17718,Ecommerce,2,B,7,4,2-B-7-4-8,2-B-7-4-8,PICK,FALSE,1703
17719,Ecommerce,2,B,7,4,2-B-7-4-9,2-B-7-4-9,PICK,FALSE,1703
17720,Ecommerce,2,B,7,4,2-B-7-4-10,2-B-7-4-10,PICK,FALSE,1703
17721,Ecommerce,2,B,7,4,2-B-7-4-11,2-B-7-4-11,PICK,FALSE,1703
17722,Ecommerce,2,B,7,4,2-B-7-4-12,2-B-7-4-12,PICK,FALSE,1703
17723,Ecommerce,2,B,7,4,2-B-7-4-13,2-B-7-4-13,PICK,FALSE,1703
17724,Ecommerce,2,B,7,4,2-B-7-4-14,2-B-7-4-14,PICK,FALSE,1703
17725,Ecommerce,2,B,7,4,2-B-7-4-15,2-B-7-4-15,PICK,FALSE,1703
17726,Ecommerce,2,B,7,4,2-B-7-4-16,2-B-7-4-16,PICK,FALSE,1703
17727,Ecommerce,2,B,7,4,2-B-7-4-17,2-B-7-4-17,PICK,FALSE,1703
17728,Ecommerce,2,B,7,4,2-B-7-4-18,2-B-7-4-18,PICK,FALSE,1703
9768,Ecommerce,2,B,7,5,2-B-7-5,2-B-7-5,PICK,FALSE,1704
9767,Ecommerce,2,C,8,2,2-C-8-2,2-C-8-2,PICK,FALSE,1705
9766,Ecommerce,2,C,8,3,2-C-8-3,2-C-8-3,PICK,FALSE,1706
9765,Ecommerce,2,C,8,4,2-C-8-4,2-C-8-4,PICK,FALSE,1707
9764,Ecommerce,2,C,8,5,2-C-8-5,2-C-8-5,PICK,FALSE,1708
9763,Ecommerce,2,B,8,2,2-B-8-2,2-B-8-2,PICK,FALSE,1709
,Ecommerce,2,B,8,2,2-B-8-2-1,2-B-8-2-1,PICK,FALSE,1709
,Ecommerce,2,B,8,2,2-B-8-2-2,2-B-8-2-2,PICK,FALSE,1709
,Ecommerce,2,B,8,2,2-B-8-2-3,2-B-8-2-3,PICK,FALSE,1709
,Ecommerce,2,B,8,2,2-B-8-2-4,2-B-8-2-4,PICK,FALSE,1709
,Ecommerce,2,B,8,2,2-B-8-2-5,2-B-8-2-5,PICK,FALSE,1709
,Ecommerce,2,B,8,2,2-B-8-2-6,2-B-8-2-6,PICK,FALSE,1709
,Ecommerce,2,B,8,2,2-B-8-2-7,2-B-8-2-7,PICK,FALSE,1709
,Ecommerce,2,B,8,2,2-B-8-2-8,2-B-8-2-8,PICK,FALSE,1709
,Ecommerce,2,B,8,2,2-B-8-2-9,2-B-8-2-9,PICK,FALSE,1709
,Ecommerce,2,B,8,2,2-B-8-2-10,2-B-8-2-10,PICK,FALSE,1709
,Ecommerce,2,B,8,2,2-B-8-2-11,2-B-8-2-11,PICK,FALSE,1709
,Ecommerce,2,B,8,2,2-B-8-2-12,2-B-8-2-12,PICK,FALSE,1709
,Ecommerce,2,B,8,2,2-B-8-2-13,2-B-8-2-13,PICK,FALSE,1709
,Ecommerce,2,B,8,2,2-B-8-2-14,2-B-8-2-14,PICK,FALSE,1709
,Ecommerce,2,B,8,2,2-B-8-2-15,2-B-8-2-15,PICK,FALSE,1709
,Ecommerce,2,B,8,2,2-B-8-2-16,2-B-8-2-16,PICK,FALSE,1709
,Ecommerce,2,B,8,2,2-B-8-2-17,2-B-8-2-17,PICK,FALSE,1709
,Ecommerce,2,B,8,2,2-B-8-2-18,2-B-8-2-18,PICK,FALSE,1709
9762,Ecommerce,2,B,8,3,2-B-8-3,2-B-8-3,PICK,FALSE,1710
,Ecommerce,2,B,8,3,2-B-8-3-1,2-B-8-3-1,PICK,FALSE,1710
,Ecommerce,2,B,8,3,2-B-8-3-2,2-B-8-3-2,PICK,FALSE,1710
,Ecommerce,2,B,8,3,2-B-8-3-3,2-B-8-3-3,PICK,FALSE,1710
,Ecommerce,2,B,8,3,2-B-8-3-4,2-B-8-3-4,PICK,FALSE,1710
,Ecommerce,2,B,8,3,2-B-8-3-5,2-B-8-3-5,PICK,FALSE,1710
,Ecommerce,2,B,8,3,2-B-8-3-6,2-B-8-3-6,PICK,FALSE,1710
,Ecommerce,2,B,8,3,2-B-8-3-7,2-B-8-3-7,PICK,FALSE,1710
,Ecommerce,2,B,8,3,2-B-8-3-8,2-B-8-3-8,PICK,FALSE,1710
,Ecommerce,2,B,8,3,2-B-8-3-9,2-B-8-3-9,PICK,FALSE,1710
,Ecommerce,2,B,8,3,2-B-8-3-10,2-B-8-3-10,PICK,FALSE,1710
,Ecommerce,2,B,8,3,2-B-8-3-11,2-B-8-3-11,PICK,FALSE,1710
,Ecommerce,2,B,8,3,2-B-8-3-12,2-B-8-3-12,PICK,FALSE,1710
,Ecommerce,2,B,8,3,2-B-8-3-13,2-B-8-3-13,PICK,FALSE,1710
,Ecommerce,2,B,8,3,2-B-8-3-14,2-B-8-3-14,PICK,FALSE,1710
,Ecommerce,2,B,8,3,2-B-8-3-15,2-B-8-3-15,PICK,FALSE,1710
,Ecommerce,2,B,8,3,2-B-8-3-16,2-B-8-3-16,PICK,FALSE,1710
,Ecommerce,2,B,8,3,2-B-8-3-17,2-B-8-3-17,PICK,FALSE,1710
,Ecommerce,2,B,8,3,2-B-8-3-18,2-B-8-3-18,PICK,FALSE,1710
9761,Ecommerce,2,B,8,4,2-B-8-4,2-B-8-4,PICK,FALSE,1711
,Ecommerce,2,B,8,4,2-B-8-4-1,2-B-8-4-1,PICK,FALSE,1711
,Ecommerce,2,B,8,4,2-B-8-4-2,2-B-8-4-2,PICK,FALSE,1711
,Ecommerce,2,B,8,4,2-B-8-4-3,2-B-8-4-3,PICK,FALSE,1711
,Ecommerce,2,B,8,4,2-B-8-4-4,2-B-8-4-4,PICK,FALSE,1711
,Ecommerce,2,B,8,4,2-B-8-4-5,2-B-8-4-5,PICK,FALSE,1711
,Ecommerce,2,B,8,4,2-B-8-4-6,2-B-8-4-6,PICK,FALSE,1711
,Ecommerce,2,B,8,4,2-B-8-4-7,2-B-8-4-7,PICK,FALSE,1711
,Ecommerce,2,B,8,4,2-B-8-4-8,2-B-8-4-8,PICK,FALSE,1711
,Ecommerce,2,B,8,4,2-B-8-4-9,2-B-8-4-9,PICK,FALSE,1711
,Ecommerce,2,B,8,4,2-B-8-4-10,2-B-8-4-10,PICK,FALSE,1711
,Ecommerce,2,B,8,4,2-B-8-4-11,2-B-8-4-11,PICK,FALSE,1711
,Ecommerce,2,B,8,4,2-B-8-4-12,2-B-8-4-12,PICK,FALSE,1711
,Ecommerce,2,B,8,4,2-B-8-4-13,2-B-8-4-13,PICK,FALSE,1711
,Ecommerce,2,B,8,4,2-B-8-4-14,2-B-8-4-14,PICK,FALSE,1711
,Ecommerce,2,B,8,4,2-B-8-4-15,2-B-8-4-15,PICK,FALSE,1711
,Ecommerce,2,B,8,4,2-B-8-4-16,2-B-8-4-16,PICK,FALSE,1711
,Ecommerce,2,B,8,4,2-B-8-4-17,2-B-8-4-17,PICK,FALSE,1711
,Ecommerce,2,B,8,4,2-B-8-4-18,2-B-8-4-18,PICK,FALSE,1711
9760,Ecommerce,2,B,8,5,2-B-8-5,2-B-8-5,PICK,FALSE,1712
9759,Ecommerce,2,C,9,2,2-C-9-2,2-C-9-2,PICK,FALSE,1713
9758,Ecommerce,2,C,9,3,2-C-9-3,2-C-9-3,PICK,FALSE,1714
9757,Ecommerce,2,C,9,4,2-C-9-4,2-C-9-4,PICK,FALSE,1715
9756,Ecommerce,2,C,9,5,2-C-9-5,2-C-9-5,PICK,FALSE,1716
9755,Ecommerce,2,B,9,2,2-B-9-2,2-B-9-2,PICK,FALSE,1717
17729,Ecommerce,2,B,9,2,2-B-9-2-1,2-B-9-2-1,PICK,FALSE,1717
17730,Ecommerce,2,B,9,2,2-B-9-2-2,2-B-9-2-2,PICK,FALSE,1717
17731,Ecommerce,2,B,9,2,2-B-9-2-3,2-B-9-2-3,PICK,FALSE,1717
17732,Ecommerce,2,B,9,2,2-B-9-2-4,2-B-9-2-4,PICK,FALSE,1717
17733,Ecommerce,2,B,9,2,2-B-9-2-5,2-B-9-2-5,PICK,FALSE,1717
17734,Ecommerce,2,B,9,2,2-B-9-2-6,2-B-9-2-6,PICK,FALSE,1717
17735,Ecommerce,2,B,9,2,2-B-9-2-7,2-B-9-2-7,PICK,FALSE,1717
17736,Ecommerce,2,B,9,2,2-B-9-2-8,2-B-9-2-8,PICK,FALSE,1717
17737,Ecommerce,2,B,9,2,2-B-9-2-9,2-B-9-2-9,PICK,FALSE,1717
17738,Ecommerce,2,B,9,2,2-B-9-2-10,2-B-9-2-10,PICK,FALSE,1717
17739,Ecommerce,2,B,9,2,2-B-9-2-11,2-B-9-2-11,PICK,FALSE,1717
17740,Ecommerce,2,B,9,2,2-B-9-2-12,2-B-9-2-12,PICK,FALSE,1717
17741,Ecommerce,2,B,9,2,2-B-9-2-13,2-B-9-2-13,PICK,FALSE,1717
17742,Ecommerce,2,B,9,2,2-B-9-2-14,2-B-9-2-14,PICK,FALSE,1717
17743,Ecommerce,2,B,9,2,2-B-9-2-15,2-B-9-2-15,PICK,FALSE,1717
17744,Ecommerce,2,B,9,2,2-B-9-2-16,2-B-9-2-16,PICK,FALSE,1717
17745,Ecommerce,2,B,9,2,2-B-9-2-17,2-B-9-2-17,PICK,FALSE,1717
17746,Ecommerce,2,B,9,2,2-B-9-2-18,2-B-9-2-18,PICK,FALSE,1717
17747,Ecommerce,2,B,9,3,2-B-9-3-1,2-B-9-3-1,PICK,FALSE,1718
17748,Ecommerce,2,B,9,3,2-B-9-3-2,2-B-9-3-2,PICK,FALSE,1718
17749,Ecommerce,2,B,9,3,2-B-9-3-3,2-B-9-3-3,PICK,FALSE,1718
17750,Ecommerce,2,B,9,3,2-B-9-3-4,2-B-9-3-4,PICK,FALSE,1718
17751,Ecommerce,2,B,9,3,2-B-9-3-5,2-B-9-3-5,PICK,FALSE,1718
17752,Ecommerce,2,B,9,3,2-B-9-3-6,2-B-9-3-6,PICK,FALSE,1718
17753,Ecommerce,2,B,9,3,2-B-9-3-7,2-B-9-3-7,PICK,FALSE,1718
17754,Ecommerce,2,B,9,3,2-B-9-3-8,2-B-9-3-8,PICK,FALSE,1718
17755,Ecommerce,2,B,9,3,2-B-9-3-9,2-B-9-3-9,PICK,FALSE,1718
17756,Ecommerce,2,B,9,3,2-B-9-3-10,2-B-9-3-10,PICK,FALSE,1718
17757,Ecommerce,2,B,9,3,2-B-9-3-11,2-B-9-3-11,PICK,FALSE,1718
17758,Ecommerce,2,B,9,3,2-B-9-3-12,2-B-9-3-12,PICK,FALSE,1718
17759,Ecommerce,2,B,9,3,2-B-9-3-13,2-B-9-3-13,PICK,FALSE,1718
17760,Ecommerce,2,B,9,3,2-B-9-3-14,2-B-9-3-14,PICK,FALSE,1718
17761,Ecommerce,2,B,9,3,2-B-9-3-15,2-B-9-3-15,PICK,FALSE,1718
17762,Ecommerce,2,B,9,3,2-B-9-3-16,2-B-9-3-16,PICK,FALSE,1718
17763,Ecommerce,2,B,9,3,2-B-9-3-17,2-B-9-3-17,PICK,FALSE,1718
17764,Ecommerce,2,B,9,3,2-B-9-3-18,2-B-9-3-18,PICK,FALSE,1718
9754,Ecommerce,2,B,9,3,2-B-9-3,2-B-9-3,PICK,FALSE,1718
9753,Ecommerce,2,B,9,4,2-B-9-4,2-B-9-4,PICK,FALSE,1719
17765,Ecommerce,2,B,9,4,2-B-9-4-1,2-B-9-4-1,PICK,FALSE,1719
17766,Ecommerce,2,B,9,4,2-B-9-4-2,2-B-9-4-2,PICK,FALSE,1719
17767,Ecommerce,2,B,9,4,2-B-9-4-3,2-B-9-4-3,PICK,FALSE,1719
17768,Ecommerce,2,B,9,4,2-B-9-4-4,2-B-9-4-4,PICK,FALSE,1719
17769,Ecommerce,2,B,9,4,2-B-9-4-5,2-B-9-4-5,PICK,FALSE,1719
17770,Ecommerce,2,B,9,4,2-B-9-4-6,2-B-9-4-6,PICK,FALSE,1719
17771,Ecommerce,2,B,9,4,2-B-9-4-7,2-B-9-4-7,PICK,FALSE,1719
17772,Ecommerce,2,B,9,4,2-B-9-4-8,2-B-9-4-8,PICK,FALSE,1719
17773,Ecommerce,2,B,9,4,2-B-9-4-9,2-B-9-4-9,PICK,FALSE,1719
17774,Ecommerce,2,B,9,4,2-B-9-4-10,2-B-9-4-10,PICK,FALSE,1719
17775,Ecommerce,2,B,9,4,2-B-9-4-11,2-B-9-4-11,PICK,FALSE,1719
17776,Ecommerce,2,B,9,4,2-B-9-4-12,2-B-9-4-12,PICK,FALSE,1719
17777,Ecommerce,2,B,9,4,2-B-9-4-13,2-B-9-4-13,PICK,FALSE,1719
17778,Ecommerce,2,B,9,4,2-B-9-4-14,2-B-9-4-14,PICK,FALSE,1719
17779,Ecommerce,2,B,9,4,2-B-9-4-15,2-B-9-4-15,PICK,FALSE,1719
17780,Ecommerce,2,B,9,4,2-B-9-4-16,2-B-9-4-16,PICK,FALSE,1719
17781,Ecommerce,2,B,9,4,2-B-9-4-17,2-B-9-4-17,PICK,FALSE,1719
17782,Ecommerce,2,B,9,4,2-B-9-4-18,2-B-9-4-18,PICK,FALSE,1719
9752,Ecommerce,2,B,9,5,2-B-9-5,2-B-9-5,PICK,FALSE,1720
9751,Ecommerce,2,C,10,2,2-C-10-2,2-C-10-2,PICK,FALSE,1721
9750,Ecommerce,2,C,10,3,2-C-10-3,2-C-10-3,PICK,FALSE,1722
9749,Ecommerce,2,C,10,4,2-C-10-4,2-C-10-4,PICK,FALSE,1723
9748,Ecommerce,2,C,10,5,2-C-10-5,2-C-10-5,PICK,FALSE,1724
17783,Ecommerce,2,B,10,2,2-B-10-2-1,2-B-10-2-1,PICK,FALSE,1725
17784,Ecommerce,2,B,10,2,2-B-10-2-2,2-B-10-2-2,PICK,FALSE,1725
17785,Ecommerce,2,B,10,2,2-B-10-2-3,2-B-10-2-3,PICK,FALSE,1725
17786,Ecommerce,2,B,10,2,2-B-10-2-4,2-B-10-2-4,PICK,FALSE,1725
17787,Ecommerce,2,B,10,2,2-B-10-2-5,2-B-10-2-5,PICK,FALSE,1725
17788,Ecommerce,2,B,10,2,2-B-10-2-6,2-B-10-2-6,PICK,FALSE,1725
17789,Ecommerce,2,B,10,2,2-B-10-2-7,2-B-10-2-7,PICK,FALSE,1725
17790,Ecommerce,2,B,10,2,2-B-10-2-8,2-B-10-2-8,PICK,FALSE,1725
17791,Ecommerce,2,B,10,2,2-B-10-2-9,2-B-10-2-9,PICK,FALSE,1725
17792,Ecommerce,2,B,10,2,2-B-10-2-10,2-B-10-2-10,PICK,FALSE,1725
17793,Ecommerce,2,B,10,2,2-B-10-2-11,2-B-10-2-11,PICK,FALSE,1725
17794,Ecommerce,2,B,10,2,2-B-10-2-12,2-B-10-2-12,PICK,FALSE,1725
17795,Ecommerce,2,B,10,2,2-B-10-2-13,2-B-10-2-13,PICK,FALSE,1725
17796,Ecommerce,2,B,10,2,2-B-10-2-14,2-B-10-2-14,PICK,FALSE,1725
17797,Ecommerce,2,B,10,2,2-B-10-2-15,2-B-10-2-15,PICK,FALSE,1725
17798,Ecommerce,2,B,10,2,2-B-10-2-16,2-B-10-2-16,PICK,FALSE,1725
17799,Ecommerce,2,B,10,2,2-B-10-2-17,2-B-10-2-17,PICK,FALSE,1725
17800,Ecommerce,2,B,10,2,2-B-10-2-18,2-B-10-2-18,PICK,FALSE,1725
9747,Ecommerce,2,B,10,2,2-B-10-2,2-B-10-2,PICK,FALSE,1725
9746,Ecommerce,2,B,10,3,2-B-10-3,2-B-10-3,PICK,FALSE,1726
17801,Ecommerce,2,B,10,3,2-B-10-3-1,2-B-10-3-1,PICK,FALSE,1726
17802,Ecommerce,2,B,10,3,2-B-10-3-2,2-B-10-3-2,PICK,FALSE,1726
17803,Ecommerce,2,B,10,3,2-B-10-3-3,2-B-10-3-3,PICK,FALSE,1726
17804,Ecommerce,2,B,10,3,2-B-10-3-4,2-B-10-3-4,PICK,FALSE,1726
17805,Ecommerce,2,B,10,3,2-B-10-3-5,2-B-10-3-5,PICK,FALSE,1726
17806,Ecommerce,2,B,10,3,2-B-10-3-6,2-B-10-3-6,PICK,FALSE,1726
17807,Ecommerce,2,B,10,3,2-B-10-3-7,2-B-10-3-7,PICK,FALSE,1726
17808,Ecommerce,2,B,10,3,2-B-10-3-8,2-B-10-3-8,PICK,FALSE,1726
17809,Ecommerce,2,B,10,3,2-B-10-3-9,2-B-10-3-9,PICK,FALSE,1726
17810,Ecommerce,2,B,10,3,2-B-10-3-10,2-B-10-3-10,PICK,FALSE,1726
17811,Ecommerce,2,B,10,3,2-B-10-3-11,2-B-10-3-11,PICK,FALSE,1726
17812,Ecommerce,2,B,10,3,2-B-10-3-12,2-B-10-3-12,PICK,FALSE,1726
17813,Ecommerce,2,B,10,3,2-B-10-3-13,2-B-10-3-13,PICK,FALSE,1726
17814,Ecommerce,2,B,10,3,2-B-10-3-14,2-B-10-3-14,PICK,FALSE,1726
17815,Ecommerce,2,B,10,3,2-B-10-3-15,2-B-10-3-15,PICK,FALSE,1726
17816,Ecommerce,2,B,10,3,2-B-10-3-16,2-B-10-3-16,PICK,FALSE,1726
17817,Ecommerce,2,B,10,3,2-B-10-3-17,2-B-10-3-17,PICK,FALSE,1726
17818,Ecommerce,2,B,10,3,2-B-10-3-18,2-B-10-3-18,PICK,FALSE,1726
9745,Ecommerce,2,B,10,4,2-B-10-4,2-B-10-4,PICK,FALSE,1727
9744,Ecommerce,2,B,10,5,2-B-10-5,2-B-10-5,PICK,FALSE,1728
9743,Ecommerce,2,C,11,2,2-C-11-2,2-C-11-2,PICK,FALSE,1729
9742,Ecommerce,2,C,11,3,2-C-11-3,2-C-11-3,PICK,FALSE,1730
9741,Ecommerce,2,C,11,4,2-C-11-4,2-C-11-4,PICK,FALSE,1731
9740,Ecommerce,2,C,11,5,2-C-11-5,2-C-11-5,PICK,FALSE,1732
17819,Ecommerce,2,B,11,2,2-B-11-2-1,2-B-11-2-1,PICK,FALSE,1733
17820,Ecommerce,2,B,11,2,2-B-11-2-2,2-B-11-2-2,PICK,FALSE,1733
17821,Ecommerce,2,B,11,2,2-B-11-2-3,2-B-11-2-3,PICK,FALSE,1733
17822,Ecommerce,2,B,11,2,2-B-11-2-4,2-B-11-2-4,PICK,FALSE,1733
17823,Ecommerce,2,B,11,2,2-B-11-2-5,2-B-11-2-5,PICK,FALSE,1733
17824,Ecommerce,2,B,11,2,2-B-11-2-6,2-B-11-2-6,PICK,FALSE,1733
17825,Ecommerce,2,B,11,2,2-B-11-2-7,2-B-11-2-7,PICK,FALSE,1733
17826,Ecommerce,2,B,11,2,2-B-11-2-8,2-B-11-2-8,PICK,FALSE,1733
17827,Ecommerce,2,B,11,2,2-B-11-2-9,2-B-11-2-9,PICK,FALSE,1733
17828,Ecommerce,2,B,11,2,2-B-11-2-10,2-B-11-2-10,PICK,FALSE,1733
17829,Ecommerce,2,B,11,2,2-B-11-2-11,2-B-11-2-11,PICK,FALSE,1733
17830,Ecommerce,2,B,11,2,2-B-11-2-12,2-B-11-2-12,PICK,FALSE,1733
17831,Ecommerce,2,B,11,2,2-B-11-2-13,2-B-11-2-13,PICK,FALSE,1733
17832,Ecommerce,2,B,11,2,2-B-11-2-14,2-B-11-2-14,PICK,FALSE,1733
17833,Ecommerce,2,B,11,2,2-B-11-2-15,2-B-11-2-15,PICK,FALSE,1733
17834,Ecommerce,2,B,11,2,2-B-11-2-16,2-B-11-2-16,PICK,FALSE,1733
17835,Ecommerce,2,B,11,2,2-B-11-2-17,2-B-11-2-17,PICK,FALSE,1733
17836,Ecommerce,2,B,11,2,2-B-11-2-18,2-B-11-2-18,PICK,FALSE,1733
9739,Ecommerce,2,B,11,2,2-B-11-2,2-B-11-2,PICK,FALSE,1733
9738,Ecommerce,2,B,11,3,2-B-11-3,2-B-11-3,PICK,FALSE,1734
17837,Ecommerce,2,B,11,3,2-B-11-3-1,2-B-11-3-1,PICK,FALSE,1734
17838,Ecommerce,2,B,11,3,2-B-11-3-2,2-B-11-3-2,PICK,FALSE,1734
17839,Ecommerce,2,B,11,3,2-B-11-3-3,2-B-11-3-3,PICK,FALSE,1734
17840,Ecommerce,2,B,11,3,2-B-11-3-4,2-B-11-3-4,PICK,FALSE,1734
17841,Ecommerce,2,B,11,3,2-B-11-3-5,2-B-11-3-5,PICK,FALSE,1734
17842,Ecommerce,2,B,11,3,2-B-11-3-6,2-B-11-3-6,PICK,FALSE,1734
17843,Ecommerce,2,B,11,3,2-B-11-3-7,2-B-11-3-7,PICK,FALSE,1734
17844,Ecommerce,2,B,11,3,2-B-11-3-8,2-B-11-3-8,PICK,FALSE,1734
17845,Ecommerce,2,B,11,3,2-B-11-3-9,2-B-11-3-9,PICK,FALSE,1734
17846,Ecommerce,2,B,11,3,2-B-11-3-10,2-B-11-3-10,PICK,FALSE,1734
17847,Ecommerce,2,B,11,3,2-B-11-3-11,2-B-11-3-11,PICK,FALSE,1734
17848,Ecommerce,2,B,11,3,2-B-11-3-12,2-B-11-3-12,PICK,FALSE,1734
17849,Ecommerce,2,B,11,3,2-B-11-3-13,2-B-11-3-13,PICK,FALSE,1734
17850,Ecommerce,2,B,11,3,2-B-11-3-14,2-B-11-3-14,PICK,FALSE,1734
17851,Ecommerce,2,B,11,3,2-B-11-3-15,2-B-11-3-15,PICK,FALSE,1734
17852,Ecommerce,2,B,11,3,2-B-11-3-16,2-B-11-3-16,PICK,FALSE,1734
17853,Ecommerce,2,B,11,3,2-B-11-3-17,2-B-11-3-17,PICK,FALSE,1734
17854,Ecommerce,2,B,11,3,2-B-11-3-18,2-B-11-3-18,PICK,FALSE,1734
9737,Ecommerce,2,B,11,4,2-B-11-4,2-B-11-4,PICK,FALSE,1735
9736,Ecommerce,2,B,11,5,2-B-11-5,2-B-11-5,PICK,FALSE,1736
9735,Ecommerce,2,C,12,2,2-C-12-2,2-C-12-2,PICK,FALSE,1737
9734,Ecommerce,2,C,12,3,2-C-12-3,2-C-12-3,PICK,FALSE,1738
9733,Ecommerce,2,C,12,4,2-C-12-4,2-C-12-4,PICK,FALSE,1739
9732,Ecommerce,2,C,12,5,2-C-12-5,2-C-12-5,PICK,FALSE,1740
9731,Ecommerce,2,B,12,2,2-B-12-2,2-B-12-2,PICK,FALSE,1741
,Ecommerce,2,B,12,2,2-B-12-2-1,2-B-12-2-1,PICK,FALSE,1741
,Ecommerce,2,B,12,2,2-B-12-2-2,2-B-12-2-2,PICK,FALSE,1741
,Ecommerce,2,B,12,2,2-B-12-2-3,2-B-12-2-3,PICK,FALSE,1741
,Ecommerce,2,B,12,2,2-B-12-2-4,2-B-12-2-4,PICK,FALSE,1741
,Ecommerce,2,B,12,2,2-B-12-2-5,2-B-12-2-5,PICK,FALSE,1741
,Ecommerce,2,B,12,2,2-B-12-2-6,2-B-12-2-6,PICK,FALSE,1741
,Ecommerce,2,B,12,2,2-B-12-2-7,2-B-12-2-7,PICK,FALSE,1741
,Ecommerce,2,B,12,2,2-B-12-2-8,2-B-12-2-8,PICK,FALSE,1741
,Ecommerce,2,B,12,2,2-B-12-2-9,2-B-12-2-9,PICK,FALSE,1741
,Ecommerce,2,B,12,2,2-B-12-2-10,2-B-12-2-10,PICK,FALSE,1741
,Ecommerce,2,B,12,2,2-B-12-2-11,2-B-12-2-11,PICK,FALSE,1741
,Ecommerce,2,B,12,2,2-B-12-2-12,2-B-12-2-12,PICK,FALSE,1741
,Ecommerce,2,B,12,2,2-B-12-2-13,2-B-12-2-13,PICK,FALSE,1741
,Ecommerce,2,B,12,2,2-B-12-2-14,2-B-12-2-14,PICK,FALSE,1741
,Ecommerce,2,B,12,2,2-B-12-2-15,2-B-12-2-15,PICK,FALSE,1741
,Ecommerce,2,B,12,2,2-B-12-2-16,2-B-12-2-16,PICK,FALSE,1741
,Ecommerce,2,B,12,2,2-B-12-2-17,2-B-12-2-17,PICK,FALSE,1741
,Ecommerce,2,B,12,2,2-B-12-2-18,2-B-12-2-18,PICK,FALSE,1741
9730,Ecommerce,2,B,12,3,2-B-12-3,2-B-12-3,PICK,FALSE,1742
,Ecommerce,2,B,12,3,2-B-12-3-1,2-B-12-3-1,PICK,FALSE,1742
,Ecommerce,2,B,12,3,2-B-12-3-2,2-B-12-3-2,PICK,FALSE,1742
,Ecommerce,2,B,12,3,2-B-12-3-3,2-B-12-3-3,PICK,FALSE,1742
,Ecommerce,2,B,12,3,2-B-12-3-4,2-B-12-3-4,PICK,FALSE,1742
,Ecommerce,2,B,12,3,2-B-12-3-5,2-B-12-3-5,PICK,FALSE,1742
,Ecommerce,2,B,12,3,2-B-12-3-6,2-B-12-3-6,PICK,FALSE,1742
,Ecommerce,2,B,12,3,2-B-12-3-7,2-B-12-3-7,PICK,FALSE,1742
,Ecommerce,2,B,12,3,2-B-12-3-8,2-B-12-3-8,PICK,FALSE,1742
,Ecommerce,2,B,12,3,2-B-12-3-9,2-B-12-3-9,PICK,FALSE,1742
,Ecommerce,2,B,12,3,2-B-12-3-10,2-B-12-3-10,PICK,FALSE,1742
,Ecommerce,2,B,12,3,2-B-12-3-11,2-B-12-3-11,PICK,FALSE,1742
,Ecommerce,2,B,12,3,2-B-12-3-12,2-B-12-3-12,PICK,FALSE,1742
,Ecommerce,2,B,12,3,2-B-12-3-13,2-B-12-3-13,PICK,FALSE,1742
,Ecommerce,2,B,12,3,2-B-12-3-14,2-B-12-3-14,PICK,FALSE,1742
,Ecommerce,2,B,12,3,2-B-12-3-15,2-B-12-3-15,PICK,FALSE,1742
,Ecommerce,2,B,12,3,2-B-12-3-16,2-B-12-3-16,PICK,FALSE,1742
,Ecommerce,2,B,12,3,2-B-12-3-17,2-B-12-3-17,PICK,FALSE,1742
,Ecommerce,2,B,12,3,2-B-12-3-18,2-B-12-3-18,PICK,FALSE,1742
9729,Ecommerce,2,B,12,4,2-B-12-4,2-B-12-4,PICK,FALSE,1743
,Ecommerce,2,B,12,4,2-B-12-4-1,2-B-12-4-1,PICK,FALSE,1743
,Ecommerce,2,B,12,4,2-B-12-4-2,2-B-12-4-2,PICK,FALSE,1743
,Ecommerce,2,B,12,4,2-B-12-4-3,2-B-12-4-3,PICK,FALSE,1743
,Ecommerce,2,B,12,4,2-B-12-4-4,2-B-12-4-4,PICK,FALSE,1743
,Ecommerce,2,B,12,4,2-B-12-4-5,2-B-12-4-5,PICK,FALSE,1743
,Ecommerce,2,B,12,4,2-B-12-4-6,2-B-12-4-6,PICK,FALSE,1743
,Ecommerce,2,B,12,4,2-B-12-4-7,2-B-12-4-7,PICK,FALSE,1743
,Ecommerce,2,B,12,4,2-B-12-4-8,2-B-12-4-8,PICK,FALSE,1743
,Ecommerce,2,B,12,4,2-B-12-4-9,2-B-12-4-9,PICK,FALSE,1743
,Ecommerce,2,B,12,4,2-B-12-4-10,2-B-12-4-10,PICK,FALSE,1743
,Ecommerce,2,B,12,4,2-B-12-4-11,2-B-12-4-11,PICK,FALSE,1743
,Ecommerce,2,B,12,4,2-B-12-4-12,2-B-12-4-12,PICK,FALSE,1743
,Ecommerce,2,B,12,4,2-B-12-4-13,2-B-12-4-13,PICK,FALSE,1743
,Ecommerce,2,B,12,4,2-B-12-4-14,2-B-12-4-14,PICK,FALSE,1743
,Ecommerce,2,B,12,4,2-B-12-4-15,2-B-12-4-15,PICK,FALSE,1743
,Ecommerce,2,B,12,4,2-B-12-4-16,2-B-12-4-16,PICK,FALSE,1743
,Ecommerce,2,B,12,4,2-B-12-4-17,2-B-12-4-17,PICK,FALSE,1743
,Ecommerce,2,B,12,4,2-B-12-4-18,2-B-12-4-18,PICK,FALSE,1743
9728,Ecommerce,2,B,12,5,2-B-12-5,2-B-12-5,PICK,FALSE,1744
,Ecommerce,2,B,12,5,2-B-12-5-1,2-B-12-5-1,PICK,FALSE,1744
,Ecommerce,2,B,12,5,2-B-12-5-2,2-B-12-5-2,PICK,FALSE,1744
,Ecommerce,2,B,12,5,2-B-12-5-3,2-B-12-5-3,PICK,FALSE,1744
,Ecommerce,2,B,12,5,2-B-12-5-4,2-B-12-5-4,PICK,FALSE,1744
,Ecommerce,2,B,12,5,2-B-12-5-5,2-B-12-5-5,PICK,FALSE,1744
,Ecommerce,2,B,12,5,2-B-12-5-6,2-B-12-5-6,PICK,FALSE,1744
,Ecommerce,2,B,12,5,2-B-12-5-7,2-B-12-5-7,PICK,FALSE,1744
,Ecommerce,2,B,12,5,2-B-12-5-8,2-B-12-5-8,PICK,FALSE,1744
,Ecommerce,2,B,12,5,2-B-12-5-9,2-B-12-5-9,PICK,FALSE,1744
,Ecommerce,2,B,12,5,2-B-12-5-10,2-B-12-5-10,PICK,FALSE,1744
,Ecommerce,2,B,12,5,2-B-12-5-11,2-B-12-5-11,PICK,FALSE,1744
,Ecommerce,2,B,12,5,2-B-12-5-12,2-B-12-5-12,PICK,FALSE,1744
,Ecommerce,2,B,12,5,2-B-12-5-13,2-B-12-5-13,PICK,FALSE,1744
,Ecommerce,2,B,12,5,2-B-12-5-14,2-B-12-5-14,PICK,FALSE,1744
,Ecommerce,2,B,12,5,2-B-12-5-15,2-B-12-5-15,PICK,FALSE,1744
,Ecommerce,2,B,12,5,2-B-12-5-16,2-B-12-5-16,PICK,FALSE,1744
,Ecommerce,2,B,12,5,2-B-12-5-17,2-B-12-5-17,PICK,FALSE,1744
,Ecommerce,2,B,12,5,2-B-12-5-18,2-B-12-5-18,PICK,FALSE,1744
9727,Ecommerce,2,A,12,2,2-A-12-2,2-A-12-2,PICK,FALSE,1745
,Ecommerce,2,A,12,2,2-A-12-2-1,2-A-12-2-1,PICK,FALSE,1745
,Ecommerce,2,A,12,2,2-A-12-2-2,2-A-12-2-2,PICK,FALSE,1745
,Ecommerce,2,A,12,2,2-A-12-2-3,2-A-12-2-3,PICK,FALSE,1745
,Ecommerce,2,A,12,2,2-A-12-2-4,2-A-12-2-4,PICK,FALSE,1745
,Ecommerce,2,A,12,2,2-A-12-2-5,2-A-12-2-5,PICK,FALSE,1745
,Ecommerce,2,A,12,2,2-A-12-2-6,2-A-12-2-6,PICK,FALSE,1745
,Ecommerce,2,A,12,2,2-A-12-2-7,2-A-12-2-7,PICK,FALSE,1745
,Ecommerce,2,A,12,2,2-A-12-2-8,2-A-12-2-8,PICK,FALSE,1745
,Ecommerce,2,A,12,2,2-A-12-2-9,2-A-12-2-9,PICK,FALSE,1745
,Ecommerce,2,A,12,2,2-A-12-2-10,2-A-12-2-10,PICK,FALSE,1745
,Ecommerce,2,A,12,2,2-A-12-2-11,2-A-12-2-11,PICK,FALSE,1745
,Ecommerce,2,A,12,2,2-A-12-2-12,2-A-12-2-12,PICK,FALSE,1745
,Ecommerce,2,A,12,2,2-A-12-2-13,2-A-12-2-13,PICK,FALSE,1745
,Ecommerce,2,A,12,2,2-A-12-2-14,2-A-12-2-14,PICK,FALSE,1745
,Ecommerce,2,A,12,2,2-A-12-2-15,2-A-12-2-15,PICK,FALSE,1745
,Ecommerce,2,A,12,2,2-A-12-2-16,2-A-12-2-16,PICK,FALSE,1745
,Ecommerce,2,A,12,2,2-A-12-2-17,2-A-12-2-17,PICK,FALSE,1745
,Ecommerce,2,A,12,2,2-A-12-2-18,2-A-12-2-18,PICK,FALSE,1745
9726,Ecommerce,2,A,12,3,2-A-12-3,2-A-12-3,PICK,FALSE,1746
,Ecommerce,2,A,12,3,2-A-12-3-1,2-A-12-3-1,PICK,FALSE,1746
,Ecommerce,2,A,12,3,2-A-12-3-2,2-A-12-3-2,PICK,FALSE,1746
,Ecommerce,2,A,12,3,2-A-12-3-3,2-A-12-3-3,PICK,FALSE,1746
,Ecommerce,2,A,12,3,2-A-12-3-4,2-A-12-3-4,PICK,FALSE,1746
,Ecommerce,2,A,12,3,2-A-12-3-5,2-A-12-3-5,PICK,FALSE,1746
,Ecommerce,2,A,12,3,2-A-12-3-6,2-A-12-3-6,PICK,FALSE,1746
,Ecommerce,2,A,12,3,2-A-12-3-7,2-A-12-3-7,PICK,FALSE,1746
,Ecommerce,2,A,12,3,2-A-12-3-8,2-A-12-3-8,PICK,FALSE,1746
,Ecommerce,2,A,12,3,2-A-12-3-9,2-A-12-3-9,PICK,FALSE,1746
,Ecommerce,2,A,12,3,2-A-12-3-10,2-A-12-3-10,PICK,FALSE,1746
,Ecommerce,2,A,12,3,2-A-12-3-11,2-A-12-3-11,PICK,FALSE,1746
,Ecommerce,2,A,12,3,2-A-12-3-12,2-A-12-3-12,PICK,FALSE,1746
,Ecommerce,2,A,12,3,2-A-12-3-13,2-A-12-3-13,PICK,FALSE,1746
,Ecommerce,2,A,12,3,2-A-12-3-14,2-A-12-3-14,PICK,FALSE,1746
,Ecommerce,2,A,12,3,2-A-12-3-15,2-A-12-3-15,PICK,FALSE,1746
,Ecommerce,2,A,12,3,2-A-12-3-16,2-A-12-3-16,PICK,FALSE,1746
,Ecommerce,2,A,12,3,2-A-12-3-17,2-A-12-3-17,PICK,FALSE,1746
,Ecommerce,2,A,12,3,2-A-12-3-18,2-A-12-3-18,PICK,FALSE,1746
9725,Ecommerce,2,A,12,4,2-A-12-4,2-A-12-4,PICK,FALSE,1747
,Ecommerce,2,A,12,4,2-A-12-4-1,2-A-12-4-1,PICK,FALSE,1747
,Ecommerce,2,A,12,4,2-A-12-4-2,2-A-12-4-2,PICK,FALSE,1747
,Ecommerce,2,A,12,4,2-A-12-4-3,2-A-12-4-3,PICK,FALSE,1747
,Ecommerce,2,A,12,4,2-A-12-4-4,2-A-12-4-4,PICK,FALSE,1747
,Ecommerce,2,A,12,4,2-A-12-4-5,2-A-12-4-5,PICK,FALSE,1747
,Ecommerce,2,A,12,4,2-A-12-4-6,2-A-12-4-6,PICK,FALSE,1747
,Ecommerce,2,A,12,4,2-A-12-4-7,2-A-12-4-7,PICK,FALSE,1747
,Ecommerce,2,A,12,4,2-A-12-4-8,2-A-12-4-8,PICK,FALSE,1747
,Ecommerce,2,A,12,4,2-A-12-4-9,2-A-12-4-9,PICK,FALSE,1747
,Ecommerce,2,A,12,4,2-A-12-4-10,2-A-12-4-10,PICK,FALSE,1747
,Ecommerce,2,A,12,4,2-A-12-4-11,2-A-12-4-11,PICK,FALSE,1747
,Ecommerce,2,A,12,4,2-A-12-4-12,2-A-12-4-12,PICK,FALSE,1747
,Ecommerce,2,A,12,4,2-A-12-4-13,2-A-12-4-13,PICK,FALSE,1747
,Ecommerce,2,A,12,4,2-A-12-4-14,2-A-12-4-14,PICK,FALSE,1747
,Ecommerce,2,A,12,4,2-A-12-4-15,2-A-12-4-15,PICK,FALSE,1747
,Ecommerce,2,A,12,4,2-A-12-4-16,2-A-12-4-16,PICK,FALSE,1747
,Ecommerce,2,A,12,4,2-A-12-4-17,2-A-12-4-17,PICK,FALSE,1747
,Ecommerce,2,A,12,4,2-A-12-4-18,2-A-12-4-18,PICK,FALSE,1747
9724,Ecommerce,2,A,12,5,2-A-12-5,2-A-12-5,PICK,FALSE,1748
,Ecommerce,2,A,12,5,2-A-12-5-1,2-A-12-5-1,PICK,FALSE,1748
,Ecommerce,2,A,12,5,2-A-12-5-2,2-A-12-5-2,PICK,FALSE,1748
,Ecommerce,2,A,12,5,2-A-12-5-3,2-A-12-5-3,PICK,FALSE,1748
,Ecommerce,2,A,12,5,2-A-12-5-4,2-A-12-5-4,PICK,FALSE,1748
,Ecommerce,2,A,12,5,2-A-12-5-5,2-A-12-5-5,PICK,FALSE,1748
,Ecommerce,2,A,12,5,2-A-12-5-6,2-A-12-5-6,PICK,FALSE,1748
,Ecommerce,2,A,12,5,2-A-12-5-7,2-A-12-5-7,PICK,FALSE,1748
,Ecommerce,2,A,12,5,2-A-12-5-8,2-A-12-5-8,PICK,FALSE,1748
,Ecommerce,2,A,12,5,2-A-12-5-9,2-A-12-5-9,PICK,FALSE,1748
,Ecommerce,2,A,12,5,2-A-12-5-10,2-A-12-5-10,PICK,FALSE,1748
,Ecommerce,2,A,12,5,2-A-12-5-11,2-A-12-5-11,PICK,FALSE,1748
,Ecommerce,2,A,12,5,2-A-12-5-12,2-A-12-5-12,PICK,FALSE,1748
,Ecommerce,2,A,12,5,2-A-12-5-13,2-A-12-5-13,PICK,FALSE,1748
,Ecommerce,2,A,12,5,2-A-12-5-14,2-A-12-5-14,PICK,FALSE,1748
,Ecommerce,2,A,12,5,2-A-12-5-15,2-A-12-5-15,PICK,FALSE,1748
,Ecommerce,2,A,12,5,2-A-12-5-16,2-A-12-5-16,PICK,FALSE,1748
,Ecommerce,2,A,12,5,2-A-12-5-17,2-A-12-5-17,PICK,FALSE,1748
,Ecommerce,2,A,12,5,2-A-12-5-18,2-A-12-5-18,PICK,FALSE,1748
17855,Ecommerce,2,A,11,2,2-A-11-2-1,2-A-11-2-1,PICK,FALSE,1749
17856,Ecommerce,2,A,11,2,2-A-11-2-2,2-A-11-2-2,PICK,FALSE,1749
17857,Ecommerce,2,A,11,2,2-A-11-2-3,2-A-11-2-3,PICK,FALSE,1749
17858,Ecommerce,2,A,11,2,2-A-11-2-4,2-A-11-2-4,PICK,FALSE,1749
17859,Ecommerce,2,A,11,2,2-A-11-2-5,2-A-11-2-5,PICK,FALSE,1749
17860,Ecommerce,2,A,11,2,2-A-11-2-6,2-A-11-2-6,PICK,FALSE,1749
17861,Ecommerce,2,A,11,2,2-A-11-2-7,2-A-11-2-7,PICK,FALSE,1749
17862,Ecommerce,2,A,11,2,2-A-11-2-8,2-A-11-2-8,PICK,FALSE,1749
17863,Ecommerce,2,A,11,2,2-A-11-2-9,2-A-11-2-9,PICK,FALSE,1749
17864,Ecommerce,2,A,11,2,2-A-11-2-10,2-A-11-2-10,PICK,FALSE,1749
17865,Ecommerce,2,A,11,2,2-A-11-2-11,2-A-11-2-11,PICK,FALSE,1749
17866,Ecommerce,2,A,11,2,2-A-11-2-12,2-A-11-2-12,PICK,FALSE,1749
17867,Ecommerce,2,A,11,2,2-A-11-2-13,2-A-11-2-13,PICK,FALSE,1749
17868,Ecommerce,2,A,11,2,2-A-11-2-14,2-A-11-2-14,PICK,FALSE,1749
17869,Ecommerce,2,A,11,2,2-A-11-2-15,2-A-11-2-15,PICK,FALSE,1749
17870,Ecommerce,2,A,11,2,2-A-11-2-16,2-A-11-2-16,PICK,FALSE,1749
17871,Ecommerce,2,A,11,2,2-A-11-2-17,2-A-11-2-17,PICK,FALSE,1749
17872,Ecommerce,2,A,11,2,2-A-11-2-18,2-A-11-2-18,PICK,FALSE,1749
9723,Ecommerce,2,A,11,2,2-A-11-2,2-A-11-2,PICK,FALSE,1749
9722,Ecommerce,2,A,11,3,2-A-11-3,2-A-11-3,PICK,FALSE,1750
17873,Ecommerce,2,A,11,3,2-A-11-3-1,2-A-11-3-1,PICK,FALSE,1750
17874,Ecommerce,2,A,11,3,2-A-11-3-2,2-A-11-3-2,PICK,FALSE,1750
17875,Ecommerce,2,A,11,3,2-A-11-3-3,2-A-11-3-3,PICK,FALSE,1750
17876,Ecommerce,2,A,11,3,2-A-11-3-4,2-A-11-3-4,PICK,FALSE,1750
17877,Ecommerce,2,A,11,3,2-A-11-3-5,2-A-11-3-5,PICK,FALSE,1750
17878,Ecommerce,2,A,11,3,2-A-11-3-6,2-A-11-3-6,PICK,FALSE,1750
17879,Ecommerce,2,A,11,3,2-A-11-3-7,2-A-11-3-7,PICK,FALSE,1750
17880,Ecommerce,2,A,11,3,2-A-11-3-8,2-A-11-3-8,PICK,FALSE,1750
17881,Ecommerce,2,A,11,3,2-A-11-3-9,2-A-11-3-9,PICK,FALSE,1750
17882,Ecommerce,2,A,11,3,2-A-11-3-10,2-A-11-3-10,PICK,FALSE,1750
17883,Ecommerce,2,A,11,3,2-A-11-3-11,2-A-11-3-11,PICK,FALSE,1750
17884,Ecommerce,2,A,11,3,2-A-11-3-12,2-A-11-3-12,PICK,FALSE,1750
17885,Ecommerce,2,A,11,3,2-A-11-3-13,2-A-11-3-13,PICK,FALSE,1750
17886,Ecommerce,2,A,11,3,2-A-11-3-14,2-A-11-3-14,PICK,FALSE,1750
17887,Ecommerce,2,A,11,3,2-A-11-3-15,2-A-11-3-15,PICK,FALSE,1750
17888,Ecommerce,2,A,11,3,2-A-11-3-16,2-A-11-3-16,PICK,FALSE,1750
17889,Ecommerce,2,A,11,3,2-A-11-3-17,2-A-11-3-17,PICK,FALSE,1750
17890,Ecommerce,2,A,11,3,2-A-11-3-18,2-A-11-3-18,PICK,FALSE,1750
9721,Ecommerce,2,A,11,4,2-A-11-4,2-A-11-4,PICK,FALSE,1751
9720,Ecommerce,2,A,11,5,2-A-11-5,2-A-11-5,PICK,FALSE,1752
17891,Ecommerce,2,A,10,2,2-A-10-2-1,2-A-10-2-1,PICK,FALSE,1753
17892,Ecommerce,2,A,10,2,2-A-10-2-2,2-A-10-2-2,PICK,FALSE,1753
17893,Ecommerce,2,A,10,2,2-A-10-2-3,2-A-10-2-3,PICK,FALSE,1753
17894,Ecommerce,2,A,10,2,2-A-10-2-4,2-A-10-2-4,PICK,FALSE,1753
17895,Ecommerce,2,A,10,2,2-A-10-2-5,2-A-10-2-5,PICK,FALSE,1753
17896,Ecommerce,2,A,10,2,2-A-10-2-6,2-A-10-2-6,PICK,FALSE,1753
17897,Ecommerce,2,A,10,2,2-A-10-2-7,2-A-10-2-7,PICK,FALSE,1753
17898,Ecommerce,2,A,10,2,2-A-10-2-8,2-A-10-2-8,PICK,FALSE,1753
17899,Ecommerce,2,A,10,2,2-A-10-2-9,2-A-10-2-9,PICK,FALSE,1753
17900,Ecommerce,2,A,10,2,2-A-10-2-10,2-A-10-2-10,PICK,FALSE,1753
17901,Ecommerce,2,A,10,2,2-A-10-2-11,2-A-10-2-11,PICK,FALSE,1753
17902,Ecommerce,2,A,10,2,2-A-10-2-12,2-A-10-2-12,PICK,FALSE,1753
17903,Ecommerce,2,A,10,2,2-A-10-2-13,2-A-10-2-13,PICK,FALSE,1753
17904,Ecommerce,2,A,10,2,2-A-10-2-14,2-A-10-2-14,PICK,FALSE,1753
17905,Ecommerce,2,A,10,2,2-A-10-2-15,2-A-10-2-15,PICK,FALSE,1753
17906,Ecommerce,2,A,10,2,2-A-10-2-16,2-A-10-2-16,PICK,FALSE,1753
17907,Ecommerce,2,A,10,2,2-A-10-2-17,2-A-10-2-17,PICK,FALSE,1753
17908,Ecommerce,2,A,10,2,2-A-10-2-18,2-A-10-2-18,PICK,FALSE,1753
9719,Ecommerce,2,A,10,2,2-A-10-2,2-A-10-2,PICK,FALSE,1753
9718,Ecommerce,2,A,10,3,2-A-10-3,2-A-10-3,PICK,FALSE,1754
17909,Ecommerce,2,A,10,3,2-A-10-3-1,2-A-10-3-1,PICK,FALSE,1754
17910,Ecommerce,2,A,10,3,2-A-10-3-2,2-A-10-3-2,PICK,FALSE,1754
17911,Ecommerce,2,A,10,3,2-A-10-3-3,2-A-10-3-3,PICK,FALSE,1754
17912,Ecommerce,2,A,10,3,2-A-10-3-4,2-A-10-3-4,PICK,FALSE,1754
17913,Ecommerce,2,A,10,3,2-A-10-3-5,2-A-10-3-5,PICK,FALSE,1754
17914,Ecommerce,2,A,10,3,2-A-10-3-6,2-A-10-3-6,PICK,FALSE,1754
17915,Ecommerce,2,A,10,3,2-A-10-3-7,2-A-10-3-7,PICK,FALSE,1754
17916,Ecommerce,2,A,10,3,2-A-10-3-8,2-A-10-3-8,PICK,FALSE,1754
17917,Ecommerce,2,A,10,3,2-A-10-3-9,2-A-10-3-9,PICK,FALSE,1754
17918,Ecommerce,2,A,10,3,2-A-10-3-10,2-A-10-3-10,PICK,FALSE,1754
17919,Ecommerce,2,A,10,3,2-A-10-3-11,2-A-10-3-11,PICK,FALSE,1754
17920,Ecommerce,2,A,10,3,2-A-10-3-12,2-A-10-3-12,PICK,FALSE,1754
17921,Ecommerce,2,A,10,3,2-A-10-3-13,2-A-10-3-13,PICK,FALSE,1754
17922,Ecommerce,2,A,10,3,2-A-10-3-14,2-A-10-3-14,PICK,FALSE,1754
17923,Ecommerce,2,A,10,3,2-A-10-3-15,2-A-10-3-15,PICK,FALSE,1754
17924,Ecommerce,2,A,10,3,2-A-10-3-16,2-A-10-3-16,PICK,FALSE,1754
17925,Ecommerce,2,A,10,3,2-A-10-3-17,2-A-10-3-17,PICK,FALSE,1754
17926,Ecommerce,2,A,10,3,2-A-10-3-18,2-A-10-3-18,PICK,FALSE,1754
9717,Ecommerce,2,A,10,4,2-A-10-4,2-A-10-4,PICK,FALSE,1755
9716,Ecommerce,2,A,10,5,2-A-10-5,2-A-10-5,PICK,FALSE,1756
9715,Ecommerce,2,A,9,2,2-A-9-2,2-A-9-2,PICK,FALSE,1757
17927,Ecommerce,2,A,9,2,2-A-9-2-1,2-A-9-2-1,PICK,FALSE,1757
17928,Ecommerce,2,A,9,2,2-A-9-2-2,2-A-9-2-2,PICK,FALSE,1757
17929,Ecommerce,2,A,9,2,2-A-9-2-3,2-A-9-2-3,PICK,FALSE,1757
17930,Ecommerce,2,A,9,2,2-A-9-2-4,2-A-9-2-4,PICK,FALSE,1757
17931,Ecommerce,2,A,9,2,2-A-9-2-5,2-A-9-2-5,PICK,FALSE,1757
17932,Ecommerce,2,A,9,2,2-A-9-2-6,2-A-9-2-6,PICK,FALSE,1757
17933,Ecommerce,2,A,9,2,2-A-9-2-7,2-A-9-2-7,PICK,FALSE,1757
17934,Ecommerce,2,A,9,2,2-A-9-2-8,2-A-9-2-8,PICK,FALSE,1757
17935,Ecommerce,2,A,9,2,2-A-9-2-9,2-A-9-2-9,PICK,FALSE,1757
17936,Ecommerce,2,A,9,2,2-A-9-2-10,2-A-9-2-10,PICK,FALSE,1757
17937,Ecommerce,2,A,9,2,2-A-9-2-11,2-A-9-2-11,PICK,FALSE,1757
17938,Ecommerce,2,A,9,2,2-A-9-2-12,2-A-9-2-12,PICK,FALSE,1757
17939,Ecommerce,2,A,9,2,2-A-9-2-13,2-A-9-2-13,PICK,FALSE,1757
17940,Ecommerce,2,A,9,2,2-A-9-2-14,2-A-9-2-14,PICK,FALSE,1757
17941,Ecommerce,2,A,9,2,2-A-9-2-15,2-A-9-2-15,PICK,FALSE,1757
17942,Ecommerce,2,A,9,2,2-A-9-2-16,2-A-9-2-16,PICK,FALSE,1757
17943,Ecommerce,2,A,9,2,2-A-9-2-17,2-A-9-2-17,PICK,FALSE,1757
17944,Ecommerce,2,A,9,2,2-A-9-2-18,2-A-9-2-18,PICK,FALSE,1757
17945,Ecommerce,2,A,9,3,2-A-9-3-1,2-A-9-3-1,PICK,FALSE,1758
17946,Ecommerce,2,A,9,3,2-A-9-3-2,2-A-9-3-2,PICK,FALSE,1758
17947,Ecommerce,2,A,9,3,2-A-9-3-3,2-A-9-3-3,PICK,FALSE,1758
17948,Ecommerce,2,A,9,3,2-A-9-3-4,2-A-9-3-4,PICK,FALSE,1758
17949,Ecommerce,2,A,9,3,2-A-9-3-5,2-A-9-3-5,PICK,FALSE,1758
17950,Ecommerce,2,A,9,3,2-A-9-3-6,2-A-9-3-6,PICK,FALSE,1758
17951,Ecommerce,2,A,9,3,2-A-9-3-7,2-A-9-3-7,PICK,FALSE,1758
17952,Ecommerce,2,A,9,3,2-A-9-3-8,2-A-9-3-8,PICK,FALSE,1758
17953,Ecommerce,2,A,9,3,2-A-9-3-9,2-A-9-3-9,PICK,FALSE,1758
17954,Ecommerce,2,A,9,3,2-A-9-3-10,2-A-9-3-10,PICK,FALSE,1758
17955,Ecommerce,2,A,9,3,2-A-9-3-11,2-A-9-3-11,PICK,FALSE,1758
17956,Ecommerce,2,A,9,3,2-A-9-3-12,2-A-9-3-12,PICK,FALSE,1758
17957,Ecommerce,2,A,9,3,2-A-9-3-13,2-A-9-3-13,PICK,FALSE,1758
17958,Ecommerce,2,A,9,3,2-A-9-3-14,2-A-9-3-14,PICK,FALSE,1758
17959,Ecommerce,2,A,9,3,2-A-9-3-15,2-A-9-3-15,PICK,FALSE,1758
17960,Ecommerce,2,A,9,3,2-A-9-3-16,2-A-9-3-16,PICK,FALSE,1758
17961,Ecommerce,2,A,9,3,2-A-9-3-17,2-A-9-3-17,PICK,FALSE,1758
17962,Ecommerce,2,A,9,3,2-A-9-3-18,2-A-9-3-18,PICK,FALSE,1758
9714,Ecommerce,2,A,9,3,2-A-9-3,2-A-9-3,PICK,FALSE,1758
9713,Ecommerce,2,A,9,4,2-A-9-4,2-A-9-4,PICK,FALSE,1759
17963,Ecommerce,2,A,9,4,2-A-9-4-1,2-A-9-4-1,PICK,FALSE,1759
17964,Ecommerce,2,A,9,4,2-A-9-4-2,2-A-9-4-2,PICK,FALSE,1759
17965,Ecommerce,2,A,9,4,2-A-9-4-3,2-A-9-4-3,PICK,FALSE,1759
17966,Ecommerce,2,A,9,4,2-A-9-4-4,2-A-9-4-4,PICK,FALSE,1759
17967,Ecommerce,2,A,9,4,2-A-9-4-5,2-A-9-4-5,PICK,FALSE,1759
17968,Ecommerce,2,A,9,4,2-A-9-4-6,2-A-9-4-6,PICK,FALSE,1759
17969,Ecommerce,2,A,9,4,2-A-9-4-7,2-A-9-4-7,PICK,FALSE,1759
17970,Ecommerce,2,A,9,4,2-A-9-4-8,2-A-9-4-8,PICK,FALSE,1759
17971,Ecommerce,2,A,9,4,2-A-9-4-9,2-A-9-4-9,PICK,FALSE,1759
17972,Ecommerce,2,A,9,4,2-A-9-4-10,2-A-9-4-10,PICK,FALSE,1759
17973,Ecommerce,2,A,9,4,2-A-9-4-11,2-A-9-4-11,PICK,FALSE,1759
17974,Ecommerce,2,A,9,4,2-A-9-4-12,2-A-9-4-12,PICK,FALSE,1759
17975,Ecommerce,2,A,9,4,2-A-9-4-13,2-A-9-4-13,PICK,FALSE,1759
17976,Ecommerce,2,A,9,4,2-A-9-4-14,2-A-9-4-14,PICK,FALSE,1759
17977,Ecommerce,2,A,9,4,2-A-9-4-15,2-A-9-4-15,PICK,FALSE,1759
17978,Ecommerce,2,A,9,4,2-A-9-4-16,2-A-9-4-16,PICK,FALSE,1759
17979,Ecommerce,2,A,9,4,2-A-9-4-17,2-A-9-4-17,PICK,FALSE,1759
17980,Ecommerce,2,A,9,4,2-A-9-4-18,2-A-9-4-18,PICK,FALSE,1759
9712,Ecommerce,2,A,9,5,2-A-9-5,2-A-9-5,PICK,FALSE,1760
9711,Ecommerce,2,A,8,2,2-A-8-2,2-A-8-2,PICK,FALSE,1761
,Ecommerce,2,A,8,2,2-A-8-2-1,2-A-8-2-1,PICK,FALSE,1761
,Ecommerce,2,A,8,2,2-A-8-2-2,2-A-8-2-2,PICK,FALSE,1761
,Ecommerce,2,A,8,2,2-A-8-2-3,2-A-8-2-3,PICK,FALSE,1761
,Ecommerce,2,A,8,2,2-A-8-2-4,2-A-8-2-4,PICK,FALSE,1761
,Ecommerce,2,A,8,2,2-A-8-2-5,2-A-8-2-5,PICK,FALSE,1761
,Ecommerce,2,A,8,2,2-A-8-2-6,2-A-8-2-6,PICK,FALSE,1761
,Ecommerce,2,A,8,2,2-A-8-2-7,2-A-8-2-7,PICK,FALSE,1761
,Ecommerce,2,A,8,2,2-A-8-2-8,2-A-8-2-8,PICK,FALSE,1761
,Ecommerce,2,A,8,2,2-A-8-2-9,2-A-8-2-9,PICK,FALSE,1761
,Ecommerce,2,A,8,2,2-A-8-2-10,2-A-8-2-10,PICK,FALSE,1761
,Ecommerce,2,A,8,2,2-A-8-2-11,2-A-8-2-11,PICK,FALSE,1761
,Ecommerce,2,A,8,2,2-A-8-2-12,2-A-8-2-12,PICK,FALSE,1761
,Ecommerce,2,A,8,2,2-A-8-2-13,2-A-8-2-13,PICK,FALSE,1761
,Ecommerce,2,A,8,2,2-A-8-2-14,2-A-8-2-14,PICK,FALSE,1761
,Ecommerce,2,A,8,2,2-A-8-2-15,2-A-8-2-15,PICK,FALSE,1761
,Ecommerce,2,A,8,2,2-A-8-2-16,2-A-8-2-16,PICK,FALSE,1761
,Ecommerce,2,A,8,2,2-A-8-2-17,2-A-8-2-17,PICK,FALSE,1761
,Ecommerce,2,A,8,2,2-A-8-2-18,2-A-8-2-18,PICK,FALSE,1761
9710,Ecommerce,2,A,8,3,2-A-8-3,2-A-8-3,PICK,FALSE,1762
,Ecommerce,2,A,8,3,2-A-8-3-1,2-A-8-3-1,PICK,FALSE,1762
,Ecommerce,2,A,8,3,2-A-8-3-2,2-A-8-3-2,PICK,FALSE,1762
,Ecommerce,2,A,8,3,2-A-8-3-3,2-A-8-3-3,PICK,FALSE,1762
,Ecommerce,2,A,8,3,2-A-8-3-4,2-A-8-3-4,PICK,FALSE,1762
,Ecommerce,2,A,8,3,2-A-8-3-5,2-A-8-3-5,PICK,FALSE,1762
,Ecommerce,2,A,8,3,2-A-8-3-6,2-A-8-3-6,PICK,FALSE,1762
,Ecommerce,2,A,8,3,2-A-8-3-7,2-A-8-3-7,PICK,FALSE,1762
,Ecommerce,2,A,8,3,2-A-8-3-8,2-A-8-3-8,PICK,FALSE,1762
,Ecommerce,2,A,8,3,2-A-8-3-9,2-A-8-3-9,PICK,FALSE,1762
,Ecommerce,2,A,8,3,2-A-8-3-10,2-A-8-3-10,PICK,FALSE,1762
,Ecommerce,2,A,8,3,2-A-8-3-11,2-A-8-3-11,PICK,FALSE,1762
,Ecommerce,2,A,8,3,2-A-8-3-12,2-A-8-3-12,PICK,FALSE,1762
,Ecommerce,2,A,8,3,2-A-8-3-13,2-A-8-3-13,PICK,FALSE,1762
,Ecommerce,2,A,8,3,2-A-8-3-14,2-A-8-3-14,PICK,FALSE,1762
,Ecommerce,2,A,8,3,2-A-8-3-15,2-A-8-3-15,PICK,FALSE,1762
,Ecommerce,2,A,8,3,2-A-8-3-16,2-A-8-3-16,PICK,FALSE,1762
,Ecommerce,2,A,8,3,2-A-8-3-17,2-A-8-3-17,PICK,FALSE,1762
,Ecommerce,2,A,8,3,2-A-8-3-18,2-A-8-3-18,PICK,FALSE,1762
9709,Ecommerce,2,A,8,4,2-A-8-4,2-A-8-4,PICK,FALSE,1763
,Ecommerce,2,A,8,4,2-A-8-4-1,2-A-8-4-1,PICK,FALSE,1763
,Ecommerce,2,A,8,4,2-A-8-4-2,2-A-8-4-2,PICK,FALSE,1763
,Ecommerce,2,A,8,4,2-A-8-4-3,2-A-8-4-3,PICK,FALSE,1763
,Ecommerce,2,A,8,4,2-A-8-4-4,2-A-8-4-4,PICK,FALSE,1763
,Ecommerce,2,A,8,4,2-A-8-4-5,2-A-8-4-5,PICK,FALSE,1763
,Ecommerce,2,A,8,4,2-A-8-4-6,2-A-8-4-6,PICK,FALSE,1763
,Ecommerce,2,A,8,4,2-A-8-4-7,2-A-8-4-7,PICK,FALSE,1763
,Ecommerce,2,A,8,4,2-A-8-4-8,2-A-8-4-8,PICK,FALSE,1763
,Ecommerce,2,A,8,4,2-A-8-4-9,2-A-8-4-9,PICK,FALSE,1763
,Ecommerce,2,A,8,4,2-A-8-4-10,2-A-8-4-10,PICK,FALSE,1763
,Ecommerce,2,A,8,4,2-A-8-4-11,2-A-8-4-11,PICK,FALSE,1763
,Ecommerce,2,A,8,4,2-A-8-4-12,2-A-8-4-12,PICK,FALSE,1763
,Ecommerce,2,A,8,4,2-A-8-4-13,2-A-8-4-13,PICK,FALSE,1763
,Ecommerce,2,A,8,4,2-A-8-4-14,2-A-8-4-14,PICK,FALSE,1763
,Ecommerce,2,A,8,4,2-A-8-4-15,2-A-8-4-15,PICK,FALSE,1763
,Ecommerce,2,A,8,4,2-A-8-4-16,2-A-8-4-16,PICK,FALSE,1763
,Ecommerce,2,A,8,4,2-A-8-4-17,2-A-8-4-17,PICK,FALSE,1763
,Ecommerce,2,A,8,4,2-A-8-4-18,2-A-8-4-18,PICK,FALSE,1763
9708,Ecommerce,2,A,8,5,2-A-8-5,2-A-8-5,PICK,FALSE,1764
17981,Ecommerce,2,A,7,2,2-A-7-2-1,2-A-7-2-1,PICK,FALSE,1765
17982,Ecommerce,2,A,7,2,2-A-7-2-2,2-A-7-2-2,PICK,FALSE,1765
17983,Ecommerce,2,A,7,2,2-A-7-2-3,2-A-7-2-3,PICK,FALSE,1765
17984,Ecommerce,2,A,7,2,2-A-7-2-4,2-A-7-2-4,PICK,FALSE,1765
17985,Ecommerce,2,A,7,2,2-A-7-2-5,2-A-7-2-5,PICK,FALSE,1765
17986,Ecommerce,2,A,7,2,2-A-7-2-6,2-A-7-2-6,PICK,FALSE,1765
17987,Ecommerce,2,A,7,2,2-A-7-2-7,2-A-7-2-7,PICK,FALSE,1765
17988,Ecommerce,2,A,7,2,2-A-7-2-8,2-A-7-2-8,PICK,FALSE,1765
17989,Ecommerce,2,A,7,2,2-A-7-2-9,2-A-7-2-9,PICK,FALSE,1765
17990,Ecommerce,2,A,7,2,2-A-7-2-10,2-A-7-2-10,PICK,FALSE,1765
17991,Ecommerce,2,A,7,2,2-A-7-2-11,2-A-7-2-11,PICK,FALSE,1765
17992,Ecommerce,2,A,7,2,2-A-7-2-12,2-A-7-2-12,PICK,FALSE,1765
17993,Ecommerce,2,A,7,2,2-A-7-2-13,2-A-7-2-13,PICK,FALSE,1765
17994,Ecommerce,2,A,7,2,2-A-7-2-14,2-A-7-2-14,PICK,FALSE,1765
17995,Ecommerce,2,A,7,2,2-A-7-2-15,2-A-7-2-15,PICK,FALSE,1765
17996,Ecommerce,2,A,7,2,2-A-7-2-16,2-A-7-2-16,PICK,FALSE,1765
17997,Ecommerce,2,A,7,2,2-A-7-2-17,2-A-7-2-17,PICK,FALSE,1765
17998,Ecommerce,2,A,7,2,2-A-7-2-18,2-A-7-2-18,PICK,FALSE,1765
9707,Ecommerce,2,A,7,2,2-A-7-2,2-A-7-2,PICK,FALSE,1765
9706,Ecommerce,2,A,7,3,2-A-7-3,2-A-7-3,PICK,FALSE,1766
17999,Ecommerce,2,A,7,3,2-A-7-3-1,2-A-7-3-1,PICK,FALSE,1766
18000,Ecommerce,2,A,7,3,2-A-7-3-2,2-A-7-3-2,PICK,FALSE,1766
18001,Ecommerce,2,A,7,3,2-A-7-3-3,2-A-7-3-3,PICK,FALSE,1766
18002,Ecommerce,2,A,7,3,2-A-7-3-4,2-A-7-3-4,PICK,FALSE,1766
18003,Ecommerce,2,A,7,3,2-A-7-3-5,2-A-7-3-5,PICK,FALSE,1766
18004,Ecommerce,2,A,7,3,2-A-7-3-6,2-A-7-3-6,PICK,FALSE,1766
18005,Ecommerce,2,A,7,3,2-A-7-3-7,2-A-7-3-7,PICK,FALSE,1766
18006,Ecommerce,2,A,7,3,2-A-7-3-8,2-A-7-3-8,PICK,FALSE,1766
18007,Ecommerce,2,A,7,3,2-A-7-3-9,2-A-7-3-9,PICK,FALSE,1766
18008,Ecommerce,2,A,7,3,2-A-7-3-10,2-A-7-3-10,PICK,FALSE,1766
18009,Ecommerce,2,A,7,3,2-A-7-3-11,2-A-7-3-11,PICK,FALSE,1766
18010,Ecommerce,2,A,7,3,2-A-7-3-12,2-A-7-3-12,PICK,FALSE,1766
18011,Ecommerce,2,A,7,3,2-A-7-3-13,2-A-7-3-13,PICK,FALSE,1766
18012,Ecommerce,2,A,7,3,2-A-7-3-14,2-A-7-3-14,PICK,FALSE,1766
18013,Ecommerce,2,A,7,3,2-A-7-3-15,2-A-7-3-15,PICK,FALSE,1766
18014,Ecommerce,2,A,7,3,2-A-7-3-16,2-A-7-3-16,PICK,FALSE,1766
18015,Ecommerce,2,A,7,3,2-A-7-3-17,2-A-7-3-17,PICK,FALSE,1766
18016,Ecommerce,2,A,7,3,2-A-7-3-18,2-A-7-3-18,PICK,FALSE,1766
9705,Ecommerce,2,A,7,4,2-A-7-4,2-A-7-4,PICK,FALSE,1767
9704,Ecommerce,2,A,7,5,2-A-7-5,2-A-7-5,PICK,FALSE,1768
9703,Ecommerce,2,A,6,2,2-A-6-2,2-A-6-2,PICK,FALSE,1769
,Ecommerce,2,A,6,2,2-A-6-2-1,2-A-6-2-1,PICK,FALSE,1769
,Ecommerce,2,A,6,2,2-A-6-2-2,2-A-6-2-2,PICK,FALSE,1769
,Ecommerce,2,A,6,2,2-A-6-2-3,2-A-6-2-3,PICK,FALSE,1769
,Ecommerce,2,A,6,2,2-A-6-2-4,2-A-6-2-4,PICK,FALSE,1769
,Ecommerce,2,A,6,2,2-A-6-2-5,2-A-6-2-5,PICK,FALSE,1769
,Ecommerce,2,A,6,2,2-A-6-2-6,2-A-6-2-6,PICK,FALSE,1769
,Ecommerce,2,A,6,2,2-A-6-2-7,2-A-6-2-7,PICK,FALSE,1769
,Ecommerce,2,A,6,2,2-A-6-2-8,2-A-6-2-8,PICK,FALSE,1769
,Ecommerce,2,A,6,2,2-A-6-2-9,2-A-6-2-9,PICK,FALSE,1769
,Ecommerce,2,A,6,2,2-A-6-2-10,2-A-6-2-10,PICK,FALSE,1769
,Ecommerce,2,A,6,2,2-A-6-2-11,2-A-6-2-11,PICK,FALSE,1769
,Ecommerce,2,A,6,2,2-A-6-2-12,2-A-6-2-12,PICK,FALSE,1769
,Ecommerce,2,A,6,2,2-A-6-2-13,2-A-6-2-13,PICK,FALSE,1769
,Ecommerce,2,A,6,2,2-A-6-2-14,2-A-6-2-14,PICK,FALSE,1769
,Ecommerce,2,A,6,2,2-A-6-2-15,2-A-6-2-15,PICK,FALSE,1769
,Ecommerce,2,A,6,2,2-A-6-2-16,2-A-6-2-16,PICK,FALSE,1769
,Ecommerce,2,A,6,2,2-A-6-2-17,2-A-6-2-17,PICK,FALSE,1769
,Ecommerce,2,A,6,2,2-A-6-2-18,2-A-6-2-18,PICK,FALSE,1769
9702,Ecommerce,2,A,6,3,2-A-6-3,2-A-6-3,PICK,FALSE,1770
,Ecommerce,2,A,6,3,2-A-6-3-1,2-A-6-3-1,PICK,FALSE,1770
,Ecommerce,2,A,6,3,2-A-6-3-2,2-A-6-3-2,PICK,FALSE,1770
,Ecommerce,2,A,6,3,2-A-6-3-3,2-A-6-3-3,PICK,FALSE,1770
,Ecommerce,2,A,6,3,2-A-6-3-4,2-A-6-3-4,PICK,FALSE,1770
,Ecommerce,2,A,6,3,2-A-6-3-5,2-A-6-3-5,PICK,FALSE,1770
,Ecommerce,2,A,6,3,2-A-6-3-6,2-A-6-3-6,PICK,FALSE,1770
,Ecommerce,2,A,6,3,2-A-6-3-7,2-A-6-3-7,PICK,FALSE,1770
,Ecommerce,2,A,6,3,2-A-6-3-8,2-A-6-3-8,PICK,FALSE,1770
,Ecommerce,2,A,6,3,2-A-6-3-9,2-A-6-3-9,PICK,FALSE,1770
,Ecommerce,2,A,6,3,2-A-6-3-10,2-A-6-3-10,PICK,FALSE,1770
,Ecommerce,2,A,6,3,2-A-6-3-11,2-A-6-3-11,PICK,FALSE,1770
,Ecommerce,2,A,6,3,2-A-6-3-12,2-A-6-3-12,PICK,FALSE,1770
,Ecommerce,2,A,6,3,2-A-6-3-13,2-A-6-3-13,PICK,FALSE,1770
,Ecommerce,2,A,6,3,2-A-6-3-14,2-A-6-3-14,PICK,FALSE,1770
,Ecommerce,2,A,6,3,2-A-6-3-15,2-A-6-3-15,PICK,FALSE,1770
,Ecommerce,2,A,6,3,2-A-6-3-16,2-A-6-3-16,PICK,FALSE,1770
,Ecommerce,2,A,6,3,2-A-6-3-17,2-A-6-3-17,PICK,FALSE,1770
,Ecommerce,2,A,6,3,2-A-6-3-18,2-A-6-3-18,PICK,FALSE,1770
9701,Ecommerce,2,A,6,4,2-A-6-4,2-A-6-4,PICK,FALSE,1771
,Ecommerce,2,A,6,4,2-A-6-4-1,2-A-6-4-1,PICK,FALSE,1771
,Ecommerce,2,A,6,4,2-A-6-4-2,2-A-6-4-2,PICK,FALSE,1771
,Ecommerce,2,A,6,4,2-A-6-4-3,2-A-6-4-3,PICK,FALSE,1771
,Ecommerce,2,A,6,4,2-A-6-4-4,2-A-6-4-4,PICK,FALSE,1771
,Ecommerce,2,A,6,4,2-A-6-4-5,2-A-6-4-5,PICK,FALSE,1771
,Ecommerce,2,A,6,4,2-A-6-4-6,2-A-6-4-6,PICK,FALSE,1771
,Ecommerce,2,A,6,4,2-A-6-4-7,2-A-6-4-7,PICK,FALSE,1771
,Ecommerce,2,A,6,4,2-A-6-4-8,2-A-6-4-8,PICK,FALSE,1771
,Ecommerce,2,A,6,4,2-A-6-4-9,2-A-6-4-9,PICK,FALSE,1771
,Ecommerce,2,A,6,4,2-A-6-4-10,2-A-6-4-10,PICK,FALSE,1771
,Ecommerce,2,A,6,4,2-A-6-4-11,2-A-6-4-11,PICK,FALSE,1771
,Ecommerce,2,A,6,4,2-A-6-4-12,2-A-6-4-12,PICK,FALSE,1771
,Ecommerce,2,A,6,4,2-A-6-4-13,2-A-6-4-13,PICK,FALSE,1771
,Ecommerce,2,A,6,4,2-A-6-4-14,2-A-6-4-14,PICK,FALSE,1771
,Ecommerce,2,A,6,4,2-A-6-4-15,2-A-6-4-15,PICK,FALSE,1771
,Ecommerce,2,A,6,4,2-A-6-4-16,2-A-6-4-16,PICK,FALSE,1771
,Ecommerce,2,A,6,4,2-A-6-4-17,2-A-6-4-17,PICK,FALSE,1771
,Ecommerce,2,A,6,4,2-A-6-4-18,2-A-6-4-18,PICK,FALSE,1771
9700,Ecommerce,2,A,6,5,2-A-6-5,2-A-6-5,PICK,FALSE,1772
9699,Ecommerce,2,A,5,2,2-A-5-2,2-A-5-2,PICK,FALSE,1773
,Ecommerce,2,A,5,2,2-A-5-2-1,2-A-5-2-1,PICK,FALSE,1773
,Ecommerce,2,A,5,2,2-A-5-2-2,2-A-5-2-2,PICK,FALSE,1773
,Ecommerce,2,A,5,2,2-A-5-2-3,2-A-5-2-3,PICK,FALSE,1773
,Ecommerce,2,A,5,2,2-A-5-2-4,2-A-5-2-4,PICK,FALSE,1773
,Ecommerce,2,A,5,2,2-A-5-2-5,2-A-5-2-5,PICK,FALSE,1773
,Ecommerce,2,A,5,2,2-A-5-2-6,2-A-5-2-6,PICK,FALSE,1773
,Ecommerce,2,A,5,2,2-A-5-2-7,2-A-5-2-7,PICK,FALSE,1773
,Ecommerce,2,A,5,2,2-A-5-2-8,2-A-5-2-8,PICK,FALSE,1773
,Ecommerce,2,A,5,2,2-A-5-2-9,2-A-5-2-9,PICK,FALSE,1773
,Ecommerce,2,A,5,2,2-A-5-2-10,2-A-5-2-10,PICK,FALSE,1773
,Ecommerce,2,A,5,2,2-A-5-2-11,2-A-5-2-11,PICK,FALSE,1773
,Ecommerce,2,A,5,2,2-A-5-2-12,2-A-5-2-12,PICK,FALSE,1773
,Ecommerce,2,A,5,2,2-A-5-2-13,2-A-5-2-13,PICK,FALSE,1773
,Ecommerce,2,A,5,2,2-A-5-2-14,2-A-5-2-14,PICK,FALSE,1773
,Ecommerce,2,A,5,2,2-A-5-2-15,2-A-5-2-15,PICK,FALSE,1773
,Ecommerce,2,A,5,2,2-A-5-2-16,2-A-5-2-16,PICK,FALSE,1773
,Ecommerce,2,A,5,2,2-A-5-2-17,2-A-5-2-17,PICK,FALSE,1773
,Ecommerce,2,A,5,2,2-A-5-2-18,2-A-5-2-18,PICK,FALSE,1773
9698,Ecommerce,2,A,5,3,2-A-5-3,2-A-5-3,PICK,FALSE,1774
,Ecommerce,2,A,5,3,2-A-5-3-1,2-A-5-3-1,PICK,FALSE,1774
,Ecommerce,2,A,5,3,2-A-5-3-2,2-A-5-3-2,PICK,FALSE,1774
,Ecommerce,2,A,5,3,2-A-5-3-3,2-A-5-3-3,PICK,FALSE,1774
,Ecommerce,2,A,5,3,2-A-5-3-4,2-A-5-3-4,PICK,FALSE,1774
,Ecommerce,2,A,5,3,2-A-5-3-5,2-A-5-3-5,PICK,FALSE,1774
,Ecommerce,2,A,5,3,2-A-5-3-6,2-A-5-3-6,PICK,FALSE,1774
,Ecommerce,2,A,5,3,2-A-5-3-7,2-A-5-3-7,PICK,FALSE,1774
,Ecommerce,2,A,5,3,2-A-5-3-8,2-A-5-3-8,PICK,FALSE,1774
,Ecommerce,2,A,5,3,2-A-5-3-9,2-A-5-3-9,PICK,FALSE,1774
,Ecommerce,2,A,5,3,2-A-5-3-10,2-A-5-3-10,PICK,FALSE,1774
,Ecommerce,2,A,5,3,2-A-5-3-11,2-A-5-3-11,PICK,FALSE,1774
,Ecommerce,2,A,5,3,2-A-5-3-12,2-A-5-3-12,PICK,FALSE,1774
,Ecommerce,2,A,5,3,2-A-5-3-13,2-A-5-3-13,PICK,FALSE,1774
,Ecommerce,2,A,5,3,2-A-5-3-14,2-A-5-3-14,PICK,FALSE,1774
,Ecommerce,2,A,5,3,2-A-5-3-15,2-A-5-3-15,PICK,FALSE,1774
,Ecommerce,2,A,5,3,2-A-5-3-16,2-A-5-3-16,PICK,FALSE,1774
,Ecommerce,2,A,5,3,2-A-5-3-17,2-A-5-3-17,PICK,FALSE,1774
,Ecommerce,2,A,5,3,2-A-5-3-18,2-A-5-3-18,PICK,FALSE,1774
9697,Ecommerce,2,A,5,4,2-A-5-4,2-A-5-4,PICK,FALSE,1775
,Ecommerce,2,A,5,4,2-A-5-4-1,2-A-5-4-1,PICK,FALSE,1775
,Ecommerce,2,A,5,4,2-A-5-4-2,2-A-5-4-2,PICK,FALSE,1775
,Ecommerce,2,A,5,4,2-A-5-4-3,2-A-5-4-3,PICK,FALSE,1775
,Ecommerce,2,A,5,4,2-A-5-4-4,2-A-5-4-4,PICK,FALSE,1775
,Ecommerce,2,A,5,4,2-A-5-4-5,2-A-5-4-5,PICK,FALSE,1775
,Ecommerce,2,A,5,4,2-A-5-4-6,2-A-5-4-6,PICK,FALSE,1775
,Ecommerce,2,A,5,4,2-A-5-4-7,2-A-5-4-7,PICK,FALSE,1775
,Ecommerce,2,A,5,4,2-A-5-4-8,2-A-5-4-8,PICK,FALSE,1775
,Ecommerce,2,A,5,4,2-A-5-4-9,2-A-5-4-9,PICK,FALSE,1775
,Ecommerce,2,A,5,4,2-A-5-4-10,2-A-5-4-10,PICK,FALSE,1775
,Ecommerce,2,A,5,4,2-A-5-4-11,2-A-5-4-11,PICK,FALSE,1775
,Ecommerce,2,A,5,4,2-A-5-4-12,2-A-5-4-12,PICK,FALSE,1775
,Ecommerce,2,A,5,4,2-A-5-4-13,2-A-5-4-13,PICK,FALSE,1775
,Ecommerce,2,A,5,4,2-A-5-4-14,2-A-5-4-14,PICK,FALSE,1775
,Ecommerce,2,A,5,4,2-A-5-4-15,2-A-5-4-15,PICK,FALSE,1775
,Ecommerce,2,A,5,4,2-A-5-4-16,2-A-5-4-16,PICK,FALSE,1775
,Ecommerce,2,A,5,4,2-A-5-4-17,2-A-5-4-17,PICK,FALSE,1775
,Ecommerce,2,A,5,4,2-A-5-4-18,2-A-5-4-18,PICK,FALSE,1775
9696,Ecommerce,2,A,5,5,2-A-5-5,2-A-5-5,PICK,FALSE,1776
,Ecommerce,2,A,5,5,2-A-5-5-1,2-A-5-5-1,PICK,FALSE,1776
,Ecommerce,2,A,5,5,2-A-5-5-2,2-A-5-5-2,PICK,FALSE,1776
,Ecommerce,2,A,5,5,2-A-5-5-3,2-A-5-5-3,PICK,FALSE,1776
,Ecommerce,2,A,5,5,2-A-5-5-4,2-A-5-5-4,PICK,FALSE,1776
,Ecommerce,2,A,5,5,2-A-5-5-5,2-A-5-5-5,PICK,FALSE,1776
,Ecommerce,2,A,5,5,2-A-5-5-6,2-A-5-5-6,PICK,FALSE,1776
,Ecommerce,2,A,5,5,2-A-5-5-7,2-A-5-5-7,PICK,FALSE,1776
,Ecommerce,2,A,5,5,2-A-5-5-8,2-A-5-5-8,PICK,FALSE,1776
,Ecommerce,2,A,5,5,2-A-5-5-9,2-A-5-5-9,PICK,FALSE,1776
,Ecommerce,2,A,5,5,2-A-5-5-10,2-A-5-5-10,PICK,FALSE,1776
,Ecommerce,2,A,5,5,2-A-5-5-11,2-A-5-5-11,PICK,FALSE,1776
,Ecommerce,2,A,5,5,2-A-5-5-12,2-A-5-5-12,PICK,FALSE,1776
,Ecommerce,2,A,5,5,2-A-5-5-13,2-A-5-5-13,PICK,FALSE,1776
,Ecommerce,2,A,5,5,2-A-5-5-14,2-A-5-5-14,PICK,FALSE,1776
,Ecommerce,2,A,5,5,2-A-5-5-15,2-A-5-5-15,PICK,FALSE,1776
,Ecommerce,2,A,5,5,2-A-5-5-16,2-A-5-5-16,PICK,FALSE,1776
,Ecommerce,2,A,5,5,2-A-5-5-17,2-A-5-5-17,PICK,FALSE,1776
,Ecommerce,2,A,5,5,2-A-5-5-18,2-A-5-5-18,PICK,FALSE,1776
9695,Ecommerce,2,A,4,2,2-A-4-2,2-A-4-2,PICK,FALSE,1777
,Ecommerce,2,A,4,2,2-A-4-2-1,2-A-4-2-1,PICK,FALSE,1777
,Ecommerce,2,A,4,2,2-A-4-2-2,2-A-4-2-2,PICK,FALSE,1777
,Ecommerce,2,A,4,2,2-A-4-2-3,2-A-4-2-3,PICK,FALSE,1777
,Ecommerce,2,A,4,2,2-A-4-2-4,2-A-4-2-4,PICK,FALSE,1777
,Ecommerce,2,A,4,2,2-A-4-2-5,2-A-4-2-5,PICK,FALSE,1777
,Ecommerce,2,A,4,2,2-A-4-2-6,2-A-4-2-6,PICK,FALSE,1777
,Ecommerce,2,A,4,2,2-A-4-2-7,2-A-4-2-7,PICK,FALSE,1777
,Ecommerce,2,A,4,2,2-A-4-2-8,2-A-4-2-8,PICK,FALSE,1777
,Ecommerce,2,A,4,2,2-A-4-2-9,2-A-4-2-9,PICK,FALSE,1777
,Ecommerce,2,A,4,2,2-A-4-2-10,2-A-4-2-10,PICK,FALSE,1777
,Ecommerce,2,A,4,2,2-A-4-2-11,2-A-4-2-11,PICK,FALSE,1777
,Ecommerce,2,A,4,2,2-A-4-2-12,2-A-4-2-12,PICK,FALSE,1777
,Ecommerce,2,A,4,2,2-A-4-2-13,2-A-4-2-13,PICK,FALSE,1777
,Ecommerce,2,A,4,2,2-A-4-2-14,2-A-4-2-14,PICK,FALSE,1777
,Ecommerce,2,A,4,2,2-A-4-2-15,2-A-4-2-15,PICK,FALSE,1777
,Ecommerce,2,A,4,2,2-A-4-2-16,2-A-4-2-16,PICK,FALSE,1777
,Ecommerce,2,A,4,2,2-A-4-2-17,2-A-4-2-17,PICK,FALSE,1777
,Ecommerce,2,A,4,2,2-A-4-2-18,2-A-4-2-18,PICK,FALSE,1777
9694,Ecommerce,2,A,4,3,2-A-4-3,2-A-4-3,PICK,FALSE,1778
,Ecommerce,2,A,4,3,2-A-4-3-1,2-A-4-3-1,PICK,FALSE,1778
,Ecommerce,2,A,4,3,2-A-4-3-2,2-A-4-3-2,PICK,FALSE,1778
,Ecommerce,2,A,4,3,2-A-4-3-3,2-A-4-3-3,PICK,FALSE,1778
,Ecommerce,2,A,4,3,2-A-4-3-4,2-A-4-3-4,PICK,FALSE,1778
,Ecommerce,2,A,4,3,2-A-4-3-5,2-A-4-3-5,PICK,FALSE,1778
,Ecommerce,2,A,4,3,2-A-4-3-6,2-A-4-3-6,PICK,FALSE,1778
,Ecommerce,2,A,4,3,2-A-4-3-7,2-A-4-3-7,PICK,FALSE,1778
,Ecommerce,2,A,4,3,2-A-4-3-8,2-A-4-3-8,PICK,FALSE,1778
,Ecommerce,2,A,4,3,2-A-4-3-9,2-A-4-3-9,PICK,FALSE,1778
,Ecommerce,2,A,4,3,2-A-4-3-10,2-A-4-3-10,PICK,FALSE,1778
,Ecommerce,2,A,4,3,2-A-4-3-11,2-A-4-3-11,PICK,FALSE,1778
,Ecommerce,2,A,4,3,2-A-4-3-12,2-A-4-3-12,PICK,FALSE,1778
,Ecommerce,2,A,4,3,2-A-4-3-13,2-A-4-3-13,PICK,FALSE,1778
,Ecommerce,2,A,4,3,2-A-4-3-14,2-A-4-3-14,PICK,FALSE,1778
,Ecommerce,2,A,4,3,2-A-4-3-15,2-A-4-3-15,PICK,FALSE,1778
,Ecommerce,2,A,4,3,2-A-4-3-16,2-A-4-3-16,PICK,FALSE,1778
,Ecommerce,2,A,4,3,2-A-4-3-17,2-A-4-3-17,PICK,FALSE,1778
,Ecommerce,2,A,4,3,2-A-4-3-18,2-A-4-3-18,PICK,FALSE,1778
9693,Ecommerce,2,A,4,4,2-A-4-4,2-A-4-4,PICK,FALSE,1779
,Ecommerce,2,A,4,4,2-A-4-4-1,2-A-4-4-1,PICK,FALSE,1779
,Ecommerce,2,A,4,4,2-A-4-4-2,2-A-4-4-2,PICK,FALSE,1779
,Ecommerce,2,A,4,4,2-A-4-4-3,2-A-4-4-3,PICK,FALSE,1779
,Ecommerce,2,A,4,4,2-A-4-4-4,2-A-4-4-4,PICK,FALSE,1779
,Ecommerce,2,A,4,4,2-A-4-4-5,2-A-4-4-5,PICK,FALSE,1779
,Ecommerce,2,A,4,4,2-A-4-4-6,2-A-4-4-6,PICK,FALSE,1779
,Ecommerce,2,A,4,4,2-A-4-4-7,2-A-4-4-7,PICK,FALSE,1779
,Ecommerce,2,A,4,4,2-A-4-4-8,2-A-4-4-8,PICK,FALSE,1779
,Ecommerce,2,A,4,4,2-A-4-4-9,2-A-4-4-9,PICK,FALSE,1779
,Ecommerce,2,A,4,4,2-A-4-4-10,2-A-4-4-10,PICK,FALSE,1779
,Ecommerce,2,A,4,4,2-A-4-4-11,2-A-4-4-11,PICK,FALSE,1779
,Ecommerce,2,A,4,4,2-A-4-4-12,2-A-4-4-12,PICK,FALSE,1779
,Ecommerce,2,A,4,4,2-A-4-4-13,2-A-4-4-13,PICK,FALSE,1779
,Ecommerce,2,A,4,4,2-A-4-4-14,2-A-4-4-14,PICK,FALSE,1779
,Ecommerce,2,A,4,4,2-A-4-4-15,2-A-4-4-15,PICK,FALSE,1779
,Ecommerce,2,A,4,4,2-A-4-4-16,2-A-4-4-16,PICK,FALSE,1779
,Ecommerce,2,A,4,4,2-A-4-4-17,2-A-4-4-17,PICK,FALSE,1779
,Ecommerce,2,A,4,4,2-A-4-4-18,2-A-4-4-18,PICK,FALSE,1779
9692,Ecommerce,2,A,4,5,2-A-4-5,2-A-4-5,PICK,FALSE,1780
9691,Ecommerce,2,A,3,2,2-A-3-2,2-A-3-2,PICK,FALSE,1781
,Ecommerce,2,A,3,2,2-A-3-2-1,2-A-3-2-1,PICK,FALSE,1781
,Ecommerce,2,A,3,2,2-A-3-2-2,2-A-3-2-2,PICK,FALSE,1781
,Ecommerce,2,A,3,2,2-A-3-2-3,2-A-3-2-3,PICK,FALSE,1781
,Ecommerce,2,A,3,2,2-A-3-2-4,2-A-3-2-4,PICK,FALSE,1781
,Ecommerce,2,A,3,2,2-A-3-2-5,2-A-3-2-5,PICK,FALSE,1781
,Ecommerce,2,A,3,2,2-A-3-2-6,2-A-3-2-6,PICK,FALSE,1781
,Ecommerce,2,A,3,2,2-A-3-2-7,2-A-3-2-7,PICK,FALSE,1781
,Ecommerce,2,A,3,2,2-A-3-2-8,2-A-3-2-8,PICK,FALSE,1781
,Ecommerce,2,A,3,2,2-A-3-2-9,2-A-3-2-9,PICK,FALSE,1781
,Ecommerce,2,A,3,2,2-A-3-2-10,2-A-3-2-10,PICK,FALSE,1781
,Ecommerce,2,A,3,2,2-A-3-2-11,2-A-3-2-11,PICK,FALSE,1781
,Ecommerce,2,A,3,2,2-A-3-2-12,2-A-3-2-12,PICK,FALSE,1781
,Ecommerce,2,A,3,2,2-A-3-2-13,2-A-3-2-13,PICK,FALSE,1781
,Ecommerce,2,A,3,2,2-A-3-2-14,2-A-3-2-14,PICK,FALSE,1781
,Ecommerce,2,A,3,2,2-A-3-2-15,2-A-3-2-15,PICK,FALSE,1781
,Ecommerce,2,A,3,2,2-A-3-2-16,2-A-3-2-16,PICK,FALSE,1781
,Ecommerce,2,A,3,2,2-A-3-2-17,2-A-3-2-17,PICK,FALSE,1781
,Ecommerce,2,A,3,2,2-A-3-2-18,2-A-3-2-18,PICK,FALSE,1781
9690,Ecommerce,2,A,3,3,2-A-3-3,2-A-3-3,PICK,FALSE,1782
,Ecommerce,2,A,3,3,2-A-3-3-1,2-A-3-3-1,PICK,FALSE,1782
,Ecommerce,2,A,3,3,2-A-3-3-2,2-A-3-3-2,PICK,FALSE,1782
,Ecommerce,2,A,3,3,2-A-3-3-3,2-A-3-3-3,PICK,FALSE,1782
,Ecommerce,2,A,3,3,2-A-3-3-4,2-A-3-3-4,PICK,FALSE,1782
,Ecommerce,2,A,3,3,2-A-3-3-5,2-A-3-3-5,PICK,FALSE,1782
,Ecommerce,2,A,3,3,2-A-3-3-6,2-A-3-3-6,PICK,FALSE,1782
,Ecommerce,2,A,3,3,2-A-3-3-7,2-A-3-3-7,PICK,FALSE,1782
,Ecommerce,2,A,3,3,2-A-3-3-8,2-A-3-3-8,PICK,FALSE,1782
,Ecommerce,2,A,3,3,2-A-3-3-9,2-A-3-3-9,PICK,FALSE,1782
,Ecommerce,2,A,3,3,2-A-3-3-10,2-A-3-3-10,PICK,FALSE,1782
,Ecommerce,2,A,3,3,2-A-3-3-11,2-A-3-3-11,PICK,FALSE,1782
,Ecommerce,2,A,3,3,2-A-3-3-12,2-A-3-3-12,PICK,FALSE,1782
,Ecommerce,2,A,3,3,2-A-3-3-13,2-A-3-3-13,PICK,FALSE,1782
,Ecommerce,2,A,3,3,2-A-3-3-14,2-A-3-3-14,PICK,FALSE,1782
,Ecommerce,2,A,3,3,2-A-3-3-15,2-A-3-3-15,PICK,FALSE,1782
,Ecommerce,2,A,3,3,2-A-3-3-16,2-A-3-3-16,PICK,FALSE,1782
,Ecommerce,2,A,3,3,2-A-3-3-17,2-A-3-3-17,PICK,FALSE,1782
,Ecommerce,2,A,3,3,2-A-3-3-18,2-A-3-3-18,PICK,FALSE,1782
9689,Ecommerce,2,A,3,4,2-A-3-4,2-A-3-4,PICK,FALSE,1783
,Ecommerce,2,A,3,4,2-A-3-4-1,2-A-3-4-1,PICK,FALSE,1783
,Ecommerce,2,A,3,4,2-A-3-4-2,2-A-3-4-2,PICK,FALSE,1783
,Ecommerce,2,A,3,4,2-A-3-4-3,2-A-3-4-3,PICK,FALSE,1783
,Ecommerce,2,A,3,4,2-A-3-4-4,2-A-3-4-4,PICK,FALSE,1783
,Ecommerce,2,A,3,4,2-A-3-4-5,2-A-3-4-5,PICK,FALSE,1783
,Ecommerce,2,A,3,4,2-A-3-4-6,2-A-3-4-6,PICK,FALSE,1783
,Ecommerce,2,A,3,4,2-A-3-4-7,2-A-3-4-7,PICK,FALSE,1783
,Ecommerce,2,A,3,4,2-A-3-4-8,2-A-3-4-8,PICK,FALSE,1783
,Ecommerce,2,A,3,4,2-A-3-4-9,2-A-3-4-9,PICK,FALSE,1783
,Ecommerce,2,A,3,4,2-A-3-4-10,2-A-3-4-10,PICK,FALSE,1783
,Ecommerce,2,A,3,4,2-A-3-4-11,2-A-3-4-11,PICK,FALSE,1783
,Ecommerce,2,A,3,4,2-A-3-4-12,2-A-3-4-12,PICK,FALSE,1783
,Ecommerce,2,A,3,4,2-A-3-4-13,2-A-3-4-13,PICK,FALSE,1783
,Ecommerce,2,A,3,4,2-A-3-4-14,2-A-3-4-14,PICK,FALSE,1783
,Ecommerce,2,A,3,4,2-A-3-4-15,2-A-3-4-15,PICK,FALSE,1783
,Ecommerce,2,A,3,4,2-A-3-4-16,2-A-3-4-16,PICK,FALSE,1783
,Ecommerce,2,A,3,4,2-A-3-4-17,2-A-3-4-17,PICK,FALSE,1783
,Ecommerce,2,A,3,4,2-A-3-4-18,2-A-3-4-18,PICK,FALSE,1783
9688,Ecommerce,2,A,3,5,2-A-3-5,2-A-3-5,PICK,FALSE,1784
9687,Ecommerce,2,A,2,2,2-A-2-2,2-A-2-2,PICK,FALSE,1785
9686,Ecommerce,2,A,2,3,2-A-2-3,2-A-2-3,PICK,FALSE,1786
9685,Ecommerce,2,A,2,4,2-A-2-4,2-A-2-4,PICK,FALSE,1787
9684,Ecommerce,2,A,2,5,2-A-2-5,2-A-2-5,PICK,FALSE,1788
9683,Ecommerce,2,A,1,2,2-A-1-2,2-A-1-2,PICK,FALSE,1789
9682,Ecommerce,2,A,1,3,2-A-1-3,2-A-1-3,PICK,FALSE,1790
9681,Ecommerce,2,A,1,4,2-A-1-4,2-A-1-4,PICK,FALSE,1791
9680,Ecommerce,2,A,1,5,2-A-1-5,2-A-1-5,PICK,FALSE,1792